[27Nov2025 12:50:07.409] [main/INFO] [cpw.mods.modlauncher.Launcher/MODLAUNCHER]: ModLauncher running: args [--username=james090500, --launchTarget, forgeclientuserdev, --version, 20.3.8-beta, --assetIndex, asset-index, --assetsDir, C:\Users\james\.gradle\caches\minecraft\assets, --gameDir, ., --fml.neoForgeVersion, 20.3.8-beta, --fml.fmlVersion, 1.0.16, --fml.mcVersion, 1.20.3, --fml.neoFormVersion, 20231205.165107, --mixin.config, minecraftcapes.mixins.json]
[27Nov2025 12:50:07.415] [main/INFO] [cpw.mods.modlauncher.Launcher/MODLAUNCHER]: ModLauncher 10.0.9+10.0.9+main.dcd20f30 starting: java version 17.0.16 by Eclipse Adoptium; OS Windows 11 arch amd64 version 10.0
[27Nov2025 12:50:07.605] [main/INFO] [net.neoforged.fml.loading.ImmediateWindowHandler/]: Loading ImmediateWindowProvider fmlearlywindow
[27Nov2025 12:50:07.728] [main/INFO] [EARLYDISPLAY/]: Trying GL version 4.6
[27Nov2025 12:50:07.807] [main/INFO] [EARLYDISPLAY/]: Requested GL version 4.6 got version 4.6
[27Nov2025 12:50:07.964] [main/INFO] [mixin/]: SpongePowered MIXIN Subsystem Version=0.8.5 Source=union:/C:/Users/james/.gradle/caches/modules-2/files-2.1/org.spongepowered/mixin/0.8.5/9d1c0c3a304ae6697ecd477218fa61b850bf57fc/mixin-0.8.5.jar%23180!/ Service=ModLauncher Env=CLIENT
[27Nov2025 12:50:08.012] [pool-2-thread-1/INFO] [EARLYDISPLAY/]: GL info: Intel(R) UHD Graphics 630 GL version 4.6.0 - Build 31.0.101.2115, Intel
[27Nov2025 12:50:08.221] [main/WARN] [net.neoforged.fml.loading.moddiscovery.ModFileParser/LOADING]: Mod file C:\Users\james\.gradle\caches\modules-2\files-2.1\net.neoforged.fancymodloader\core\1.0.16\6bab0913ca1635a8e272ef89c17befb52115a3c2\core-1.0.16.jar is missing mods.toml file
[27Nov2025 12:50:08.226] [main/WARN] [net.neoforged.fml.loading.moddiscovery.ModFileParser/LOADING]: Mod file C:\Users\james\.gradle\caches\modules-2\files-2.1\net.neoforged.fancymodloader\language-java\1.0.16\2ddedcd8a488fd73e3e92a59949845e9c3a7d9f2\language-java-1.0.16.jar is missing mods.toml file
[27Nov2025 12:50:08.230] [main/WARN] [net.neoforged.fml.loading.moddiscovery.ModFileParser/LOADING]: Mod file C:\Users\james\.gradle\caches\modules-2\files-2.1\net.neoforged.fancymodloader\language-lowcode\1.0.16\e627c78870d4286826c4b14c0137319ff03b4e0\language-lowcode-1.0.16.jar is missing mods.toml file
[27Nov2025 12:50:08.233] [main/WARN] [net.neoforged.fml.loading.moddiscovery.ModFileParser/LOADING]: Mod file C:\Users\james\.gradle\caches\modules-2\files-2.1\net.neoforged.fancymodloader\language-minecraft\1.0.16\c1f7785ff7fc0b18aa6d2d4056dcff4fee1b32be\language-minecraft-1.0.16.jar is missing mods.toml file
[27Nov2025 12:50:08.246] [main/INFO] [net.neoforged.fml.loading.moddiscovery.ModDiscoverer/SCAN]: Found mod file "core-1.0.16.jar" of type LIBRARY with provider net.neoforged.fml.loading.moddiscovery.MinecraftLocator@30865a90
[27Nov2025 12:50:08.246] [main/INFO] [net.neoforged.fml.loading.moddiscovery.ModDiscoverer/SCAN]: Found mod file "language-java-1.0.16.jar" of type LANGPROVIDER with provider net.neoforged.fml.loading.moddiscovery.MinecraftLocator@30865a90
[27Nov2025 12:50:08.246] [main/INFO] [net.neoforged.fml.loading.moddiscovery.ModDiscoverer/SCAN]: Found mod file "language-lowcode-1.0.16.jar" of type LANGPROVIDER with provider net.neoforged.fml.loading.moddiscovery.MinecraftLocator@30865a90
[27Nov2025 12:50:08.246] [main/INFO] [net.neoforged.fml.loading.moddiscovery.ModDiscoverer/SCAN]: Found mod file "language-minecraft-1.0.16.jar" of type LANGPROVIDER with provider net.neoforged.fml.loading.moddiscovery.MinecraftLocator@30865a90
[27Nov2025 12:50:08.246] [main/INFO] [net.neoforged.fml.loading.moddiscovery.ModDiscoverer/SCAN]: Found mod file "neoforge-20.3.8-beta.jar" of type MOD with provider net.neoforged.fml.loading.moddiscovery.MinecraftLocator@30865a90
[27Nov2025 12:50:08.247] [main/INFO] [net.neoforged.fml.loading.moddiscovery.ModDiscoverer/SCAN]: Found mod file "main" of type MOD with provider net.neoforged.fml.loading.moddiscovery.MinecraftLocator@30865a90
[27Nov2025 12:50:08.247] [main/INFO] [net.neoforged.fml.loading.moddiscovery.ModDiscoverer/SCAN]: Found mod file "" of type MOD with provider net.neoforged.fml.loading.moddiscovery.MinecraftLocator@30865a90
[27Nov2025 12:50:08.269] [main/INFO] [net.neoforged.fml.loading.moddiscovery.ModDiscoverer/SCAN]: Found mod file "events-1.0.16.jar" of type GAMELIBRARY with provider net.neoforged.fml.loading.moddiscovery.BuiltinGameLibraryLocator@304b9f1a
[27Nov2025 12:50:08.459] [main/INFO] [net.neoforged.fml.loading.moddiscovery.JarInJarDependencyLocator/]: Found 1 dependencies adding them to mods collection
[27Nov2025 12:50:08.460] [main/INFO] [net.neoforged.fml.loading.moddiscovery.ModDiscoverer/SCAN]: Found mod file "mixinextras-neoforge-0.3.1.jar" of type GAMELIBRARY with provider net.neoforged.fml.loading.moddiscovery.JarInJarDependencyLocator@31611954
[27Nov2025 12:50:09.691] [main/INFO] [mixin/]: Compatibility level set to JAVA_17
[27Nov2025 12:50:09.695] [main/INFO] [cpw.mods.modlauncher.LaunchServiceHandler/MODLAUNCHER]: Launching target 'forgeclientuserdev' with arguments [--version, 20.3.8-beta, --gameDir, ., --assetsDir, C:\Users\james\.gradle\caches\minecraft\assets, --username=james090500, --assetIndex, asset-index]
[27Nov2025 12:50:09.804] [main/WARN] [mixin/]: Reference map 'minecraftcapes.refmap.json' for minecraftcapes.mixins.json could not be read. If this is a development environment you can ignore this message
[27Nov2025 12:50:15.281] [Datafixer Bootstrap/INFO] [com.mojang.datafixers.DataFixerBuilder/]: 198 Datafixer optimizations took 348 milliseconds
[27Nov2025 12:50:17.967] [Render thread/WARN] [net.minecraft.server.packs.VanillaPackResourcesBuilder/]: Assets URL 'union:/C:/Users/james/IdeaProjects/minecraftcapes-mod-all/build-1.20.3/neoforge/.gradle/repositories/ng_dummy_ng/net/neoforged/neoforge/20.3.8-beta/neoforge-20.3.8-beta.jar%23183!/assets/.mcassetsroot' uses unexpected schema
[27Nov2025 12:50:17.968] [Render thread/WARN] [net.minecraft.server.packs.VanillaPackResourcesBuilder/]: Assets URL 'union:/C:/Users/james/IdeaProjects/minecraftcapes-mod-all/build-1.20.3/neoforge/.gradle/repositories/ng_dummy_ng/net/neoforged/neoforge/20.3.8-beta/neoforge-20.3.8-beta.jar%23183!/data/.mcassetsroot' uses unexpected schema
[27Nov2025 12:50:18.006] [Render thread/INFO] [com.mojang.authlib.yggdrasil.YggdrasilAuthenticationService/]: Environment: Environment[sessionHost=https://sessionserver.mojang.com, servicesHost=https://api.minecraftservices.com, name=PROD]
[27Nov2025 12:50:18.021] [Render thread/INFO] [net.minecraft.client.Minecraft/]: Setting user: james090500
[27Nov2025 12:50:18.194] [Render thread/INFO] [net.minecraft.client.Minecraft/]: Backend library: LWJGL version 3.3.2+13
[27Nov2025 12:50:18.512] [modloading-worker-0/INFO] [net.neoforged.neoforge.common.NeoForgeMod/NEOFORGE-MOD]: NeoForge mod loading, version 20.3.8-beta, for MC 1.20.3 with MCP 20231205.165107
[27Nov2025 12:50:19.514] [Render thread/INFO] [MixinExtras|Service/]: Initializing MixinExtras via com.llamalad7.mixinextras.service.MixinExtrasServiceImpl(version=0.3.1).
[27Nov2025 12:50:19.645] [Render thread/INFO] [net.neoforged.neoforge.gametest.GameTestHooks/]: Enabled Gametest Namespaces: []
[27Nov2025 12:50:19.901] [Render thread/INFO] [net.minecraft.server.packs.resources.ReloadableResourceManager/]: Reloading ResourceManager: vanilla, mod_resources
[27Nov2025 12:50:20.080] [Worker-Main-4/INFO] [net.minecraft.client.gui.font.providers.UnihexProvider/]: Found unifont_all_no_pua-15.1.04.hex, loading
[27Nov2025 12:50:20.740] [Worker-Main-2/INFO] [MinecraftCapes/]: Initialising
[27Nov2025 12:50:20.748] [Worker-Main-2/INFO] [MinecraftCapes/]: Initialised
[27Nov2025 12:50:22.388] [Render thread/WARN] [net.minecraft.client.sounds.SoundEngine/]: Missing sound for event: minecraft:item.goat_horn.play
[27Nov2025 12:50:22.388] [Render thread/WARN] [net.minecraft.client.sounds.SoundEngine/]: Missing sound for event: minecraft:entity.goat.screaming.horn_break
[27Nov2025 12:50:22.389] [Render thread/WARN] [net.minecraft.client.sounds.SoundEngine/]: Missing sound for event: minecraft:entity.generic.wind_burst
[27Nov2025 12:50:22.481] [Render thread/INFO] [com.mojang.blaze3d.audio.Library/]: OpenAL initialized on device OpenAL Soft on Speakers (Realtek(R) Audio)
[27Nov2025 12:50:22.482] [Render thread/INFO] [net.minecraft.client.sounds.SoundEngine/SOUNDS]: Sound engine started
[27Nov2025 12:50:22.646] [Render thread/INFO] [net.minecraft.client.renderer.texture.TextureAtlas/]: Created: 1024x512x4 minecraft:textures/atlas/blocks.png-atlas
[27Nov2025 12:50:22.781] [Render thread/INFO] [net.minecraft.client.renderer.texture.TextureAtlas/]: Created: 256x256x4 minecraft:textures/atlas/signs.png-atlas
[27Nov2025 12:50:22.785] [Render thread/INFO] [net.minecraft.client.renderer.texture.TextureAtlas/]: Created: 512x512x4 minecraft:textures/atlas/banner_patterns.png-atlas
[27Nov2025 12:50:22.792] [Render thread/INFO] [net.minecraft.client.renderer.texture.TextureAtlas/]: Created: 512x512x4 minecraft:textures/atlas/shield_patterns.png-atlas
[27Nov2025 12:50:22.799] [Render thread/INFO] [net.minecraft.client.renderer.texture.TextureAtlas/]: Created: 1024x1024x4 minecraft:textures/atlas/armor_trims.png-atlas
[27Nov2025 12:50:22.852] [Render thread/INFO] [net.minecraft.client.renderer.texture.TextureAtlas/]: Created: 256x256x4 minecraft:textures/atlas/chest.png-atlas
[27Nov2025 12:50:22.854] [Render thread/INFO] [net.minecraft.client.renderer.texture.TextureAtlas/]: Created: 128x64x4 minecraft:textures/atlas/decorated_pot.png-atlas
[27Nov2025 12:50:22.857] [Render thread/INFO] [net.minecraft.client.renderer.texture.TextureAtlas/]: Created: 512x256x4 minecraft:textures/atlas/beds.png-atlas
[27Nov2025 12:50:22.861] [Render thread/INFO] [net.minecraft.client.renderer.texture.TextureAtlas/]: Created: 512x256x4 minecraft:textures/atlas/shulker_boxes.png-atlas
[27Nov2025 12:50:23.761] [Render thread/WARN] [net.minecraft.client.renderer.ShaderInstance/]: Shader rendertype_entity_translucent_emissive could not find sampler named Sampler2 in the specified shader program.
[27Nov2025 12:50:24.503] [Render thread/INFO] [net.minecraft.client.renderer.texture.TextureAtlas/]: Created: 512x256x0 minecraft:textures/atlas/particles.png-atlas
[27Nov2025 12:50:24.528] [Render thread/INFO] [net.minecraft.client.renderer.texture.TextureAtlas/]: Created: 256x256x0 minecraft:textures/atlas/paintings.png-atlas
[27Nov2025 12:50:24.531] [Render thread/INFO] [net.minecraft.client.renderer.texture.TextureAtlas/]: Created: 128x128x0 minecraft:textures/atlas/mob_effects.png-atlas
[27Nov2025 12:50:24.535] [Render thread/INFO] [net.minecraft.client.renderer.texture.TextureAtlas/]: Created: 1024x512x0 minecraft:textures/atlas/gui.png-atlas
[27Nov2025 12:50:51.713] [Render thread/WARN] [net.neoforged.neoforge.common.CommonHooks/WP]: The following mods have version differences that were not resolved:
neoforge (version 20.2.93 -> 20.3.8-beta)
Things may not work well.
[27Nov2025 12:50:53.276] [Render thread/INFO] [net.minecraft.world.item.crafting.RecipeManager/]: Loaded 7 recipes
[27Nov2025 12:50:53.495] [Render thread/INFO] [net.minecraft.advancements.AdvancementTree/]: Loaded 1271 advancements
[27Nov2025 12:50:54.045] [Server thread/INFO] [net.minecraft.client.server.IntegratedServer/]: Starting integrated minecraft server version 1.20.3
[27Nov2025 12:50:54.046] [Server thread/INFO] [net.minecraft.server.MinecraftServer/]: Generating keypair
[27Nov2025 12:50:54.573] [Server thread/INFO] [net.minecraft.server.MinecraftServer/]: Preparing start region for dimension minecraft:overworld
[27Nov2025 12:50:54.666] [IO-Worker-1/ERROR] [net.minecraft.world.level.chunk.storage.RegionFile/]: Chunk [0, -1] stream is truncated: expected 2023550361 but read 4086
[27Nov2025 12:50:54.667] [IO-Worker-1/WARN] [net.minecraft.world.level.chunk.storage.RegionFile/]: Chunk has both internal and external streams
[27Nov2025 12:50:54.669] [IO-Worker-1/ERROR] [net.minecraft.world.level.chunk.storage.RegionFile/]: External chunk path .\saves\New World\region\c.-15.0.mcc is not file
[27Nov2025 12:50:54.678] [IO-Worker-1/WARN] [net.minecraft.world.level.chunk.storage.RegionFile/]: Chunk has both internal and external streams
[27Nov2025 12:50:54.678] [IO-Worker-1/ERROR] [net.minecraft.world.level.chunk.storage.RegionFile/]: External chunk path .\saves\New World\region\c.-1.0.mcc is not file
[27Nov2025 12:50:54.682] [IO-Worker-2/WARN] [net.minecraft.world.level.chunk.storage.RegionFile/]: Chunk has both internal and external streams
[27Nov2025 12:50:54.683] [IO-Worker-2/ERROR] [net.minecraft.world.level.chunk.storage.RegionFile/]: External chunk path .\saves\New World\region\c.0.0.mcc is not file
[27Nov2025 12:50:54.683] [IO-Worker-1/WARN] [net.minecraft.world.level.chunk.storage.RegionFile/]: Chunk has both internal and external streams
[27Nov2025 12:50:54.683] [IO-Worker-1/ERROR] [net.minecraft.world.level.chunk.storage.RegionFile/]: External chunk path .\saves\New World\region\c.-16.1.mcc is not file
[27Nov2025 12:50:54.693] [IO-Worker-2/WARN] [net.minecraft.world.level.chunk.storage.RegionFile/]: Chunk has both internal and external streams
[27Nov2025 12:50:54.694] [IO-Worker-2/ERROR] [net.minecraft.world.level.chunk.storage.RegionFile/]: External chunk path .\saves\New World\region\c.-16.2.mcc is not file
[27Nov2025 12:50:54.702] [IO-Worker-1/WARN] [net.minecraft.world.level.chunk.storage.RegionFile/]: Chunk has both internal and external streams
[27Nov2025 12:50:54.702] [IO-Worker-1/ERROR] [net.minecraft.world.level.chunk.storage.RegionFile/]: External chunk path .\saves\New World\region\c.-16.3.mcc is not file
[27Nov2025 12:50:54.703] [IO-Worker-2/WARN] [net.minecraft.world.level.chunk.storage.RegionFile/]: Chunk has both internal and external streams
[27Nov2025 12:50:54.703] [IO-Worker-2/ERROR] [net.minecraft.world.level.chunk.storage.RegionFile/]: External chunk path .\saves\New World\region\c.-15.3.mcc is not file
[27Nov2025 12:50:54.718] [IO-Worker-1/WARN] [net.minecraft.world.level.chunk.storage.RegionFile/]: Chunk has both internal and external streams
[27Nov2025 12:50:54.718] [IO-Worker-1/ERROR] [net.minecraft.world.level.chunk.storage.RegionFile/]: External chunk path .\saves\New World\region\c.-16.5.mcc is not file
[27Nov2025 12:50:54.719] [IO-Worker-2/WARN] [net.minecraft.world.level.chunk.storage.RegionFile/]: Chunk has both internal and external streams
[27Nov2025 12:50:54.719] [IO-Worker-2/ERROR] [net.minecraft.world.level.chunk.storage.RegionFile/]: External chunk path .\saves\New World\region\c.-15.5.mcc is not file
[27Nov2025 12:50:54.724] [IO-Worker-2/WARN] [net.minecraft.world.level.chunk.storage.RegionFile/]: Chunk has both internal and external streams
[27Nov2025 12:50:54.724] [IO-Worker-2/ERROR] [net.minecraft.world.level.chunk.storage.RegionFile/]: External chunk path .\saves\New World\region\c.-16.6.mcc is not file
[27Nov2025 12:50:54.724] [IO-Worker-1/WARN] [net.minecraft.world.level.chunk.storage.RegionFile/]: Chunk has both internal and external streams
[27Nov2025 12:50:54.725] [IO-Worker-1/ERROR] [net.minecraft.world.level.chunk.storage.RegionFile/]: External chunk path .\saves\New World\region\c.-15.6.mcc is not file
[27Nov2025 12:50:54.728] [IO-Worker-2/WARN] [net.minecraft.world.level.chunk.storage.RegionFile/]: Chunk has both internal and external streams
[27Nov2025 12:50:54.729] [IO-Worker-2/ERROR] [net.minecraft.world.level.chunk.storage.RegionFile/]: External chunk path .\saves\New World\region\c.-16.7.mcc is not file
[27Nov2025 12:50:54.769] [IO-Worker-1/WARN] [net.minecraft.world.level.chunk.storage.RegionFile/]: Chunk has both internal and external streams
[27Nov2025 12:50:54.769] [IO-Worker-1/ERROR] [net.minecraft.world.level.chunk.storage.RegionFile/]: External chunk path .\saves\New World\region\c.-16.8.mcc is not file
[27Nov2025 12:50:54.804] [IO-Worker-1/WARN] [net.minecraft.world.level.chunk.storage.RegionFile/]: Chunk has both internal and external streams
[27Nov2025 12:50:54.805] [IO-Worker-1/ERROR] [net.minecraft.world.level.chunk.storage.RegionFile/]: External chunk path .\saves\New World\region\c.-15.9.mcc is not file
[27Nov2025 12:50:54.809] [IO-Worker-1/WARN] [net.minecraft.world.level.chunk.storage.RegionFile/]: Chunk has both internal and external streams
[27Nov2025 12:50:54.809] [IO-Worker-1/ERROR] [net.minecraft.world.level.chunk.storage.RegionFile/]: External chunk path .\saves\New World\region\c.-16.10.mcc is not file
[27Nov2025 12:50:54.810] [IO-Worker-2/WARN] [net.minecraft.world.level.chunk.storage.RegionFile/]: Chunk has both internal and external streams
[27Nov2025 12:50:54.810] [IO-Worker-2/ERROR] [net.minecraft.world.level.chunk.storage.RegionFile/]: External chunk path .\saves\New World\region\c.-15.10.mcc is not file
[27Nov2025 12:50:54.815] [IO-Worker-2/WARN] [net.minecraft.world.level.chunk.storage.RegionFile/]: Chunk has both internal and external streams
[27Nov2025 12:50:54.815] [IO-Worker-2/ERROR] [net.minecraft.world.level.chunk.storage.RegionFile/]: External chunk path .\saves\New World\region\c.-16.11.mcc is not file
[27Nov2025 12:50:54.819] [IO-Worker-1/WARN] [net.minecraft.world.level.chunk.storage.RegionFile/]: Chunk has both internal and external streams
[27Nov2025 12:50:54.819] [IO-Worker-1/ERROR] [net.minecraft.world.level.chunk.storage.RegionFile/]: External chunk path .\saves\New World\region\c.-16.12.mcc is not file
[27Nov2025 12:50:54.820] [IO-Worker-2/WARN] [net.minecraft.world.level.chunk.storage.RegionFile/]: Chunk has both internal and external streams
[27Nov2025 12:50:54.820] [IO-Worker-2/ERROR] [net.minecraft.world.level.chunk.storage.RegionFile/]: External chunk path .\saves\New World\region\c.-15.12.mcc is not file
[27Nov2025 12:50:54.825] [IO-Worker-2/ERROR] [net.minecraft.world.level.chunk.storage.RegionFile/]: Chunk [-16, 13] stream is truncated: expected 142593 but read 4091
[27Nov2025 12:50:54.830] [IO-Worker-2/ERROR] [net.minecraft.world.level.chunk.storage.RegionFile/]: Chunk [-13, 14] stream is truncated: expected 151297 but read 4091
[27Nov2025 12:50:54.831] [IO-Worker-1/WARN] [net.minecraft.world.level.chunk.storage.RegionFile/]: Chunk has both internal and external streams
[27Nov2025 12:50:54.831] [IO-Worker-1/ERROR] [net.minecraft.world.level.chunk.storage.RegionFile/]: External chunk path .\saves\New World\region\c.-12.14.mcc is not file
[27Nov2025 12:50:54.832] [IO-Worker-2/WARN] [net.minecraft.world.level.chunk.storage.RegionFile/]: Chunk has both internal and external streams
[27Nov2025 12:50:54.832] [IO-Worker-2/ERROR] [net.minecraft.world.level.chunk.storage.RegionFile/]: External chunk path .\saves\New World\region\c.-9.14.mcc is not file
[27Nov2025 12:50:54.833] [IO-Worker-2/WARN] [net.minecraft.world.level.chunk.storage.RegionFile/]: Chunk has both internal and external streams
[27Nov2025 12:50:54.833] [IO-Worker-2/ERROR] [net.minecraft.world.level.chunk.storage.RegionFile/]: External chunk path .\saves\New World\region\c.-5.14.mcc is not file
[27Nov2025 12:50:54.835] [IO-Worker-1/WARN] [net.minecraft.world.level.chunk.storage.RegionFile/]: Chunk has both internal and external streams
[27Nov2025 12:50:54.835] [IO-Worker-1/ERROR] [net.minecraft.world.level.chunk.storage.RegionFile/]: External chunk path .\saves\New World\region\c.-4.14.mcc is not file
[27Nov2025 12:50:54.838] [IO-Worker-1/ERROR] [net.minecraft.world.level.chunk.storage.RegionFile/]: Chunk [-2, 14] stream is truncated: expected 155393 but read 4091
[27Nov2025 12:50:54.846] [IO-Worker-1/WARN] [net.minecraft.world.level.chunk.storage.RegionFile/]: Chunk has both internal and external streams
[27Nov2025 12:50:54.846] [IO-Worker-1/ERROR] [net.minecraft.world.level.chunk.storage.RegionFile/]: External chunk path .\saves\New World\region\c.-17.0.mcc is not file
[27Nov2025 12:50:54.847] [IO-Worker-2/WARN] [net.minecraft.world.level.chunk.storage.RegionFile/]: Chunk has both internal and external streams
[27Nov2025 12:50:54.847] [IO-Worker-2/ERROR] [net.minecraft.world.level.chunk.storage.RegionFile/]: External chunk path .\saves\New World\region\c.-17.1.mcc is not file
[27Nov2025 12:50:54.849] [IO-Worker-2/WARN] [net.minecraft.world.level.chunk.storage.RegionFile/]: Chunk has both internal and external streams
[27Nov2025 12:50:54.849] [IO-Worker-2/ERROR] [net.minecraft.world.level.chunk.storage.RegionFile/]: External chunk path .\saves\New World\region\c.-17.5.mcc is not file
[27Nov2025 12:50:54.849] [IO-Worker-1/WARN] [net.minecraft.world.level.chunk.storage.RegionFile/]: Chunk has both internal and external streams
[27Nov2025 12:50:54.849] [IO-Worker-1/ERROR] [net.minecraft.world.level.chunk.storage.RegionFile/]: External chunk path .\saves\New World\region\c.-17.6.mcc is not file
[27Nov2025 12:50:54.850] [IO-Worker-2/WARN] [net.minecraft.world.level.chunk.storage.RegionFile/]: Chunk has both internal and external streams
[27Nov2025 12:50:54.850] [IO-Worker-2/ERROR] [net.minecraft.world.level.chunk.storage.RegionFile/]: External chunk path .\saves\New World\region\c.-17.9.mcc is not file
[27Nov2025 12:50:54.851] [IO-Worker-1/WARN] [net.minecraft.world.level.chunk.storage.RegionFile/]: Chunk has both internal and external streams
[27Nov2025 12:50:54.851] [IO-Worker-1/ERROR] [net.minecraft.world.level.chunk.storage.RegionFile/]: External chunk path .\saves\New World\region\c.-17.10.mcc is not file
[27Nov2025 12:50:54.851] [IO-Worker-2/WARN] [net.minecraft.world.level.chunk.storage.RegionFile/]: Chunk has both internal and external streams
[27Nov2025 12:50:54.851] [IO-Worker-2/ERROR] [net.minecraft.world.level.chunk.storage.RegionFile/]: External chunk path .\saves\New World\region\c.-17.11.mcc is not file
[27Nov2025 12:50:54.852] [IO-Worker-1/ERROR] [net.minecraft.world.level.chunk.storage.RegionFile/]: Chunk [-17, 12] stream is truncated: expected 104193 but read 4091
[27Nov2025 12:50:54.852] [IO-Worker-2/WARN] [net.minecraft.world.level.chunk.storage.RegionFile/]: Chunk has both internal and external streams
[27Nov2025 12:50:54.852] [IO-Worker-2/ERROR] [net.minecraft.world.level.chunk.storage.RegionFile/]: External chunk path .\saves\New World\region\c.-17.13.mcc is not file
[27Nov2025 12:50:54.862] [IO-Worker-1/WARN] [net.minecraft.world.level.chunk.storage.RegionFile/]: Chunk has both internal and external streams
[27Nov2025 12:50:54.863] [IO-Worker-1/ERROR] [net.minecraft.world.level.chunk.storage.RegionFile/]: External chunk path .\saves\New World\region\c.-17.14.mcc is not file
[27Nov2025 12:50:54.864] [IO-Worker-2/WARN] [net.minecraft.world.level.chunk.storage.RegionFile/]: Chunk has both internal and external streams
[27Nov2025 12:50:54.864] [IO-Worker-2/ERROR] [net.minecraft.world.level.chunk.storage.RegionFile/]: External chunk path .\saves\New World\region\c.1.14.mcc is not file
[27Nov2025 12:50:54.864] [IO-Worker-1/WARN] [net.minecraft.world.level.chunk.storage.RegionFile/]: Chunk has both internal and external streams
[27Nov2025 12:50:54.865] [IO-Worker-1/ERROR] [net.minecraft.world.level.chunk.storage.RegionFile/]: External chunk path .\saves\New World\region\c.-17.15.mcc is not file
[27Nov2025 12:50:54.865] [IO-Worker-2/WARN] [net.minecraft.world.level.chunk.storage.RegionFile/]: Chunk has both internal and external streams
[27Nov2025 12:50:54.865] [IO-Worker-2/ERROR] [net.minecraft.world.level.chunk.storage.RegionFile/]: External chunk path .\saves\New World\region\c.-16.15.mcc is not file
[27Nov2025 12:50:54.866] [IO-Worker-1/WARN] [net.minecraft.world.level.chunk.storage.RegionFile/]: Chunk has both internal and external streams
[27Nov2025 12:50:54.866] [IO-Worker-1/ERROR] [net.minecraft.world.level.chunk.storage.RegionFile/]: External chunk path .\saves\New World\region\c.-15.15.mcc is not file
[27Nov2025 12:50:54.867] [IO-Worker-2/ERROR] [net.minecraft.world.level.chunk.storage.RegionFile/]: Chunk [-14, 15] stream is truncated: expected 143873 but read 4091
[27Nov2025 12:50:54.867] [IO-Worker-1/WARN] [net.minecraft.world.level.chunk.storage.RegionFile/]: Chunk has both internal and external streams
[27Nov2025 12:50:54.867] [IO-Worker-1/ERROR] [net.minecraft.world.level.chunk.storage.RegionFile/]: External chunk path .\saves\New World\region\c.-13.15.mcc is not file
[27Nov2025 12:50:54.868] [IO-Worker-2/WARN] [net.minecraft.world.level.chunk.storage.RegionFile/]: Chunk has both internal and external streams
[27Nov2025 12:50:54.868] [IO-Worker-2/ERROR] [net.minecraft.world.level.chunk.storage.RegionFile/]: External chunk path .\saves\New World\region\c.-12.15.mcc is not file
[27Nov2025 12:50:54.868] [IO-Worker-1/WARN] [net.minecraft.world.level.chunk.storage.RegionFile/]: Chunk has both internal and external streams
[27Nov2025 12:50:54.868] [IO-Worker-1/ERROR] [net.minecraft.world.level.chunk.storage.RegionFile/]: External chunk path .\saves\New World\region\c.-11.15.mcc is not file
[27Nov2025 12:50:54.869] [IO-Worker-2/WARN] [net.minecraft.world.level.chunk.storage.RegionFile/]: Chunk has both internal and external streams
[27Nov2025 12:50:54.869] [IO-Worker-2/ERROR] [net.minecraft.world.level.chunk.storage.RegionFile/]: External chunk path .\saves\New World\region\c.-10.15.mcc is not file
[27Nov2025 12:50:54.869] [IO-Worker-1/WARN] [net.minecraft.world.level.chunk.storage.RegionFile/]: Chunk has both internal and external streams
[27Nov2025 12:50:54.870] [IO-Worker-1/ERROR] [net.minecraft.world.level.chunk.storage.RegionFile/]: External chunk path .\saves\New World\region\c.-9.15.mcc is not file
[27Nov2025 12:50:54.870] [IO-Worker-2/ERROR] [net.minecraft.world.level.chunk.storage.RegionFile/]: Chunk [-8, 15] stream is truncated: expected 143873 but read 4091
[27Nov2025 12:50:54.872] [IO-Worker-1/WARN] [net.minecraft.world.level.chunk.storage.IOWorker/]: Failed to read chunk [-5, 15]
java.util.zip.ZipException: invalid distance too far back
	at java.util.zip.InflaterInputStream.read(InflaterInputStream.java:164) ~[?:?]
	at net.minecraft.util.FastBufferedInputStream.fill(FastBufferedInputStream.java:94) ~[neoforge-20.3.8-beta.jar%23183!/:?]
	at net.minecraft.util.FastBufferedInputStream.read(FastBufferedInputStream.java:25) ~[neoforge-20.3.8-beta.jar%23183!/:?]
	at java.io.DataInputStream.readUnsignedByte(DataInputStream.java:288) ~[?:?]
	at java.io.DataInputStream.readByte(DataInputStream.java:268) ~[?:?]
	at net.minecraft.nbt.NbtIo.readUnnamedTag(NbtIo.java:174) ~[neoforge-20.3.8-beta.jar%23183!/:?]
	at net.minecraft.nbt.NbtIo.read(NbtIo.java:115) ~[neoforge-20.3.8-beta.jar%23183!/:?]
	at net.minecraft.nbt.NbtIo.read(NbtIo.java:111) ~[neoforge-20.3.8-beta.jar%23183!/:?]
	at net.minecraft.world.level.chunk.storage.RegionFileStorage.read(RegionFileStorage.java:57) ~[neoforge-20.3.8-beta.jar%23183!/:?]
	at net.minecraft.world.level.chunk.storage.IOWorker.lambda$loadAsync$4(IOWorker.java:144) ~[neoforge-20.3.8-beta.jar%23183!/:?]
	at net.minecraft.world.level.chunk.storage.IOWorker.lambda$submitTask$13(IOWorker.java:198) ~[neoforge-20.3.8-beta.jar%23183!/:?]
	at net.minecraft.util.thread.StrictQueue$IntRunnable.run(StrictQueue.java:77) ~[neoforge-20.3.8-beta.jar%23183!/:?]
	at net.minecraft.util.thread.ProcessorMailbox.pollTask(ProcessorMailbox.java:85) ~[neoforge-20.3.8-beta.jar%23183!/:?]
	at net.minecraft.util.thread.ProcessorMailbox.pollUntil(ProcessorMailbox.java:133) ~[neoforge-20.3.8-beta.jar%23183!/:?]
	at net.minecraft.util.thread.ProcessorMailbox.run(ProcessorMailbox.java:94) ~[neoforge-20.3.8-beta.jar%23183!/:?]
	at java.util.concurrent.ThreadPoolExecutor.runWorker(ThreadPoolExecutor.java:1136) ~[?:?]
	at java.util.concurrent.ThreadPoolExecutor$Worker.run(ThreadPoolExecutor.java:635) ~[?:?]
	at java.lang.Thread.run(Thread.java:840) ~[?:?]
[27Nov2025 12:50:54.900] [IO-Worker-2/ERROR] [net.minecraft.world.level.chunk.storage.RegionFile/]: Chunk [-4, 15] stream is truncated: expected 143361 but read 4091
[27Nov2025 12:50:54.902] [IO-Worker-1/WARN] [net.minecraft.world.level.chunk.storage.RegionFile/]: Chunk has both internal and external streams
[27Nov2025 12:50:54.902] [IO-Worker-1/ERROR] [net.minecraft.world.level.chunk.storage.RegionFile/]: External chunk path .\saves\New World\region\c.-1.15.mcc is not file
[27Nov2025 12:50:54.902] [IO-Worker-2/WARN] [net.minecraft.world.level.chunk.storage.RegionFile/]: Chunk has both internal and external streams
[27Nov2025 12:50:54.903] [IO-Worker-2/ERROR] [net.minecraft.world.level.chunk.storage.RegionFile/]: External chunk path .\saves\New World\region\c.0.15.mcc is not file
[27Nov2025 12:50:54.903] [IO-Worker-1/WARN] [net.minecraft.world.level.chunk.storage.RegionFile/]: Chunk has both internal and external streams
[27Nov2025 12:50:54.903] [IO-Worker-1/ERROR] [net.minecraft.world.level.chunk.storage.RegionFile/]: External chunk path .\saves\New World\region\c.1.15.mcc is not file
[27Nov2025 12:50:54.913] [IO-Worker-2/WARN] [net.minecraft.world.level.chunk.storage.RegionFile/]: Chunk has both internal and external streams
[27Nov2025 12:50:54.913] [IO-Worker-2/ERROR] [net.minecraft.world.level.chunk.storage.RegionFile/]: External chunk path .\saves\New World\region\c.-18.2.mcc is not file
[27Nov2025 12:50:54.914] [IO-Worker-1/WARN] [net.minecraft.world.level.chunk.storage.RegionFile/]: Chunk has both internal and external streams
[27Nov2025 12:50:54.914] [IO-Worker-1/ERROR] [net.minecraft.world.level.chunk.storage.RegionFile/]: External chunk path .\saves\New World\region\c.-18.3.mcc is not file
[27Nov2025 12:50:54.915] [IO-Worker-2/ERROR] [net.minecraft.world.level.chunk.storage.RegionFile/]: Chunk [-18, 4] stream is truncated: expected 104961 but read 4091
[27Nov2025 12:50:54.915] [IO-Worker-1/WARN] [net.minecraft.world.level.chunk.storage.RegionFile/]: Chunk has both internal and external streams
[27Nov2025 12:50:54.915] [IO-Worker-1/ERROR] [net.minecraft.world.level.chunk.storage.RegionFile/]: External chunk path .\saves\New World\region\c.-18.5.mcc is not file
[27Nov2025 12:50:54.916] [IO-Worker-2/WARN] [net.minecraft.world.level.chunk.storage.RegionFile/]: Chunk has both internal and external streams
[27Nov2025 12:50:54.917] [IO-Worker-2/ERROR] [net.minecraft.world.level.chunk.storage.RegionFile/]: External chunk path .\saves\New World\region\c.-18.6.mcc is not file
[27Nov2025 12:50:54.918] [IO-Worker-1/WARN] [net.minecraft.world.level.chunk.storage.RegionFile/]: Chunk has both internal and external streams
[27Nov2025 12:50:54.918] [IO-Worker-1/ERROR] [net.minecraft.world.level.chunk.storage.RegionFile/]: External chunk path .\saves\New World\region\c.-18.9.mcc is not file
[27Nov2025 12:50:54.919] [IO-Worker-2/WARN] [net.minecraft.world.level.chunk.storage.RegionFile/]: Chunk has both internal and external streams
[27Nov2025 12:50:54.919] [IO-Worker-2/ERROR] [net.minecraft.world.level.chunk.storage.RegionFile/]: External chunk path .\saves\New World\region\c.-18.10.mcc is not file
[27Nov2025 12:50:54.920] [IO-Worker-1/ERROR] [net.minecraft.world.level.chunk.storage.RegionFile/]: Chunk [-18, 11] stream is truncated: expected 104961 but read 4091
[27Nov2025 12:50:54.920] [IO-Worker-2/WARN] [net.minecraft.world.level.chunk.storage.RegionFile/]: Chunk has both internal and external streams
[27Nov2025 12:50:54.920] [IO-Worker-2/ERROR] [net.minecraft.world.level.chunk.storage.RegionFile/]: External chunk path .\saves\New World\region\c.-18.12.mcc is not file
[27Nov2025 12:50:54.926] [IO-Worker-1/WARN] [net.minecraft.world.level.chunk.storage.RegionFile/]: Chunk has both internal and external streams
[27Nov2025 12:50:54.927] [IO-Worker-1/ERROR] [net.minecraft.world.level.chunk.storage.RegionFile/]: External chunk path .\saves\New World\region\c.-18.13.mcc is not file
[27Nov2025 12:50:54.927] [IO-Worker-2/WARN] [net.minecraft.world.level.chunk.storage.RegionFile/]: Chunk has both internal and external streams
[27Nov2025 12:50:54.927] [IO-Worker-2/ERROR] [net.minecraft.world.level.chunk.storage.RegionFile/]: External chunk path .\saves\New World\region\c.-18.14.mcc is not file
[27Nov2025 12:50:54.928] [IO-Worker-2/WARN] [net.minecraft.world.level.chunk.storage.RegionFile/]: Chunk has both internal and external streams
[27Nov2025 12:50:54.928] [IO-Worker-2/ERROR] [net.minecraft.world.level.chunk.storage.RegionFile/]: External chunk path .\saves\New World\region\c.2.14.mcc is not file
[27Nov2025 12:50:54.929] [IO-Worker-1/ERROR] [net.minecraft.world.level.chunk.storage.RegionFile/]: Chunk [-18, 15] stream is truncated: expected 105217 but read 4091
[27Nov2025 12:50:54.929] [IO-Worker-2/WARN] [net.minecraft.world.level.chunk.storage.RegionFile/]: Chunk has both internal and external streams
[27Nov2025 12:50:54.930] [IO-Worker-2/ERROR] [net.minecraft.world.level.chunk.storage.RegionFile/]: External chunk path .\saves\New World\region\c.2.15.mcc is not file
[27Nov2025 12:50:54.930] [IO-Worker-1/WARN] [net.minecraft.world.level.chunk.storage.RegionFile/]: Chunk has both internal and external streams
[27Nov2025 12:50:54.930] [IO-Worker-1/ERROR] [net.minecraft.world.level.chunk.storage.RegionFile/]: External chunk path .\saves\New World\region\c.-18.16.mcc is not file
[27Nov2025 12:50:54.931] [IO-Worker-2/WARN] [net.minecraft.world.level.chunk.storage.RegionFile/]: Chunk has both internal and external streams
[27Nov2025 12:50:54.931] [IO-Worker-2/ERROR] [net.minecraft.world.level.chunk.storage.RegionFile/]: External chunk path .\saves\New World\region\c.-17.16.mcc is not file
[27Nov2025 12:50:54.932] [IO-Worker-2/WARN] [net.minecraft.world.level.chunk.storage.RegionFile/]: Chunk has both internal and external streams
[27Nov2025 12:50:54.987] [IO-Worker-2/ERROR] [net.minecraft.world.level.chunk.storage.RegionFile/]: External chunk path .\saves\New World\region\c.-15.16.mcc is not file
[27Nov2025 12:50:54.987] [IO-Worker-1/WARN] [net.minecraft.world.level.chunk.storage.RegionFile/]: Chunk has both internal and external streams
[27Nov2025 12:50:54.988] [IO-Worker-1/ERROR] [net.minecraft.world.level.chunk.storage.RegionFile/]: External chunk path .\saves\New World\region\c.-14.16.mcc is not file
[27Nov2025 12:50:54.989] [IO-Worker-1/WARN] [net.minecraft.world.level.chunk.storage.RegionFile/]: Chunk has both internal and external streams
[27Nov2025 12:50:54.989] [IO-Worker-1/ERROR] [net.minecraft.world.level.chunk.storage.RegionFile/]: External chunk path .\saves\New World\region\c.-12.16.mcc is not file
[27Nov2025 12:50:54.989] [IO-Worker-2/WARN] [net.minecraft.world.level.chunk.storage.RegionFile/]: Chunk has both internal and external streams
[27Nov2025 12:50:54.990] [IO-Worker-2/ERROR] [net.minecraft.world.level.chunk.storage.RegionFile/]: External chunk path .\saves\New World\region\c.-11.16.mcc is not file
[27Nov2025 12:50:54.990] [IO-Worker-1/WARN] [net.minecraft.world.level.chunk.storage.RegionFile/]: Chunk has both internal and external streams
[27Nov2025 12:50:54.991] [IO-Worker-1/ERROR] [net.minecraft.world.level.chunk.storage.RegionFile/]: External chunk path .\saves\New World\region\c.-10.16.mcc is not file
[27Nov2025 12:50:54.992] [IO-Worker-2/WARN] [net.minecraft.world.level.chunk.storage.RegionFile/]: Chunk has both internal and external streams
[27Nov2025 12:50:54.992] [IO-Worker-2/ERROR] [net.minecraft.world.level.chunk.storage.RegionFile/]: External chunk path .\saves\New World\region\c.-9.16.mcc is not file
[27Nov2025 12:50:54.993] [IO-Worker-1/WARN] [net.minecraft.world.level.chunk.storage.RegionFile/]: Chunk has both internal and external streams
[27Nov2025 12:50:54.993] [IO-Worker-1/ERROR] [net.minecraft.world.level.chunk.storage.RegionFile/]: External chunk path .\saves\New World\region\c.-8.16.mcc is not file
[27Nov2025 12:50:54.995] [IO-Worker-2/WARN] [net.minecraft.world.level.chunk.storage.RegionFile/]: Chunk has both internal and external streams
[27Nov2025 12:50:54.995] [IO-Worker-2/ERROR] [net.minecraft.world.level.chunk.storage.RegionFile/]: External chunk path .\saves\New World\region\c.-5.16.mcc is not file
[27Nov2025 12:50:54.996] [IO-Worker-1/WARN] [net.minecraft.world.level.chunk.storage.RegionFile/]: Chunk has both internal and external streams
[27Nov2025 12:50:54.996] [IO-Worker-1/ERROR] [net.minecraft.world.level.chunk.storage.RegionFile/]: External chunk path .\saves\New World\region\c.-4.16.mcc is not file
[27Nov2025 12:50:54.997] [IO-Worker-2/WARN] [net.minecraft.world.level.chunk.storage.RegionFile/]: Chunk has both internal and external streams
[27Nov2025 12:50:54.997] [IO-Worker-2/ERROR] [net.minecraft.world.level.chunk.storage.RegionFile/]: External chunk path .\saves\New World\region\c.-3.16.mcc is not file
[27Nov2025 12:50:54.997] [IO-Worker-1/WARN] [net.minecraft.world.level.chunk.storage.RegionFile/]: Chunk has both internal and external streams
[27Nov2025 12:50:54.997] [IO-Worker-1/ERROR] [net.minecraft.world.level.chunk.storage.RegionFile/]: External chunk path .\saves\New World\region\c.-2.16.mcc is not file
[27Nov2025 12:50:54.998] [IO-Worker-2/WARN] [net.minecraft.world.level.chunk.storage.RegionFile/]: Chunk has both internal and external streams
[27Nov2025 12:50:54.998] [IO-Worker-2/ERROR] [net.minecraft.world.level.chunk.storage.RegionFile/]: External chunk path .\saves\New World\region\c.-1.16.mcc is not file
[27Nov2025 12:50:54.998] [IO-Worker-1/WARN] [net.minecraft.world.level.chunk.storage.RegionFile/]: Chunk has both internal and external streams
[27Nov2025 12:50:54.998] [IO-Worker-1/ERROR] [net.minecraft.world.level.chunk.storage.RegionFile/]: External chunk path .\saves\New World\region\c.0.16.mcc is not file
[27Nov2025 12:50:54.999] [IO-Worker-2/WARN] [net.minecraft.world.level.chunk.storage.RegionFile/]: Chunk has both internal and external streams
[27Nov2025 12:50:54.999] [IO-Worker-2/ERROR] [net.minecraft.world.level.chunk.storage.RegionFile/]: External chunk path .\saves\New World\region\c.1.16.mcc is not file
[27Nov2025 12:50:55.000] [IO-Worker-1/WARN] [net.minecraft.world.level.chunk.storage.RegionFile/]: Chunk has both internal and external streams
[27Nov2025 12:50:55.000] [IO-Worker-1/ERROR] [net.minecraft.world.level.chunk.storage.RegionFile/]: External chunk path .\saves\New World\region\c.2.16.mcc is not file
[27Nov2025 12:50:55.005] [IO-Worker-2/WARN] [net.minecraft.world.level.chunk.storage.RegionFile/]: Chunk has both internal and external streams
[27Nov2025 12:50:55.005] [IO-Worker-2/ERROR] [net.minecraft.world.level.chunk.storage.RegionFile/]: External chunk path .\saves\New World\region\c.3.14.mcc is not file
[27Nov2025 12:50:55.005] [IO-Worker-1/WARN] [net.minecraft.world.level.chunk.storage.RegionFile/]: Chunk has both internal and external streams
[27Nov2025 12:50:55.005] [IO-Worker-1/ERROR] [net.minecraft.world.level.chunk.storage.RegionFile/]: External chunk path .\saves\New World\region\c.3.15.mcc is not file
[27Nov2025 12:50:55.005] [IO-Worker-2/WARN] [net.minecraft.world.level.chunk.storage.RegionFile/]: Chunk has both internal and external streams
[27Nov2025 12:50:55.006] [IO-Worker-2/ERROR] [net.minecraft.world.level.chunk.storage.RegionFile/]: External chunk path .\saves\New World\region\c.3.16.mcc is not file
[27Nov2025 12:50:55.009] [IO-Worker-1/WARN] [net.minecraft.world.level.chunk.storage.RegionFile/]: Chunk has both internal and external streams
[27Nov2025 12:50:55.010] [IO-Worker-1/ERROR] [net.minecraft.world.level.chunk.storage.RegionFile/]: External chunk path .\saves\New World\region\c.4.14.mcc is not file
[27Nov2025 12:50:55.011] [IO-Worker-1/WARN] [net.minecraft.world.level.chunk.storage.RegionFile/]: Chunk has both internal and external streams
[27Nov2025 12:50:55.074] [IO-Worker-1/ERROR] [net.minecraft.world.level.chunk.storage.RegionFile/]: External chunk path .\saves\New World\region\c.4.16.mcc is not file
[27Nov2025 12:50:55.075] [IO-Worker-2/WARN] [net.minecraft.world.level.chunk.storage.RegionFile/]: Chunk has both internal and external streams
[27Nov2025 12:50:55.075] [IO-Worker-2/ERROR] [net.minecraft.world.level.chunk.storage.RegionFile/]: External chunk path .\saves\New World\region\c.-18.17.mcc is not file
[27Nov2025 12:50:55.075] [IO-Worker-2/WARN] [net.minecraft.world.level.chunk.storage.RegionFile/]: Chunk has both internal and external streams
[27Nov2025 12:50:55.075] [IO-Worker-2/ERROR] [net.minecraft.world.level.chunk.storage.RegionFile/]: External chunk path .\saves\New World\region\c.-16.17.mcc is not file
[27Nov2025 12:50:55.076] [IO-Worker-2/WARN] [net.minecraft.world.level.chunk.storage.RegionFile/]: Chunk has both internal and external streams
[27Nov2025 12:50:55.076] [IO-Worker-2/ERROR] [net.minecraft.world.level.chunk.storage.RegionFile/]: External chunk path .\saves\New World\region\c.-14.17.mcc is not file
[27Nov2025 12:50:55.077] [IO-Worker-1/WARN] [net.minecraft.world.level.chunk.storage.RegionFile/]: Chunk has both internal and external streams
[27Nov2025 12:50:55.077] [IO-Worker-1/ERROR] [net.minecraft.world.level.chunk.storage.RegionFile/]: External chunk path .\saves\New World\region\c.-13.17.mcc is not file
[27Nov2025 12:50:55.077] [IO-Worker-2/ERROR] [net.minecraft.world.level.chunk.storage.RegionFile/]: Chunk [-12, 17] stream is truncated: expected 104449 but read 4091
[27Nov2025 12:50:55.078] [IO-Worker-2/ERROR] [net.minecraft.world.level.chunk.storage.RegionFile/]: Chunk [-10, 17] stream is truncated: expected 104449 but read 4091
[27Nov2025 12:50:55.078] [IO-Worker-1/WARN] [net.minecraft.world.level.chunk.storage.RegionFile/]: Chunk has both internal and external streams
[27Nov2025 12:50:55.079] [IO-Worker-1/ERROR] [net.minecraft.world.level.chunk.storage.RegionFile/]: External chunk path .\saves\New World\region\c.-9.17.mcc is not file
[27Nov2025 12:50:55.079] [IO-Worker-2/WARN] [net.minecraft.world.level.chunk.storage.RegionFile/]: Chunk has both internal and external streams
[27Nov2025 12:50:55.080] [IO-Worker-2/ERROR] [net.minecraft.world.level.chunk.storage.RegionFile/]: External chunk path .\saves\New World\region\c.-8.17.mcc is not file
[27Nov2025 12:50:55.080] [IO-Worker-1/WARN] [net.minecraft.world.level.chunk.storage.RegionFile/]: Chunk has both internal and external streams
[27Nov2025 12:50:55.080] [IO-Worker-1/ERROR] [net.minecraft.world.level.chunk.storage.RegionFile/]: External chunk path .\saves\New World\region\c.-7.17.mcc is not file
[27Nov2025 12:50:55.080] [IO-Worker-2/WARN] [net.minecraft.world.level.chunk.storage.RegionFile/]: Chunk has both internal and external streams
[27Nov2025 12:50:55.081] [IO-Worker-2/ERROR] [net.minecraft.world.level.chunk.storage.RegionFile/]: External chunk path .\saves\New World\region\c.-6.17.mcc is not file
[27Nov2025 12:50:55.081] [IO-Worker-1/WARN] [net.minecraft.world.level.chunk.storage.RegionFile/]: Chunk has both internal and external streams
[27Nov2025 12:50:55.081] [IO-Worker-1/ERROR] [net.minecraft.world.level.chunk.storage.RegionFile/]: External chunk path .\saves\New World\region\c.-5.17.mcc is not file
[27Nov2025 12:50:55.081] [IO-Worker-2/WARN] [net.minecraft.world.level.chunk.storage.RegionFile/]: Chunk has both internal and external streams
[27Nov2025 12:50:55.082] [IO-Worker-2/ERROR] [net.minecraft.world.level.chunk.storage.RegionFile/]: External chunk path .\saves\New World\region\c.-4.17.mcc is not file
[27Nov2025 12:50:55.082] [IO-Worker-1/ERROR] [net.minecraft.world.level.chunk.storage.RegionFile/]: Chunk [-3, 17] stream is truncated: expected 104193 but read 4091
[27Nov2025 12:50:55.082] [IO-Worker-2/WARN] [net.minecraft.world.level.chunk.storage.RegionFile/]: Chunk has both internal and external streams
[27Nov2025 12:50:55.082] [IO-Worker-2/ERROR] [net.minecraft.world.level.chunk.storage.RegionFile/]: External chunk path .\saves\New World\region\c.-2.17.mcc is not file
[27Nov2025 12:50:55.083] [IO-Worker-2/WARN] [net.minecraft.world.level.chunk.storage.RegionFile/]: Chunk has both internal and external streams
[27Nov2025 12:50:55.083] [IO-Worker-2/ERROR] [net.minecraft.world.level.chunk.storage.RegionFile/]: External chunk path .\saves\New World\region\c.0.17.mcc is not file
[27Nov2025 12:50:55.083] [IO-Worker-1/WARN] [net.minecraft.world.level.chunk.storage.RegionFile/]: Chunk has both internal and external streams
[27Nov2025 12:50:55.083] [IO-Worker-1/ERROR] [net.minecraft.world.level.chunk.storage.RegionFile/]: External chunk path .\saves\New World\region\c.1.17.mcc is not file
[27Nov2025 12:50:55.083] [IO-Worker-2/WARN] [net.minecraft.world.level.chunk.storage.RegionFile/]: Chunk has both internal and external streams
[27Nov2025 12:50:55.085] [IO-Worker-2/ERROR] [net.minecraft.world.level.chunk.storage.RegionFile/]: External chunk path .\saves\New World\region\c.2.17.mcc is not file
[27Nov2025 12:50:55.085] [IO-Worker-1/WARN] [net.minecraft.world.level.chunk.storage.RegionFile/]: Chunk has both internal and external streams
[27Nov2025 12:50:55.085] [IO-Worker-1/ERROR] [net.minecraft.world.level.chunk.storage.RegionFile/]: External chunk path .\saves\New World\region\c.3.17.mcc is not file
[27Nov2025 12:50:55.085] [IO-Worker-2/WARN] [net.minecraft.world.level.chunk.storage.RegionFile/]: Chunk has both internal and external streams
[27Nov2025 12:50:55.085] [IO-Worker-2/ERROR] [net.minecraft.world.level.chunk.storage.RegionFile/]: External chunk path .\saves\New World\region\c.4.17.mcc is not file
[27Nov2025 12:50:55.087] [IO-Worker-1/WARN] [net.minecraft.world.level.chunk.storage.RegionFile/]: Chunk has both internal and external streams
[27Nov2025 12:50:55.095] [IO-Worker-1/ERROR] [net.minecraft.world.level.chunk.storage.RegionFile/]: External chunk path .\saves\New World\region\c.-14.18.mcc is not file
[27Nov2025 12:50:55.095] [IO-Worker-2/WARN] [net.minecraft.world.level.chunk.storage.RegionFile/]: Chunk has both internal and external streams
[27Nov2025 12:50:55.095] [IO-Worker-2/ERROR] [net.minecraft.world.level.chunk.storage.RegionFile/]: External chunk path .\saves\New World\region\c.-13.18.mcc is not file
[27Nov2025 12:50:55.095] [IO-Worker-1/WARN] [net.minecraft.world.level.chunk.storage.RegionFile/]: Chunk has both internal and external streams
[27Nov2025 12:50:55.095] [IO-Worker-1/ERROR] [net.minecraft.world.level.chunk.storage.RegionFile/]: External chunk path .\saves\New World\region\c.-12.18.mcc is not file
[27Nov2025 12:50:55.096] [IO-Worker-2/WARN] [net.minecraft.world.level.chunk.storage.RegionFile/]: Chunk has both internal and external streams
[27Nov2025 12:50:55.096] [IO-Worker-2/ERROR] [net.minecraft.world.level.chunk.storage.RegionFile/]: External chunk path .\saves\New World\region\c.-11.18.mcc is not file
[27Nov2025 12:50:55.096] [IO-Worker-1/WARN] [net.minecraft.world.level.chunk.storage.RegionFile/]: Chunk has both internal and external streams
[27Nov2025 12:50:55.096] [IO-Worker-1/ERROR] [net.minecraft.world.level.chunk.storage.RegionFile/]: External chunk path .\saves\New World\region\c.-10.18.mcc is not file
[27Nov2025 12:50:55.097] [IO-Worker-2/WARN] [net.minecraft.world.level.chunk.storage.RegionFile/]: Chunk has both internal and external streams
[27Nov2025 12:50:55.097] [IO-Worker-2/ERROR] [net.minecraft.world.level.chunk.storage.RegionFile/]: External chunk path .\saves\New World\region\c.-9.18.mcc is not file
[27Nov2025 12:50:55.098] [IO-Worker-1/WARN] [net.minecraft.world.level.chunk.storage.RegionFile/]: Chunk has both internal and external streams
[27Nov2025 12:50:55.098] [IO-Worker-1/ERROR] [net.minecraft.world.level.chunk.storage.RegionFile/]: External chunk path .\saves\New World\region\c.-6.18.mcc is not file
[27Nov2025 12:50:55.098] [IO-Worker-1/WARN] [net.minecraft.world.level.chunk.storage.RegionFile/]: Chunk has both internal and external streams
[27Nov2025 12:50:55.098] [IO-Worker-1/ERROR] [net.minecraft.world.level.chunk.storage.RegionFile/]: External chunk path .\saves\New World\region\c.-4.18.mcc is not file
[27Nov2025 12:50:55.099] [IO-Worker-2/WARN] [net.minecraft.world.level.chunk.storage.RegionFile/]: Chunk has both internal and external streams
[27Nov2025 12:50:55.099] [IO-Worker-2/ERROR] [net.minecraft.world.level.chunk.storage.RegionFile/]: External chunk path .\saves\New World\region\c.-3.18.mcc is not file
[27Nov2025 12:50:55.099] [IO-Worker-1/WARN] [net.minecraft.world.level.chunk.storage.RegionFile/]: Chunk has both internal and external streams
[27Nov2025 12:50:55.099] [IO-Worker-1/ERROR] [net.minecraft.world.level.chunk.storage.RegionFile/]: External chunk path .\saves\New World\region\c.-2.18.mcc is not file
[27Nov2025 12:50:55.100] [IO-Worker-2/ERROR] [net.minecraft.world.level.chunk.storage.RegionFile/]: Chunk [-1, 18] stream is truncated: expected 104705 but read 4091
[27Nov2025 12:50:55.100] [IO-Worker-1/WARN] [net.minecraft.world.level.chunk.storage.RegionFile/]: Chunk has both internal and external streams
[27Nov2025 12:50:55.100] [IO-Worker-1/ERROR] [net.minecraft.world.level.chunk.storage.RegionFile/]: External chunk path .\saves\New World\region\c.0.18.mcc is not file
[27Nov2025 12:50:55.100] [IO-Worker-2/WARN] [net.minecraft.world.level.chunk.storage.RegionFile/]: Chunk has both internal and external streams
[27Nov2025 12:50:55.100] [IO-Worker-2/ERROR] [net.minecraft.world.level.chunk.storage.RegionFile/]: External chunk path .\saves\New World\region\c.1.18.mcc is not file
[27Nov2025 12:50:55.101] [IO-Worker-1/WARN] [net.minecraft.world.level.chunk.storage.RegionFile/]: Chunk has both internal and external streams
[27Nov2025 12:50:55.101] [IO-Worker-1/ERROR] [net.minecraft.world.level.chunk.storage.RegionFile/]: External chunk path .\saves\New World\region\c.2.18.mcc is not file
[27Nov2025 12:50:55.101] [IO-Worker-2/WARN] [net.minecraft.world.level.chunk.storage.RegionFile/]: Chunk has both internal and external streams
[27Nov2025 12:50:55.101] [IO-Worker-2/ERROR] [net.minecraft.world.level.chunk.storage.RegionFile/]: External chunk path .\saves\New World\region\c.3.18.mcc is not file
[27Nov2025 12:50:55.101] [IO-Worker-1/WARN] [net.minecraft.world.level.chunk.storage.RegionFile/]: Chunk has both internal and external streams
[27Nov2025 12:50:55.102] [IO-Worker-1/ERROR] [net.minecraft.world.level.chunk.storage.RegionFile/]: External chunk path .\saves\New World\region\c.4.18.mcc is not file
[27Nov2025 12:50:55.107] [IO-Worker-1/WARN] [net.minecraft.world.level.chunk.storage.RegionFile/]: Chunk has both internal and external streams
[27Nov2025 12:50:55.108] [IO-Worker-1/ERROR] [net.minecraft.world.level.chunk.storage.RegionFile/]: External chunk path .\saves\New World\region\c.-19.0.mcc is not file
[27Nov2025 12:50:55.108] [IO-Worker-2/WARN] [net.minecraft.world.level.chunk.storage.RegionFile/]: Chunk has both internal and external streams
[27Nov2025 12:50:55.108] [IO-Worker-2/ERROR] [net.minecraft.world.level.chunk.storage.RegionFile/]: External chunk path .\saves\New World\region\c.-19.1.mcc is not file
[27Nov2025 12:50:55.109] [IO-Worker-1/WARN] [net.minecraft.world.level.chunk.storage.RegionFile/]: Chunk has both internal and external streams
[27Nov2025 12:50:55.109] [IO-Worker-1/ERROR] [net.minecraft.world.level.chunk.storage.RegionFile/]: External chunk path .\saves\New World\region\c.-19.2.mcc is not file
[27Nov2025 12:50:55.109] [IO-Worker-2/WARN] [net.minecraft.world.level.chunk.storage.RegionFile/]: Chunk has both internal and external streams
[27Nov2025 12:50:55.173] [IO-Worker-2/ERROR] [net.minecraft.world.level.chunk.storage.RegionFile/]: External chunk path .\saves\New World\region\c.-19.3.mcc is not file
[27Nov2025 12:50:55.173] [IO-Worker-1/WARN] [net.minecraft.world.level.chunk.storage.RegionFile/]: Chunk has both internal and external streams
[27Nov2025 12:50:55.175] [IO-Worker-1/ERROR] [net.minecraft.world.level.chunk.storage.RegionFile/]: External chunk path .\saves\New World\region\c.-19.4.mcc is not file
[27Nov2025 12:50:55.175] [IO-Worker-2/WARN] [net.minecraft.world.level.chunk.storage.RegionFile/]: Chunk has both internal and external streams
[27Nov2025 12:50:55.175] [IO-Worker-2/ERROR] [net.minecraft.world.level.chunk.storage.RegionFile/]: External chunk path .\saves\New World\region\c.-19.5.mcc is not file
[27Nov2025 12:50:55.175] [IO-Worker-1/WARN] [net.minecraft.world.level.chunk.storage.RegionFile/]: Chunk has both internal and external streams
[27Nov2025 12:50:55.176] [IO-Worker-1/ERROR] [net.minecraft.world.level.chunk.storage.RegionFile/]: External chunk path .\saves\New World\region\c.-19.6.mcc is not file
[27Nov2025 12:50:55.176] [IO-Worker-2/ERROR] [net.minecraft.world.level.chunk.storage.RegionFile/]: Chunk [-19, 7] stream is truncated: expected 105217 but read 4091
[27Nov2025 12:50:55.177] [IO-Worker-1/WARN] [net.minecraft.world.level.chunk.storage.RegionFile/]: Chunk has both internal and external streams
[27Nov2025 12:50:55.177] [IO-Worker-1/ERROR] [net.minecraft.world.level.chunk.storage.RegionFile/]: External chunk path .\saves\New World\region\c.-19.10.mcc is not file
[27Nov2025 12:50:55.177] [IO-Worker-2/WARN] [net.minecraft.world.level.chunk.storage.RegionFile/]: Chunk has both internal and external streams
[27Nov2025 12:50:55.177] [IO-Worker-2/ERROR] [net.minecraft.world.level.chunk.storage.RegionFile/]: External chunk path .\saves\New World\region\c.-19.11.mcc is not file
[27Nov2025 12:50:55.178] [IO-Worker-1/ERROR] [net.minecraft.world.level.chunk.storage.RegionFile/]: Chunk [-19, 12] stream is truncated: expected 105217 but read 4091
[27Nov2025 12:50:55.178] [IO-Worker-2/WARN] [net.minecraft.world.level.chunk.storage.RegionFile/]: Chunk has both internal and external streams
[27Nov2025 12:50:55.178] [IO-Worker-2/ERROR] [net.minecraft.world.level.chunk.storage.RegionFile/]: External chunk path .\saves\New World\region\c.-19.13.mcc is not file
[27Nov2025 12:50:55.179] [IO-Worker-1/ERROR] [net.minecraft.world.level.chunk.storage.RegionFile/]: Chunk [-19, 14] stream is truncated: expected 105217 but read 4091
[27Nov2025 12:50:55.179] [IO-Worker-2/WARN] [net.minecraft.world.level.chunk.storage.RegionFile/]: Chunk has both internal and external streams
[27Nov2025 12:50:55.179] [IO-Worker-2/ERROR] [net.minecraft.world.level.chunk.storage.RegionFile/]: External chunk path .\saves\New World\region\c.-19.15.mcc is not file
[27Nov2025 12:50:55.183] [IO-Worker-1/WARN] [net.minecraft.world.level.chunk.storage.RegionFile/]: Chunk has both internal and external streams
[27Nov2025 12:50:55.184] [IO-Worker-1/ERROR] [net.minecraft.world.level.chunk.storage.RegionFile/]: External chunk path .\saves\New World\region\c.5.14.mcc is not file
[27Nov2025 12:50:55.184] [IO-Worker-2/WARN] [net.minecraft.world.level.chunk.storage.RegionFile/]: Chunk has both internal and external streams
[27Nov2025 12:50:55.184] [IO-Worker-2/ERROR] [net.minecraft.world.level.chunk.storage.RegionFile/]: External chunk path .\saves\New World\region\c.5.15.mcc is not file
[27Nov2025 12:50:55.184] [IO-Worker-1/WARN] [net.minecraft.world.level.chunk.storage.RegionFile/]: Chunk has both internal and external streams
[27Nov2025 12:50:55.185] [IO-Worker-1/ERROR] [net.minecraft.world.level.chunk.storage.RegionFile/]: External chunk path .\saves\New World\region\c.5.16.mcc is not file
[27Nov2025 12:50:55.185] [IO-Worker-2/WARN] [net.minecraft.world.level.chunk.storage.RegionFile/]: Chunk has both internal and external streams
[27Nov2025 12:50:55.185] [IO-Worker-2/ERROR] [net.minecraft.world.level.chunk.storage.RegionFile/]: External chunk path .\saves\New World\region\c.5.17.mcc is not file
[27Nov2025 12:50:55.185] [IO-Worker-2/WARN] [net.minecraft.world.level.chunk.storage.RegionFile/]: Chunk has both internal and external streams
[27Nov2025 12:50:55.185] [IO-Worker-2/ERROR] [net.minecraft.world.level.chunk.storage.RegionFile/]: External chunk path .\saves\New World\region\c.5.18.mcc is not file
[27Nov2025 12:50:55.185] [IO-Worker-1/WARN] [net.minecraft.world.level.chunk.storage.RegionFile/]: Chunk has both internal and external streams
[27Nov2025 12:50:55.186] [IO-Worker-1/ERROR] [net.minecraft.world.level.chunk.storage.RegionFile/]: External chunk path .\saves\New World\region\c.-19.19.mcc is not file
[27Nov2025 12:50:55.186] [IO-Worker-1/WARN] [net.minecraft.world.level.chunk.storage.RegionFile/]: Chunk has both internal and external streams
[27Nov2025 12:50:55.186] [IO-Worker-1/ERROR] [net.minecraft.world.level.chunk.storage.RegionFile/]: External chunk path .\saves\New World\region\c.-17.19.mcc is not file
[27Nov2025 12:50:55.187] [IO-Worker-1/WARN] [net.minecraft.world.level.chunk.storage.RegionFile/]: Chunk has both internal and external streams
[27Nov2025 12:50:55.187] [IO-Worker-1/ERROR] [net.minecraft.world.level.chunk.storage.RegionFile/]: External chunk path .\saves\New World\region\c.-15.19.mcc is not file
[27Nov2025 12:50:55.188] [IO-Worker-2/ERROR] [net.minecraft.world.level.chunk.storage.RegionFile/]: Chunk [-14, 19] stream is truncated: expected 104961 but read 4091
[27Nov2025 12:50:55.188] [IO-Worker-1/WARN] [net.minecraft.world.level.chunk.storage.RegionFile/]: Chunk has both internal and external streams
[27Nov2025 12:50:55.188] [IO-Worker-1/ERROR] [net.minecraft.world.level.chunk.storage.RegionFile/]: External chunk path .\saves\New World\region\c.-13.19.mcc is not file
[27Nov2025 12:50:55.189] [IO-Worker-2/ERROR] [net.minecraft.world.level.chunk.storage.RegionFile/]: Chunk [-12, 19] stream is truncated: expected 104961 but read 4091
[27Nov2025 12:50:55.189] [IO-Worker-2/WARN] [net.minecraft.world.level.chunk.storage.RegionFile/]: Chunk has both internal and external streams
[27Nov2025 12:50:55.211] [IO-Worker-2/ERROR] [net.minecraft.world.level.chunk.storage.RegionFile/]: External chunk path .\saves\New World\region\c.-10.19.mcc is not file
[27Nov2025 12:50:55.212] [IO-Worker-2/WARN] [net.minecraft.world.level.chunk.storage.RegionFile/]: Chunk has both internal and external streams
[27Nov2025 12:50:55.212] [IO-Worker-2/ERROR] [net.minecraft.world.level.chunk.storage.RegionFile/]: External chunk path .\saves\New World\region\c.-8.19.mcc is not file
[27Nov2025 12:50:55.212] [IO-Worker-1/ERROR] [net.minecraft.world.level.chunk.storage.RegionFile/]: Chunk [-7, 19] stream is truncated: expected 104705 but read 4091
[27Nov2025 12:50:55.213] [IO-Worker-2/WARN] [net.minecraft.world.level.chunk.storage.RegionFile/]: Chunk has both internal and external streams
[27Nov2025 12:50:55.213] [IO-Worker-2/ERROR] [net.minecraft.world.level.chunk.storage.RegionFile/]: External chunk path .\saves\New World\region\c.-6.19.mcc is not file
[27Nov2025 12:50:55.214] [IO-Worker-1/WARN] [net.minecraft.world.level.chunk.storage.RegionFile/]: Chunk has both internal and external streams
[27Nov2025 12:50:55.214] [IO-Worker-1/ERROR] [net.minecraft.world.level.chunk.storage.RegionFile/]: External chunk path .\saves\New World\region\c.-3.19.mcc is not file
[27Nov2025 12:50:55.215] [IO-Worker-1/WARN] [net.minecraft.world.level.chunk.storage.RegionFile/]: Chunk has both internal and external streams
[27Nov2025 12:50:55.215] [IO-Worker-1/ERROR] [net.minecraft.world.level.chunk.storage.RegionFile/]: External chunk path .\saves\New World\region\c.-1.19.mcc is not file
[27Nov2025 12:50:55.215] [IO-Worker-2/WARN] [net.minecraft.world.level.chunk.storage.RegionFile/]: Chunk has both internal and external streams
[27Nov2025 12:50:55.216] [IO-Worker-2/ERROR] [net.minecraft.world.level.chunk.storage.RegionFile/]: External chunk path .\saves\New World\region\c.0.19.mcc is not file
[27Nov2025 12:50:55.216] [IO-Worker-1/WARN] [net.minecraft.world.level.chunk.storage.RegionFile/]: Chunk has both internal and external streams
[27Nov2025 12:50:55.216] [IO-Worker-1/ERROR] [net.minecraft.world.level.chunk.storage.RegionFile/]: External chunk path .\saves\New World\region\c.1.19.mcc is not file
[27Nov2025 12:50:55.216] [IO-Worker-2/WARN] [net.minecraft.world.level.chunk.storage.RegionFile/]: Chunk has both internal and external streams
[27Nov2025 12:50:55.216] [IO-Worker-2/ERROR] [net.minecraft.world.level.chunk.storage.RegionFile/]: External chunk path .\saves\New World\region\c.2.19.mcc is not file
[27Nov2025 12:50:55.217] [IO-Worker-1/WARN] [net.minecraft.world.level.chunk.storage.RegionFile/]: Chunk has both internal and external streams
[27Nov2025 12:50:55.217] [IO-Worker-1/ERROR] [net.minecraft.world.level.chunk.storage.RegionFile/]: External chunk path .\saves\New World\region\c.3.19.mcc is not file
[27Nov2025 12:50:55.218] [IO-Worker-2/WARN] [net.minecraft.world.level.chunk.storage.RegionFile/]: Chunk has both internal and external streams
[27Nov2025 12:50:55.218] [IO-Worker-2/ERROR] [net.minecraft.world.level.chunk.storage.RegionFile/]: External chunk path .\saves\New World\region\c.4.19.mcc is not file
[27Nov2025 12:50:55.218] [IO-Worker-1/WARN] [net.minecraft.world.level.chunk.storage.RegionFile/]: Chunk has both internal and external streams
[27Nov2025 12:50:55.218] [IO-Worker-1/ERROR] [net.minecraft.world.level.chunk.storage.RegionFile/]: External chunk path .\saves\New World\region\c.5.19.mcc is not file
[27Nov2025 12:50:55.225] [IO-Worker-2/WARN] [net.minecraft.world.level.chunk.storage.RegionFile/]: Chunk has both internal and external streams
[27Nov2025 12:50:55.226] [IO-Worker-2/ERROR] [net.minecraft.world.level.chunk.storage.RegionFile/]: External chunk path .\saves\New World\region\c.-20.4.mcc is not file
[27Nov2025 12:50:55.226] [IO-Worker-1/WARN] [net.minecraft.world.level.chunk.storage.RegionFile/]: Chunk has both internal and external streams
[27Nov2025 12:50:55.226] [IO-Worker-1/ERROR] [net.minecraft.world.level.chunk.storage.RegionFile/]: External chunk path .\saves\New World\region\c.-20.5.mcc is not file
[27Nov2025 12:50:55.227] [IO-Worker-2/ERROR] [net.minecraft.world.level.chunk.storage.RegionFile/]: Chunk [-20, 6] stream is truncated: expected 104961 but read 4091
[27Nov2025 12:50:55.227] [IO-Worker-1/WARN] [net.minecraft.world.level.chunk.storage.RegionFile/]: Chunk has both internal and external streams
[27Nov2025 12:50:55.228] [IO-Worker-1/ERROR] [net.minecraft.world.level.chunk.storage.RegionFile/]: External chunk path .\saves\New World\region\c.-20.7.mcc is not file
[27Nov2025 12:50:55.228] [IO-Worker-1/WARN] [net.minecraft.world.level.chunk.storage.RegionFile/]: Chunk has both internal and external streams
[27Nov2025 12:50:55.228] [IO-Worker-1/ERROR] [net.minecraft.world.level.chunk.storage.RegionFile/]: External chunk path .\saves\New World\region\c.-20.9.mcc is not file
[27Nov2025 12:50:55.229] [IO-Worker-2/WARN] [net.minecraft.world.level.chunk.storage.RegionFile/]: Chunk has both internal and external streams
[27Nov2025 12:50:55.229] [IO-Worker-2/ERROR] [net.minecraft.world.level.chunk.storage.RegionFile/]: External chunk path .\saves\New World\region\c.-20.10.mcc is not file
[27Nov2025 12:50:55.230] [IO-Worker-1/WARN] [net.minecraft.world.level.chunk.storage.RegionFile/]: Chunk has both internal and external streams
[27Nov2025 12:50:55.230] [IO-Worker-1/ERROR] [net.minecraft.world.level.chunk.storage.RegionFile/]: External chunk path .\saves\New World\region\c.-20.11.mcc is not file
[27Nov2025 12:50:55.230] [IO-Worker-2/WARN] [net.minecraft.world.level.chunk.storage.RegionFile/]: Chunk has both internal and external streams
[27Nov2025 12:50:55.231] [IO-Worker-2/ERROR] [net.minecraft.world.level.chunk.storage.RegionFile/]: External chunk path .\saves\New World\region\c.-20.12.mcc is not file
[27Nov2025 12:50:55.235] [IO-Worker-2/WARN] [net.minecraft.world.level.chunk.storage.RegionFile/]: Chunk has both internal and external streams
[27Nov2025 12:50:55.236] [IO-Worker-2/ERROR] [net.minecraft.world.level.chunk.storage.RegionFile/]: External chunk path .\saves\New World\region\c.6.14.mcc is not file
[27Nov2025 12:50:55.236] [IO-Worker-1/WARN] [net.minecraft.world.level.chunk.storage.RegionFile/]: Chunk has both internal and external streams
[27Nov2025 12:50:55.236] [IO-Worker-1/ERROR] [net.minecraft.world.level.chunk.storage.RegionFile/]: External chunk path .\saves\New World\region\c.6.15.mcc is not file
[27Nov2025 12:50:55.236] [IO-Worker-2/WARN] [net.minecraft.world.level.chunk.storage.RegionFile/]: Chunk has both internal and external streams
[27Nov2025 12:50:55.236] [IO-Worker-2/ERROR] [net.minecraft.world.level.chunk.storage.RegionFile/]: External chunk path .\saves\New World\region\c.6.16.mcc is not file
[27Nov2025 12:50:55.237] [IO-Worker-1/WARN] [net.minecraft.world.level.chunk.storage.RegionFile/]: Chunk has both internal and external streams
[27Nov2025 12:50:55.237] [IO-Worker-1/ERROR] [net.minecraft.world.level.chunk.storage.RegionFile/]: External chunk path .\saves\New World\region\c.-20.17.mcc is not file
[27Nov2025 12:50:55.237] [IO-Worker-2/WARN] [net.minecraft.world.level.chunk.storage.RegionFile/]: Chunk has both internal and external streams
[27Nov2025 12:50:55.237] [IO-Worker-2/ERROR] [net.minecraft.world.level.chunk.storage.RegionFile/]: External chunk path .\saves\New World\region\c.6.17.mcc is not file
[27Nov2025 12:50:55.238] [IO-Worker-2/WARN] [net.minecraft.world.level.chunk.storage.RegionFile/]: Chunk has both internal and external streams
[27Nov2025 12:50:55.238] [IO-Worker-2/ERROR] [net.minecraft.world.level.chunk.storage.RegionFile/]: External chunk path .\saves\New World\region\c.6.18.mcc is not file
[27Nov2025 12:50:55.238] [IO-Worker-2/WARN] [net.minecraft.world.level.chunk.storage.RegionFile/]: Chunk has both internal and external streams
[27Nov2025 12:50:55.239] [IO-Worker-2/ERROR] [net.minecraft.world.level.chunk.storage.RegionFile/]: External chunk path .\saves\New World\region\c.6.19.mcc is not file
[27Nov2025 12:50:55.241] [IO-Worker-1/WARN] [net.minecraft.world.level.chunk.storage.RegionFile/]: Chunk has both internal and external streams
[27Nov2025 12:50:55.241] [IO-Worker-1/ERROR] [net.minecraft.world.level.chunk.storage.RegionFile/]: External chunk path .\saves\New World\region\c.-12.20.mcc is not file
[27Nov2025 12:50:55.241] [IO-Worker-2/WARN] [net.minecraft.world.level.chunk.storage.RegionFile/]: Chunk has both internal and external streams
[27Nov2025 12:50:55.241] [IO-Worker-2/ERROR] [net.minecraft.world.level.chunk.storage.RegionFile/]: External chunk path .\saves\New World\region\c.-11.20.mcc is not file
[27Nov2025 12:50:55.242] [IO-Worker-1/WARN] [net.minecraft.world.level.chunk.storage.RegionFile/]: Chunk has both internal and external streams
[27Nov2025 12:50:55.242] [IO-Worker-1/ERROR] [net.minecraft.world.level.chunk.storage.RegionFile/]: External chunk path .\saves\New World\region\c.-8.20.mcc is not file
[27Nov2025 12:50:55.243] [IO-Worker-2/ERROR] [net.minecraft.world.level.chunk.storage.RegionFile/]: Chunk [-7, 20] stream is truncated: expected 104961 but read 4091
[27Nov2025 12:50:55.243] [IO-Worker-1/ERROR] [net.minecraft.world.level.chunk.storage.RegionFile/]: Chunk [-6, 20] stream is truncated: expected 104961 but read 4091
[27Nov2025 12:50:55.243] [IO-Worker-2/WARN] [net.minecraft.world.level.chunk.storage.RegionFile/]: Chunk has both internal and external streams
[27Nov2025 12:50:55.308] [IO-Worker-2/ERROR] [net.minecraft.world.level.chunk.storage.RegionFile/]: External chunk path .\saves\New World\region\c.-5.20.mcc is not file
[27Nov2025 12:50:55.309] [IO-Worker-1/WARN] [net.minecraft.world.level.chunk.storage.RegionFile/]: Chunk has both internal and external streams
[27Nov2025 12:50:55.309] [IO-Worker-1/ERROR] [net.minecraft.world.level.chunk.storage.RegionFile/]: External chunk path .\saves\New World\region\c.-4.20.mcc is not file
[27Nov2025 12:50:55.309] [IO-Worker-1/WARN] [net.minecraft.world.level.chunk.storage.RegionFile/]: Chunk has both internal and external streams
[27Nov2025 12:50:55.309] [IO-Worker-1/ERROR] [net.minecraft.world.level.chunk.storage.RegionFile/]: External chunk path .\saves\New World\region\c.-2.20.mcc is not file
[27Nov2025 12:50:55.310] [IO-Worker-2/WARN] [net.minecraft.world.level.chunk.storage.RegionFile/]: Chunk has both internal and external streams
[27Nov2025 12:50:55.310] [IO-Worker-2/ERROR] [net.minecraft.world.level.chunk.storage.RegionFile/]: External chunk path .\saves\New World\region\c.-1.20.mcc is not file
[27Nov2025 12:50:55.310] [IO-Worker-1/WARN] [net.minecraft.world.level.chunk.storage.RegionFile/]: Chunk has both internal and external streams
[27Nov2025 12:50:55.310] [IO-Worker-1/ERROR] [net.minecraft.world.level.chunk.storage.RegionFile/]: External chunk path .\saves\New World\region\c.0.20.mcc is not file
[27Nov2025 12:50:55.316] [IO-Worker-2/WARN] [net.minecraft.world.level.chunk.storage.RegionFile/]: Chunk has both internal and external streams
[27Nov2025 12:50:55.317] [IO-Worker-2/ERROR] [net.minecraft.world.level.chunk.storage.RegionFile/]: External chunk path .\saves\New World\region\c.1.20.mcc is not file
[27Nov2025 12:50:55.317] [IO-Worker-1/WARN] [net.minecraft.world.level.chunk.storage.RegionFile/]: Chunk has both internal and external streams
[27Nov2025 12:50:55.317] [IO-Worker-1/ERROR] [net.minecraft.world.level.chunk.storage.RegionFile/]: External chunk path .\saves\New World\region\c.2.20.mcc is not file
[27Nov2025 12:50:55.318] [IO-Worker-2/WARN] [net.minecraft.world.level.chunk.storage.RegionFile/]: Chunk has both internal and external streams
[27Nov2025 12:50:55.318] [IO-Worker-2/ERROR] [net.minecraft.world.level.chunk.storage.RegionFile/]: External chunk path .\saves\New World\region\c.3.20.mcc is not file
[27Nov2025 12:50:55.318] [IO-Worker-1/WARN] [net.minecraft.world.level.chunk.storage.RegionFile/]: Chunk has both internal and external streams
[27Nov2025 12:50:55.318] [IO-Worker-1/ERROR] [net.minecraft.world.level.chunk.storage.RegionFile/]: External chunk path .\saves\New World\region\c.4.20.mcc is not file
[27Nov2025 12:50:55.318] [IO-Worker-2/WARN] [net.minecraft.world.level.chunk.storage.RegionFile/]: Chunk has both internal and external streams
[27Nov2025 12:50:55.318] [IO-Worker-2/ERROR] [net.minecraft.world.level.chunk.storage.RegionFile/]: External chunk path .\saves\New World\region\c.5.20.mcc is not file
[27Nov2025 12:50:55.323] [IO-Worker-2/WARN] [net.minecraft.world.level.chunk.storage.RegionFile/]: Chunk has both internal and external streams
[27Nov2025 12:50:55.323] [IO-Worker-2/ERROR] [net.minecraft.world.level.chunk.storage.RegionFile/]: External chunk path .\saves\New World\region\c.-6.21.mcc is not file
[27Nov2025 12:50:55.325] [IO-Worker-1/WARN] [net.minecraft.world.level.chunk.storage.RegionFile/]: Chunk has both internal and external streams
[27Nov2025 12:50:55.325] [IO-Worker-1/ERROR] [net.minecraft.world.level.chunk.storage.RegionFile/]: External chunk path .\saves\New World\region\c.-1.21.mcc is not file
[27Nov2025 12:50:55.326] [IO-Worker-2/WARN] [net.minecraft.world.level.chunk.storage.RegionFile/]: Chunk has both internal and external streams
[27Nov2025 12:50:55.326] [IO-Worker-2/ERROR] [net.minecraft.world.level.chunk.storage.RegionFile/]: External chunk path .\saves\New World\region\c.2.21.mcc is not file
[27Nov2025 12:50:55.326] [IO-Worker-1/WARN] [net.minecraft.world.level.chunk.storage.RegionFile/]: Chunk has both internal and external streams
[27Nov2025 12:50:55.326] [IO-Worker-1/ERROR] [net.minecraft.world.level.chunk.storage.RegionFile/]: External chunk path .\saves\New World\region\c.3.21.mcc is not file
[27Nov2025 12:50:55.326] [IO-Worker-2/WARN] [net.minecraft.world.level.chunk.storage.RegionFile/]: Chunk has both internal and external streams
[27Nov2025 12:50:55.326] [IO-Worker-2/ERROR] [net.minecraft.world.level.chunk.storage.RegionFile/]: External chunk path .\saves\New World\region\c.4.21.mcc is not file
[27Nov2025 12:50:55.328] [IO-Worker-1/WARN] [net.minecraft.world.level.chunk.storage.RegionFile/]: Chunk has both internal and external streams
[27Nov2025 12:50:55.329] [IO-Worker-1/ERROR] [net.minecraft.world.level.chunk.storage.RegionFile/]: External chunk path .\saves\New World\region\c.-21.0.mcc is not file
[27Nov2025 12:50:55.329] [IO-Worker-2/WARN] [net.minecraft.world.level.chunk.storage.RegionFile/]: Chunk has both internal and external streams
[27Nov2025 12:50:55.330] [IO-Worker-2/ERROR] [net.minecraft.world.level.chunk.storage.RegionFile/]: External chunk path .\saves\New World\region\c.-21.1.mcc is not file
[27Nov2025 12:50:55.330] [IO-Worker-1/WARN] [net.minecraft.world.level.chunk.storage.RegionFile/]: Chunk has both internal and external streams
[27Nov2025 12:50:55.330] [IO-Worker-1/ERROR] [net.minecraft.world.level.chunk.storage.RegionFile/]: External chunk path .\saves\New World\region\c.-21.2.mcc is not file
[27Nov2025 12:50:55.331] [IO-Worker-2/WARN] [net.minecraft.world.level.chunk.storage.RegionFile/]: Chunk has both internal and external streams
[27Nov2025 12:50:55.331] [IO-Worker-2/ERROR] [net.minecraft.world.level.chunk.storage.RegionFile/]: External chunk path .\saves\New World\region\c.-21.3.mcc is not file
[27Nov2025 12:50:55.355] [IO-Worker-1/WARN] [net.minecraft.world.level.chunk.storage.RegionFile/]: Chunk has both internal and external streams
[27Nov2025 12:50:55.356] [IO-Worker-1/ERROR] [net.minecraft.world.level.chunk.storage.RegionFile/]: External chunk path .\saves\New World\region\c.-21.6.mcc is not file
[27Nov2025 12:50:55.356] [IO-Worker-2/WARN] [net.minecraft.world.level.chunk.storage.RegionFile/]: Chunk has both internal and external streams
[27Nov2025 12:50:55.356] [IO-Worker-2/ERROR] [net.minecraft.world.level.chunk.storage.RegionFile/]: External chunk path .\saves\New World\region\c.-21.7.mcc is not file
[27Nov2025 12:50:55.357] [IO-Worker-1/WARN] [net.minecraft.world.level.chunk.storage.RegionFile/]: Chunk has both internal and external streams
[27Nov2025 12:50:55.357] [IO-Worker-1/ERROR] [net.minecraft.world.level.chunk.storage.RegionFile/]: External chunk path .\saves\New World\region\c.-21.10.mcc is not file
[27Nov2025 12:50:55.357] [IO-Worker-2/WARN] [net.minecraft.world.level.chunk.storage.RegionFile/]: Chunk has both internal and external streams
[27Nov2025 12:50:55.357] [IO-Worker-2/ERROR] [net.minecraft.world.level.chunk.storage.RegionFile/]: External chunk path .\saves\New World\region\c.-21.11.mcc is not file
[27Nov2025 12:50:55.358] [IO-Worker-1/WARN] [net.minecraft.world.level.chunk.storage.RegionFile/]: Chunk has both internal and external streams
[27Nov2025 12:50:55.358] [IO-Worker-1/ERROR] [net.minecraft.world.level.chunk.storage.RegionFile/]: External chunk path .\saves\New World\region\c.-21.12.mcc is not file
[27Nov2025 12:50:55.358] [IO-Worker-2/ERROR] [net.minecraft.world.level.chunk.storage.RegionFile/]: Chunk [-21, 13] stream is truncated: expected 105217 but read 4091
[27Nov2025 12:50:55.359] [IO-Worker-2/WARN] [net.minecraft.world.level.chunk.storage.RegionFile/]: Chunk has both internal and external streams
[27Nov2025 12:50:55.360] [IO-Worker-2/ERROR] [net.minecraft.world.level.chunk.storage.RegionFile/]: External chunk path .\saves\New World\region\c.-21.17.mcc is not file
[27Nov2025 12:50:55.362] [IO-Worker-1/WARN] [net.minecraft.world.level.chunk.storage.RegionFile/]: Chunk has both internal and external streams
[27Nov2025 12:50:55.362] [IO-Worker-1/ERROR] [net.minecraft.world.level.chunk.storage.RegionFile/]: External chunk path .\saves\New World\region\c.-20.22.mcc is not file
[27Nov2025 12:50:55.363] [IO-Worker-2/WARN] [net.minecraft.world.level.chunk.storage.RegionFile/]: Chunk has both internal and external streams
[27Nov2025 12:50:55.363] [IO-Worker-2/ERROR] [net.minecraft.world.level.chunk.storage.RegionFile/]: External chunk path .\saves\New World\region\c.-19.22.mcc is not file
[27Nov2025 12:50:55.364] [IO-Worker-1/WARN] [net.minecraft.world.level.chunk.storage.RegionFile/]: Chunk has both internal and external streams
[27Nov2025 12:50:55.365] [IO-Worker-1/ERROR] [net.minecraft.world.level.chunk.storage.RegionFile/]: External chunk path .\saves\New World\region\c.-14.22.mcc is not file
[27Nov2025 12:50:55.365] [IO-Worker-2/WARN] [net.minecraft.world.level.chunk.storage.RegionFile/]: Chunk has both internal and external streams
[27Nov2025 12:50:55.365] [IO-Worker-2/ERROR] [net.minecraft.world.level.chunk.storage.RegionFile/]: External chunk path .\saves\New World\region\c.-11.22.mcc is not file
[27Nov2025 12:50:55.366] [IO-Worker-2/WARN] [net.minecraft.world.level.chunk.storage.RegionFile/]: Chunk has both internal and external streams
[27Nov2025 12:50:55.366] [IO-Worker-2/ERROR] [net.minecraft.world.level.chunk.storage.RegionFile/]: External chunk path .\saves\New World\region\c.-9.22.mcc is not file
[27Nov2025 12:50:55.367] [IO-Worker-1/WARN] [net.minecraft.world.level.chunk.storage.RegionFile/]: Chunk has both internal and external streams
[27Nov2025 12:50:55.367] [IO-Worker-1/ERROR] [net.minecraft.world.level.chunk.storage.RegionFile/]: External chunk path .\saves\New World\region\c.-4.22.mcc is not file
[27Nov2025 12:50:55.368] [IO-Worker-1/WARN] [net.minecraft.world.level.chunk.storage.RegionFile/]: Chunk has both internal and external streams
[27Nov2025 12:50:55.368] [IO-Worker-1/ERROR] [net.minecraft.world.level.chunk.storage.RegionFile/]: External chunk path .\saves\New World\region\c.0.22.mcc is not file
[27Nov2025 12:50:55.371] [IO-Worker-1/WARN] [net.minecraft.world.level.chunk.storage.RegionFile/]: Chunk has both internal and external streams
[27Nov2025 12:50:55.371] [IO-Worker-1/ERROR] [net.minecraft.world.level.chunk.storage.RegionFile/]: External chunk path .\saves\New World\region\c.3.-20.mcc is not file
[27Nov2025 12:50:55.371] [IO-Worker-1/WARN] [net.minecraft.world.level.chunk.storage.RegionFile/]: Chunk has both internal and external streams
[27Nov2025 12:50:55.372] [IO-Worker-1/ERROR] [net.minecraft.world.level.chunk.storage.RegionFile/]: External chunk path .\saves\New World\region\c.5.-20.mcc is not file
[27Nov2025 12:50:55.372] [IO-Worker-2/WARN] [net.minecraft.world.level.chunk.storage.RegionFile/]: Chunk has both internal and external streams
[27Nov2025 12:50:55.372] [IO-Worker-2/ERROR] [net.minecraft.world.level.chunk.storage.RegionFile/]: External chunk path .\saves\New World\region\c.6.-20.mcc is not file
[27Nov2025 12:50:55.372] [IO-Worker-1/ERROR] [net.minecraft.world.level.chunk.storage.RegionFile/]: Chunk [7, -20] stream is truncated: expected 105473 but read 4091
[27Nov2025 12:50:55.373] [IO-Worker-2/WARN] [net.minecraft.world.level.chunk.storage.RegionFile/]: Chunk has both internal and external streams
[27Nov2025 12:50:55.373] [IO-Worker-2/ERROR] [net.minecraft.world.level.chunk.storage.RegionFile/]: External chunk path .\saves\New World\region\c.8.-20.mcc is not file
[27Nov2025 12:50:55.373] [IO-Worker-2/WARN] [net.minecraft.world.level.chunk.storage.RegionFile/]: Chunk has both internal and external streams
[27Nov2025 12:50:55.373] [IO-Worker-2/ERROR] [net.minecraft.world.level.chunk.storage.RegionFile/]: External chunk path .\saves\New World\region\c.10.-20.mcc is not file
[27Nov2025 12:50:55.375] [IO-Worker-2/WARN] [net.minecraft.world.level.chunk.storage.RegionFile/]: Chunk has both internal and external streams
[27Nov2025 12:50:55.375] [IO-Worker-2/ERROR] [net.minecraft.world.level.chunk.storage.RegionFile/]: External chunk path .\saves\New World\region\c.12.-20.mcc is not file
[27Nov2025 12:50:55.375] [IO-Worker-1/WARN] [net.minecraft.world.level.chunk.storage.RegionFile/]: Chunk has both internal and external streams
[27Nov2025 12:50:55.375] [IO-Worker-1/ERROR] [net.minecraft.world.level.chunk.storage.RegionFile/]: External chunk path .\saves\New World\region\c.13.-20.mcc is not file
[27Nov2025 12:50:55.375] [IO-Worker-2/ERROR] [net.minecraft.world.level.chunk.storage.RegionFile/]: Chunk [14, -20] stream is truncated: expected 105217 but read 4091
[27Nov2025 12:50:55.376] [IO-Worker-1/WARN] [net.minecraft.world.level.chunk.storage.RegionFile/]: Chunk has both internal and external streams
[27Nov2025 12:50:55.376] [IO-Worker-1/ERROR] [net.minecraft.world.level.chunk.storage.RegionFile/]: External chunk path .\saves\New World\region\c.15.-20.mcc is not file
[27Nov2025 12:50:55.377] [IO-Worker-1/WARN] [net.minecraft.world.level.chunk.storage.RegionFile/]: Chunk has both internal and external streams
[27Nov2025 12:50:55.377] [IO-Worker-1/ERROR] [net.minecraft.world.level.chunk.storage.RegionFile/]: External chunk path .\saves\New World\region\c.2.-19.mcc is not file
[27Nov2025 12:50:55.377] [IO-Worker-2/WARN] [net.minecraft.world.level.chunk.storage.RegionFile/]: Chunk has both internal and external streams
[27Nov2025 12:50:55.377] [IO-Worker-2/ERROR] [net.minecraft.world.level.chunk.storage.RegionFile/]: External chunk path .\saves\New World\region\c.3.-19.mcc is not file
[27Nov2025 12:50:55.378] [IO-Worker-1/WARN] [net.minecraft.world.level.chunk.storage.RegionFile/]: Chunk has both internal and external streams
[27Nov2025 12:50:55.378] [IO-Worker-1/ERROR] [net.minecraft.world.level.chunk.storage.RegionFile/]: External chunk path .\saves\New World\region\c.4.-19.mcc is not file
[27Nov2025 12:50:55.378] [IO-Worker-1/WARN] [net.minecraft.world.level.chunk.storage.RegionFile/]: Chunk has both internal and external streams
[27Nov2025 12:50:55.379] [IO-Worker-1/ERROR] [net.minecraft.world.level.chunk.storage.RegionFile/]: External chunk path .\saves\New World\region\c.6.-19.mcc is not file
[27Nov2025 12:50:55.379] [IO-Worker-2/WARN] [net.minecraft.world.level.chunk.storage.RegionFile/]: Chunk has both internal and external streams
[27Nov2025 12:50:55.379] [IO-Worker-2/ERROR] [net.minecraft.world.level.chunk.storage.RegionFile/]: External chunk path .\saves\New World\region\c.7.-19.mcc is not file
[27Nov2025 12:50:55.380] [IO-Worker-2/WARN] [net.minecraft.world.level.chunk.storage.RegionFile/]: Chunk has both internal and external streams
[27Nov2025 12:50:55.380] [IO-Worker-2/ERROR] [net.minecraft.world.level.chunk.storage.RegionFile/]: External chunk path .\saves\New World\region\c.9.-19.mcc is not file
[27Nov2025 12:50:55.380] [IO-Worker-1/ERROR] [net.minecraft.world.level.chunk.storage.RegionFile/]: Chunk [10, -19] stream is truncated: expected 2023550358 but read 4091
[27Nov2025 12:50:55.381] [IO-Worker-2/ERROR] [net.minecraft.world.level.chunk.storage.RegionFile/]: Chunk [11, -19] stream is truncated: expected 2023550358 but read 4091
[27Nov2025 12:50:55.381] [IO-Worker-1/WARN] [net.minecraft.world.level.chunk.storage.RegionFile/]: Chunk has both internal and external streams
[27Nov2025 12:50:55.381] [IO-Worker-1/ERROR] [net.minecraft.world.level.chunk.storage.RegionFile/]: External chunk path .\saves\New World\region\c.12.-19.mcc is not file
[27Nov2025 12:50:55.382] [IO-Worker-2/WARN] [net.minecraft.world.level.chunk.storage.RegionFile/]: Chunk has both internal and external streams
[27Nov2025 12:50:55.382] [IO-Worker-2/ERROR] [net.minecraft.world.level.chunk.storage.RegionFile/]: External chunk path .\saves\New World\region\c.13.-19.mcc is not file
[27Nov2025 12:50:55.382] [IO-Worker-1/WARN] [net.minecraft.world.level.chunk.storage.RegionFile/]: Chunk has both internal and external streams
[27Nov2025 12:50:55.383] [IO-Worker-1/ERROR] [net.minecraft.world.level.chunk.storage.RegionFile/]: External chunk path .\saves\New World\region\c.14.-19.mcc is not file
[27Nov2025 12:50:55.383] [IO-Worker-1/WARN] [net.minecraft.world.level.chunk.storage.RegionFile/]: Chunk has both internal and external streams
[27Nov2025 12:50:55.384] [IO-Worker-1/ERROR] [net.minecraft.world.level.chunk.storage.RegionFile/]: External chunk path .\saves\New World\region\c.16.-19.mcc is not file
[27Nov2025 12:50:55.384] [IO-Worker-2/WARN] [net.minecraft.world.level.chunk.storage.RegionFile/]: Chunk has both internal and external streams
[27Nov2025 12:50:55.385] [IO-Worker-2/ERROR] [net.minecraft.world.level.chunk.storage.RegionFile/]: External chunk path .\saves\New World\region\c.2.-18.mcc is not file
[27Nov2025 12:50:55.385] [IO-Worker-2/WARN] [net.minecraft.world.level.chunk.storage.RegionFile/]: Chunk has both internal and external streams
[27Nov2025 12:50:55.385] [IO-Worker-2/ERROR] [net.minecraft.world.level.chunk.storage.RegionFile/]: External chunk path .\saves\New World\region\c.4.-18.mcc is not file
[27Nov2025 12:50:55.385] [IO-Worker-1/WARN] [net.minecraft.world.level.chunk.storage.RegionFile/]: Chunk has both internal and external streams
[27Nov2025 12:50:55.385] [IO-Worker-1/ERROR] [net.minecraft.world.level.chunk.storage.RegionFile/]: External chunk path .\saves\New World\region\c.5.-18.mcc is not file
[27Nov2025 12:50:55.386] [IO-Worker-2/WARN] [net.minecraft.world.level.chunk.storage.RegionFile/]: Chunk has both internal and external streams
[27Nov2025 12:50:55.386] [IO-Worker-2/ERROR] [net.minecraft.world.level.chunk.storage.RegionFile/]: External chunk path .\saves\New World\region\c.6.-18.mcc is not file
[27Nov2025 12:50:55.386] [IO-Worker-1/WARN] [net.minecraft.world.level.chunk.storage.RegionFile/]: Chunk has both internal and external streams
[27Nov2025 12:50:55.386] [IO-Worker-1/ERROR] [net.minecraft.world.level.chunk.storage.RegionFile/]: External chunk path .\saves\New World\region\c.7.-18.mcc is not file
[27Nov2025 12:50:55.386] [IO-Worker-2/WARN] [net.minecraft.world.level.chunk.storage.RegionFile/]: Chunk has both internal and external streams
[27Nov2025 12:50:55.387] [IO-Worker-2/ERROR] [net.minecraft.world.level.chunk.storage.RegionFile/]: External chunk path .\saves\New World\region\c.8.-18.mcc is not file
[27Nov2025 12:50:55.387] [IO-Worker-1/WARN] [net.minecraft.world.level.chunk.storage.RegionFile/]: Chunk has both internal and external streams
[27Nov2025 12:50:55.387] [IO-Worker-1/ERROR] [net.minecraft.world.level.chunk.storage.RegionFile/]: External chunk path .\saves\New World\region\c.9.-18.mcc is not file
[27Nov2025 12:50:55.388] [IO-Worker-1/WARN] [net.minecraft.world.level.chunk.storage.RegionFile/]: Chunk has both internal and external streams
[27Nov2025 12:50:55.388] [IO-Worker-1/ERROR] [net.minecraft.world.level.chunk.storage.RegionFile/]: External chunk path .\saves\New World\region\c.11.-18.mcc is not file
[27Nov2025 12:50:55.388] [IO-Worker-2/WARN] [net.minecraft.world.level.chunk.storage.RegionFile/]: Chunk has both internal and external streams
[27Nov2025 12:50:55.388] [IO-Worker-2/ERROR] [net.minecraft.world.level.chunk.storage.RegionFile/]: External chunk path .\saves\New World\region\c.12.-18.mcc is not file
[27Nov2025 12:50:55.389] [IO-Worker-1/WARN] [net.minecraft.world.level.chunk.storage.RegionFile/]: Chunk has both internal and external streams
[27Nov2025 12:50:55.389] [IO-Worker-1/ERROR] [net.minecraft.world.level.chunk.storage.RegionFile/]: External chunk path .\saves\New World\region\c.13.-18.mcc is not file
[27Nov2025 12:50:55.389] [IO-Worker-2/WARN] [net.minecraft.world.level.chunk.storage.RegionFile/]: Chunk has both internal and external streams
[27Nov2025 12:50:55.389] [IO-Worker-2/ERROR] [net.minecraft.world.level.chunk.storage.RegionFile/]: External chunk path .\saves\New World\region\c.14.-18.mcc is not file
[27Nov2025 12:50:55.390] [IO-Worker-1/WARN] [net.minecraft.world.level.chunk.storage.RegionFile/]: Chunk has both internal and external streams
[27Nov2025 12:50:55.390] [IO-Worker-1/ERROR] [net.minecraft.world.level.chunk.storage.RegionFile/]: External chunk path .\saves\New World\region\c.15.-18.mcc is not file
[27Nov2025 12:50:55.390] [IO-Worker-2/WARN] [net.minecraft.world.level.chunk.storage.RegionFile/]: Chunk has both internal and external streams
[27Nov2025 12:50:55.391] [IO-Worker-2/ERROR] [net.minecraft.world.level.chunk.storage.RegionFile/]: External chunk path .\saves\New World\region\c.16.-18.mcc is not file
[27Nov2025 12:50:55.391] [IO-Worker-1/WARN] [net.minecraft.world.level.chunk.storage.RegionFile/]: Chunk has both internal and external streams
[27Nov2025 12:50:55.391] [IO-Worker-1/ERROR] [net.minecraft.world.level.chunk.storage.RegionFile/]: External chunk path .\saves\New World\region\c.17.-18.mcc is not file
[27Nov2025 12:50:55.392] [IO-Worker-1/WARN] [net.minecraft.world.level.chunk.storage.RegionFile/]: Chunk has both internal and external streams
[27Nov2025 12:50:55.392] [IO-Worker-1/ERROR] [net.minecraft.world.level.chunk.storage.RegionFile/]: External chunk path .\saves\New World\region\c.2.-17.mcc is not file
[27Nov2025 12:50:55.393] [IO-Worker-2/ERROR] [net.minecraft.world.level.chunk.storage.RegionFile/]: Chunk [3, -17] stream is truncated: expected 2023550359 but read 4091
[27Nov2025 12:50:55.393] [IO-Worker-1/ERROR] [net.minecraft.world.level.chunk.storage.RegionFile/]: Chunk [4, -17] stream is truncated: expected 2023550359 but read 4091
[27Nov2025 12:50:55.393] [IO-Worker-2/ERROR] [net.minecraft.world.level.chunk.storage.RegionFile/]: Chunk [5, -17] stream is truncated: expected 2023550359 but read 4091
[27Nov2025 12:50:55.395] [IO-Worker-2/WARN] [net.minecraft.world.level.chunk.storage.RegionFile/]: Chunk has both internal and external streams
[27Nov2025 12:50:55.395] [IO-Worker-2/ERROR] [net.minecraft.world.level.chunk.storage.RegionFile/]: External chunk path .\saves\New World\region\c.7.-17.mcc is not file
[27Nov2025 12:50:55.395] [IO-Worker-1/WARN] [net.minecraft.world.level.chunk.storage.RegionFile/]: Chunk has both internal and external streams
[27Nov2025 12:50:55.396] [IO-Worker-1/ERROR] [net.minecraft.world.level.chunk.storage.RegionFile/]: External chunk path .\saves\New World\region\c.8.-17.mcc is not file
[27Nov2025 12:50:55.396] [IO-Worker-2/WARN] [net.minecraft.world.level.chunk.storage.RegionFile/]: Chunk has both internal and external streams
[27Nov2025 12:50:55.396] [IO-Worker-2/ERROR] [net.minecraft.world.level.chunk.storage.RegionFile/]: External chunk path .\saves\New World\region\c.9.-17.mcc is not file
[27Nov2025 12:50:55.397] [IO-Worker-1/WARN] [net.minecraft.world.level.chunk.storage.RegionFile/]: Chunk has both internal and external streams
[27Nov2025 12:50:55.397] [IO-Worker-1/ERROR] [net.minecraft.world.level.chunk.storage.RegionFile/]: External chunk path .\saves\New World\region\c.10.-17.mcc is not file
[27Nov2025 12:50:55.397] [IO-Worker-2/WARN] [net.minecraft.world.level.chunk.storage.RegionFile/]: Chunk has both internal and external streams
[27Nov2025 12:50:55.397] [IO-Worker-2/ERROR] [net.minecraft.world.level.chunk.storage.RegionFile/]: External chunk path .\saves\New World\region\c.11.-17.mcc is not file
[27Nov2025 12:50:55.398] [IO-Worker-1/WARN] [net.minecraft.world.level.chunk.storage.RegionFile/]: Chunk has both internal and external streams
[27Nov2025 12:50:55.398] [IO-Worker-1/ERROR] [net.minecraft.world.level.chunk.storage.RegionFile/]: External chunk path .\saves\New World\region\c.12.-17.mcc is not file
[27Nov2025 12:50:55.399] [IO-Worker-1/WARN] [net.minecraft.world.level.chunk.storage.RegionFile/]: Chunk has both internal and external streams
[27Nov2025 12:50:55.399] [IO-Worker-1/ERROR] [net.minecraft.world.level.chunk.storage.RegionFile/]: External chunk path .\saves\New World\region\c.14.-17.mcc is not file
[27Nov2025 12:50:55.399] [IO-Worker-2/WARN] [net.minecraft.world.level.chunk.storage.RegionFile/]: Chunk has both internal and external streams
[27Nov2025 12:50:55.400] [IO-Worker-2/ERROR] [net.minecraft.world.level.chunk.storage.RegionFile/]: External chunk path .\saves\New World\region\c.15.-17.mcc is not file
[27Nov2025 12:50:55.400] [IO-Worker-1/WARN] [net.minecraft.world.level.chunk.storage.RegionFile/]: Chunk has both internal and external streams
[27Nov2025 12:50:55.400] [IO-Worker-1/ERROR] [net.minecraft.world.level.chunk.storage.RegionFile/]: External chunk path .\saves\New World\region\c.16.-17.mcc is not file
[27Nov2025 12:50:55.401] [IO-Worker-2/WARN] [net.minecraft.world.level.chunk.storage.RegionFile/]: Chunk has both internal and external streams
[27Nov2025 12:50:55.401] [IO-Worker-2/ERROR] [net.minecraft.world.level.chunk.storage.RegionFile/]: External chunk path .\saves\New World\region\c.17.-17.mcc is not file
[27Nov2025 12:50:55.402] [IO-Worker-2/WARN] [net.minecraft.world.level.chunk.storage.RegionFile/]: Chunk has both internal and external streams
[27Nov2025 12:50:55.402] [IO-Worker-2/ERROR] [net.minecraft.world.level.chunk.storage.RegionFile/]: External chunk path .\saves\New World\region\c.2.-16.mcc is not file
[27Nov2025 12:50:55.402] [IO-Worker-1/WARN] [net.minecraft.world.level.chunk.storage.RegionFile/]: Chunk has both internal and external streams
[27Nov2025 12:50:55.403] [IO-Worker-1/ERROR] [net.minecraft.world.level.chunk.storage.RegionFile/]: External chunk path .\saves\New World\region\c.3.-16.mcc is not file
[27Nov2025 12:50:55.403] [IO-Worker-2/ERROR] [net.minecraft.world.level.chunk.storage.RegionFile/]: Chunk [4, -16] stream is truncated: expected 144129 but read 4091
[27Nov2025 12:50:55.404] [IO-Worker-2/WARN] [net.minecraft.world.level.chunk.storage.RegionFile/]: Chunk has both internal and external streams
[27Nov2025 12:50:55.404] [IO-Worker-2/ERROR] [net.minecraft.world.level.chunk.storage.RegionFile/]: External chunk path .\saves\New World\region\c.6.-16.mcc is not file
[27Nov2025 12:50:55.405] [IO-Worker-1/WARN] [net.minecraft.world.level.chunk.storage.RegionFile/]: Chunk has both internal and external streams
[27Nov2025 12:50:55.405] [IO-Worker-1/ERROR] [net.minecraft.world.level.chunk.storage.RegionFile/]: External chunk path .\saves\New World\region\c.7.-16.mcc is not file
[27Nov2025 12:50:55.405] [IO-Worker-2/WARN] [net.minecraft.world.level.chunk.storage.RegionFile/]: Chunk has both internal and external streams
[27Nov2025 12:50:55.405] [IO-Worker-2/ERROR] [net.minecraft.world.level.chunk.storage.RegionFile/]: External chunk path .\saves\New World\region\c.8.-16.mcc is not file
[27Nov2025 12:50:55.405] [IO-Worker-1/WARN] [net.minecraft.world.level.chunk.storage.RegionFile/]: Chunk has both internal and external streams
[27Nov2025 12:50:55.406] [IO-Worker-1/ERROR] [net.minecraft.world.level.chunk.storage.RegionFile/]: External chunk path .\saves\New World\region\c.9.-16.mcc is not file
[27Nov2025 12:50:55.406] [IO-Worker-2/WARN] [net.minecraft.world.level.chunk.storage.RegionFile/]: Chunk has both internal and external streams
[27Nov2025 12:50:55.406] [IO-Worker-2/ERROR] [net.minecraft.world.level.chunk.storage.RegionFile/]: External chunk path .\saves\New World\region\c.10.-16.mcc is not file
[27Nov2025 12:50:55.406] [IO-Worker-1/WARN] [net.minecraft.world.level.chunk.storage.RegionFile/]: Chunk has both internal and external streams
[27Nov2025 12:50:55.407] [IO-Worker-1/ERROR] [net.minecraft.world.level.chunk.storage.RegionFile/]: External chunk path .\saves\New World\region\c.11.-16.mcc is not file
[27Nov2025 12:50:55.407] [IO-Worker-2/ERROR] [net.minecraft.world.level.chunk.storage.RegionFile/]: Chunk [12, -16] stream is truncated: expected 2023550359 but read 4091
[27Nov2025 12:50:55.407] [IO-Worker-1/WARN] [net.minecraft.world.level.chunk.storage.RegionFile/]: Chunk has both internal and external streams
[27Nov2025 12:50:55.408] [IO-Worker-1/ERROR] [net.minecraft.world.level.chunk.storage.RegionFile/]: External chunk path .\saves\New World\region\c.13.-16.mcc is not file
[27Nov2025 12:50:55.408] [IO-Worker-2/WARN] [net.minecraft.world.level.chunk.storage.RegionFile/]: Chunk has both internal and external streams
[27Nov2025 12:50:55.408] [IO-Worker-2/ERROR] [net.minecraft.world.level.chunk.storage.RegionFile/]: External chunk path .\saves\New World\region\c.14.-16.mcc is not file
[27Nov2025 12:50:55.408] [IO-Worker-1/ERROR] [net.minecraft.world.level.chunk.storage.RegionFile/]: Chunk [15, -16] stream is truncated: expected 2023550359 but read 4091
[27Nov2025 12:50:55.409] [IO-Worker-2/ERROR] [net.minecraft.world.level.chunk.storage.RegionFile/]: Chunk [16, -16] stream is truncated: expected 2023550359 but read 4091
[27Nov2025 12:50:55.409] [IO-Worker-1/WARN] [net.minecraft.world.level.chunk.storage.RegionFile/]: Chunk has both internal and external streams
[27Nov2025 12:50:55.409] [IO-Worker-1/ERROR] [net.minecraft.world.level.chunk.storage.RegionFile/]: External chunk path .\saves\New World\region\c.17.-16.mcc is not file
[27Nov2025 12:50:55.409] [IO-Worker-2/ERROR] [net.minecraft.world.level.chunk.storage.RegionFile/]: Chunk [18, -16] stream is truncated: expected 105217 but read 4091
[27Nov2025 12:50:55.412] [IO-Worker-2/WARN] [net.minecraft.world.level.chunk.storage.RegionFile/]: Chunk has both internal and external streams
[27Nov2025 12:50:55.412] [IO-Worker-2/ERROR] [net.minecraft.world.level.chunk.storage.RegionFile/]: External chunk path .\saves\New World\region\c.15.-15.mcc is not file
[27Nov2025 12:50:55.413] [IO-Worker-2/WARN] [net.minecraft.world.level.chunk.storage.RegionFile/]: Chunk has both internal and external streams
[27Nov2025 12:50:55.413] [IO-Worker-2/ERROR] [net.minecraft.world.level.chunk.storage.RegionFile/]: External chunk path .\saves\New World\region\c.17.-15.mcc is not file
[27Nov2025 12:50:55.413] [IO-Worker-1/WARN] [net.minecraft.world.level.chunk.storage.RegionFile/]: Chunk has both internal and external streams
[27Nov2025 12:50:55.413] [IO-Worker-1/ERROR] [net.minecraft.world.level.chunk.storage.RegionFile/]: External chunk path .\saves\New World\region\c.18.-15.mcc is not file
[27Nov2025 12:50:55.416] [IO-Worker-1/WARN] [net.minecraft.world.level.chunk.storage.RegionFile/]: Chunk has both internal and external streams
[27Nov2025 12:50:55.417] [IO-Worker-1/ERROR] [net.minecraft.world.level.chunk.storage.RegionFile/]: External chunk path .\saves\New World\region\c.15.-14.mcc is not file
[27Nov2025 12:50:55.417] [IO-Worker-2/WARN] [net.minecraft.world.level.chunk.storage.RegionFile/]: Chunk has both internal and external streams
[27Nov2025 12:50:55.417] [IO-Worker-2/ERROR] [net.minecraft.world.level.chunk.storage.RegionFile/]: External chunk path .\saves\New World\region\c.16.-14.mcc is not file
[27Nov2025 12:50:55.418] [IO-Worker-1/WARN] [net.minecraft.world.level.chunk.storage.RegionFile/]: Chunk has both internal and external streams
[27Nov2025 12:50:55.418] [IO-Worker-1/ERROR] [net.minecraft.world.level.chunk.storage.RegionFile/]: External chunk path .\saves\New World\region\c.17.-14.mcc is not file
[27Nov2025 12:50:55.418] [IO-Worker-2/WARN] [net.minecraft.world.level.chunk.storage.RegionFile/]: Chunk has both internal and external streams
[27Nov2025 12:50:55.418] [IO-Worker-2/ERROR] [net.minecraft.world.level.chunk.storage.RegionFile/]: External chunk path .\saves\New World\region\c.18.-14.mcc is not file
[27Nov2025 12:50:55.428] [IO-Worker-2/WARN] [net.minecraft.world.level.chunk.storage.RegionFile/]: Chunk has both internal and external streams
[27Nov2025 12:50:55.428] [IO-Worker-2/ERROR] [net.minecraft.world.level.chunk.storage.RegionFile/]: External chunk path .\saves\New World\region\c.15.-13.mcc is not file
[27Nov2025 12:50:55.428] [IO-Worker-1/WARN] [net.minecraft.world.level.chunk.storage.RegionFile/]: Chunk has both internal and external streams
[27Nov2025 12:50:55.428] [IO-Worker-1/ERROR] [net.minecraft.world.level.chunk.storage.RegionFile/]: External chunk path .\saves\New World\region\c.16.-13.mcc is not file
[27Nov2025 12:50:55.429] [IO-Worker-2/WARN] [net.minecraft.world.level.chunk.storage.RegionFile/]: Chunk has both internal and external streams
[27Nov2025 12:50:55.429] [IO-Worker-2/ERROR] [net.minecraft.world.level.chunk.storage.RegionFile/]: External chunk path .\saves\New World\region\c.17.-13.mcc is not file
[27Nov2025 12:50:55.429] [IO-Worker-1/WARN] [net.minecraft.world.level.chunk.storage.RegionFile/]: Chunk has both internal and external streams
[27Nov2025 12:50:55.429] [IO-Worker-1/ERROR] [net.minecraft.world.level.chunk.storage.RegionFile/]: External chunk path .\saves\New World\region\c.18.-13.mcc is not file
[27Nov2025 12:50:55.432] [IO-Worker-1/WARN] [net.minecraft.world.level.chunk.storage.RegionFile/]: Chunk has both internal and external streams
[27Nov2025 12:50:55.432] [IO-Worker-1/ERROR] [net.minecraft.world.level.chunk.storage.RegionFile/]: External chunk path .\saves\New World\region\c.16.-12.mcc is not file
[27Nov2025 12:50:55.432] [IO-Worker-2/WARN] [net.minecraft.world.level.chunk.storage.RegionFile/]: Chunk has both internal and external streams
[27Nov2025 12:50:55.432] [IO-Worker-2/ERROR] [net.minecraft.world.level.chunk.storage.RegionFile/]: External chunk path .\saves\New World\region\c.17.-12.mcc is not file
[27Nov2025 12:50:55.432] [IO-Worker-1/WARN] [net.minecraft.world.level.chunk.storage.RegionFile/]: Chunk has both internal and external streams
[27Nov2025 12:50:55.433] [IO-Worker-1/ERROR] [net.minecraft.world.level.chunk.storage.RegionFile/]: External chunk path .\saves\New World\region\c.18.-12.mcc is not file
[27Nov2025 12:50:55.435] [IO-Worker-1/ERROR] [net.minecraft.world.level.chunk.storage.RegionFile/]: Chunk [15, -11] stream is truncated: expected 2023550359 but read 4091
[27Nov2025 12:50:55.435] [IO-Worker-2/WARN] [net.minecraft.world.level.chunk.storage.RegionFile/]: Chunk has both internal and external streams
[27Nov2025 12:50:55.435] [IO-Worker-2/ERROR] [net.minecraft.world.level.chunk.storage.RegionFile/]: External chunk path .\saves\New World\region\c.16.-11.mcc is not file
[27Nov2025 12:50:55.435] [IO-Worker-1/WARN] [net.minecraft.world.level.chunk.storage.RegionFile/]: Chunk has both internal and external streams
[27Nov2025 12:50:55.436] [IO-Worker-1/ERROR] [net.minecraft.world.level.chunk.storage.RegionFile/]: External chunk path .\saves\New World\region\c.17.-11.mcc is not file
[27Nov2025 12:50:55.436] [IO-Worker-2/WARN] [net.minecraft.world.level.chunk.storage.RegionFile/]: Chunk has both internal and external streams
[27Nov2025 12:50:55.436] [IO-Worker-2/ERROR] [net.minecraft.world.level.chunk.storage.RegionFile/]: External chunk path .\saves\New World\region\c.18.-11.mcc is not file
[27Nov2025 12:50:55.438] [IO-Worker-2/WARN] [net.minecraft.world.level.chunk.storage.RegionFile/]: Chunk has both internal and external streams
[27Nov2025 12:50:55.438] [IO-Worker-2/ERROR] [net.minecraft.world.level.chunk.storage.RegionFile/]: External chunk path .\saves\New World\region\c.15.-10.mcc is not file
[27Nov2025 12:50:55.439] [IO-Worker-2/WARN] [net.minecraft.world.level.chunk.storage.RegionFile/]: Chunk has both internal and external streams
[27Nov2025 12:50:55.439] [IO-Worker-2/ERROR] [net.minecraft.world.level.chunk.storage.RegionFile/]: External chunk path .\saves\New World\region\c.17.-10.mcc is not file
[27Nov2025 12:50:55.533] [IO-Worker-1/WARN] [net.minecraft.world.level.chunk.storage.RegionFile/]: Chunk has both internal and external streams
[27Nov2025 12:50:55.533] [IO-Worker-1/ERROR] [net.minecraft.world.level.chunk.storage.RegionFile/]: External chunk path .\saves\New World\region\c.18.-10.mcc is not file
[27Nov2025 12:50:55.549] [IO-Worker-2/WARN] [net.minecraft.world.level.chunk.storage.RegionFile/]: Chunk has both internal and external streams
[27Nov2025 12:50:55.549] [IO-Worker-2/ERROR] [net.minecraft.world.level.chunk.storage.RegionFile/]: External chunk path .\saves\New World\region\c.16.-9.mcc is not file
[27Nov2025 12:50:55.552] [IO-Worker-2/WARN] [net.minecraft.world.level.chunk.storage.RegionFile/]: Chunk has both internal and external streams
[27Nov2025 12:50:55.552] [IO-Worker-2/ERROR] [net.minecraft.world.level.chunk.storage.RegionFile/]: External chunk path .\saves\New World\region\c.15.-8.mcc is not file
[27Nov2025 12:50:55.552] [IO-Worker-1/WARN] [net.minecraft.world.level.chunk.storage.RegionFile/]: Chunk has both internal and external streams
[27Nov2025 12:50:55.552] [IO-Worker-1/ERROR] [net.minecraft.world.level.chunk.storage.RegionFile/]: External chunk path .\saves\New World\region\c.16.-8.mcc is not file
[27Nov2025 12:50:55.553] [IO-Worker-1/WARN] [net.minecraft.world.level.chunk.storage.RegionFile/]: Chunk has both internal and external streams
[27Nov2025 12:50:55.553] [IO-Worker-1/ERROR] [net.minecraft.world.level.chunk.storage.RegionFile/]: External chunk path .\saves\New World\region\c.18.-8.mcc is not file
[27Nov2025 12:50:55.555] [IO-Worker-1/WARN] [net.minecraft.world.level.chunk.storage.RegionFile/]: Chunk has both internal and external streams
[27Nov2025 12:50:55.555] [IO-Worker-1/ERROR] [net.minecraft.world.level.chunk.storage.RegionFile/]: External chunk path .\saves\New World\region\c.15.-7.mcc is not file
[27Nov2025 12:50:55.555] [IO-Worker-2/WARN] [net.minecraft.world.level.chunk.storage.RegionFile/]: Chunk has both internal and external streams
[27Nov2025 12:50:55.555] [IO-Worker-2/ERROR] [net.minecraft.world.level.chunk.storage.RegionFile/]: External chunk path .\saves\New World\region\c.16.-7.mcc is not file
[27Nov2025 12:50:55.555] [IO-Worker-1/WARN] [net.minecraft.world.level.chunk.storage.RegionFile/]: Chunk has both internal and external streams
[27Nov2025 12:50:55.555] [IO-Worker-1/ERROR] [net.minecraft.world.level.chunk.storage.RegionFile/]: External chunk path .\saves\New World\region\c.17.-7.mcc is not file
[27Nov2025 12:50:55.556] [IO-Worker-2/WARN] [net.minecraft.world.level.chunk.storage.RegionFile/]: Chunk has both internal and external streams
[27Nov2025 12:50:55.556] [IO-Worker-2/ERROR] [net.minecraft.world.level.chunk.storage.RegionFile/]: External chunk path .\saves\New World\region\c.18.-7.mcc is not file
[27Nov2025 12:50:55.557] [IO-Worker-1/ERROR] [net.minecraft.world.level.chunk.storage.RegionFile/]: Chunk [15, -6] stream is truncated: expected 2023550359 but read 4091
[27Nov2025 12:50:55.557] [IO-Worker-2/ERROR] [net.minecraft.world.level.chunk.storage.RegionFile/]: Chunk [16, -6] stream is truncated: expected 2023550359 but read 4091
[27Nov2025 12:50:55.557] [IO-Worker-1/WARN] [net.minecraft.world.level.chunk.storage.RegionFile/]: Chunk has both internal and external streams
[27Nov2025 12:50:55.558] [IO-Worker-1/ERROR] [net.minecraft.world.level.chunk.storage.RegionFile/]: External chunk path .\saves\New World\region\c.17.-6.mcc is not file
[27Nov2025 12:50:55.558] [IO-Worker-2/WARN] [net.minecraft.world.level.chunk.storage.RegionFile/]: Chunk has both internal and external streams
[27Nov2025 12:50:55.558] [IO-Worker-2/ERROR] [net.minecraft.world.level.chunk.storage.RegionFile/]: External chunk path .\saves\New World\region\c.18.-6.mcc is not file
[27Nov2025 12:50:55.560] [IO-Worker-1/WARN] [net.minecraft.world.level.chunk.storage.RegionFile/]: Chunk has both internal and external streams
[27Nov2025 12:50:55.560] [IO-Worker-1/ERROR] [net.minecraft.world.level.chunk.storage.RegionFile/]: External chunk path .\saves\New World\region\c.17.-5.mcc is not file
[27Nov2025 12:50:55.560] [IO-Worker-2/WARN] [net.minecraft.world.level.chunk.storage.RegionFile/]: Chunk has both internal and external streams
[27Nov2025 12:50:55.560] [IO-Worker-2/ERROR] [net.minecraft.world.level.chunk.storage.RegionFile/]: External chunk path .\saves\New World\region\c.18.-5.mcc is not file
[27Nov2025 12:50:55.561] [IO-Worker-1/WARN] [net.minecraft.world.level.chunk.storage.RegionFile/]: Chunk has both internal and external streams
[27Nov2025 12:50:55.562] [IO-Worker-1/ERROR] [net.minecraft.world.level.chunk.storage.RegionFile/]: External chunk path .\saves\New World\region\c.15.-4.mcc is not file
[27Nov2025 12:50:55.562] [IO-Worker-2/WARN] [net.minecraft.world.level.chunk.storage.RegionFile/]: Chunk has both internal and external streams
[27Nov2025 12:50:55.562] [IO-Worker-2/ERROR] [net.minecraft.world.level.chunk.storage.RegionFile/]: External chunk path .\saves\New World\region\c.16.-4.mcc is not file
[27Nov2025 12:50:55.563] [IO-Worker-2/WARN] [net.minecraft.world.level.chunk.storage.RegionFile/]: Chunk has both internal and external streams
[27Nov2025 12:50:55.563] [IO-Worker-2/ERROR] [net.minecraft.world.level.chunk.storage.RegionFile/]: External chunk path .\saves\New World\region\c.18.-4.mcc is not file
[27Nov2025 12:50:55.563] [IO-Worker-2/WARN] [net.minecraft.world.level.chunk.storage.RegionFile/]: Chunk has both internal and external streams
[27Nov2025 12:50:55.565] [IO-Worker-2/ERROR] [net.minecraft.world.level.chunk.storage.RegionFile/]: External chunk path .\saves\New World\region\c.4.-21.mcc is not file
[27Nov2025 12:50:55.565] [IO-Worker-2/WARN] [net.minecraft.world.level.chunk.storage.RegionFile/]: Chunk has both internal and external streams
[27Nov2025 12:50:55.565] [IO-Worker-2/ERROR] [net.minecraft.world.level.chunk.storage.RegionFile/]: External chunk path .\saves\New World\region\c.6.-21.mcc is not file
[27Nov2025 12:50:55.593] [IO-Worker-1/WARN] [net.minecraft.world.level.chunk.storage.RegionFile/]: Chunk has both internal and external streams
[27Nov2025 12:50:55.593] [IO-Worker-1/ERROR] [net.minecraft.world.level.chunk.storage.RegionFile/]: External chunk path .\saves\New World\region\c.11.-21.mcc is not file
[27Nov2025 12:50:55.598] [IO-Worker-2/WARN] [net.minecraft.world.level.chunk.storage.RegionFile/]: Chunk has both internal and external streams
[27Nov2025 12:50:55.598] [IO-Worker-2/ERROR] [net.minecraft.world.level.chunk.storage.RegionFile/]: External chunk path .\saves\New World\region\c.1.-20.mcc is not file
[27Nov2025 12:50:55.598] [IO-Worker-1/ERROR] [net.minecraft.world.level.chunk.storage.RegionFile/]: Chunk [1, -19] stream is truncated: expected 105217 but read 4091
[27Nov2025 12:50:55.599] [IO-Worker-2/WARN] [net.minecraft.world.level.chunk.storage.RegionFile/]: Chunk has both internal and external streams
[27Nov2025 12:50:55.599] [IO-Worker-2/ERROR] [net.minecraft.world.level.chunk.storage.RegionFile/]: External chunk path .\saves\New World\region\c.1.-18.mcc is not file
[27Nov2025 12:50:55.599] [IO-Worker-1/WARN] [net.minecraft.world.level.chunk.storage.RegionFile/]: Chunk has both internal and external streams
[27Nov2025 12:50:55.599] [IO-Worker-1/ERROR] [net.minecraft.world.level.chunk.storage.RegionFile/]: External chunk path .\saves\New World\region\c.1.-17.mcc is not file
[27Nov2025 12:50:55.600] [IO-Worker-2/WARN] [net.minecraft.world.level.chunk.storage.RegionFile/]: Chunk has both internal and external streams
[27Nov2025 12:50:55.600] [IO-Worker-2/ERROR] [net.minecraft.world.level.chunk.storage.RegionFile/]: External chunk path .\saves\New World\region\c.1.-16.mcc is not file
[27Nov2025 12:50:55.602] [IO-Worker-1/WARN] [net.minecraft.world.level.chunk.storage.RegionFile/]: Chunk has both internal and external streams
[27Nov2025 12:50:55.603] [IO-Worker-1/ERROR] [net.minecraft.world.level.chunk.storage.RegionFile/]: External chunk path .\saves\New World\region\c.19.-15.mcc is not file
[27Nov2025 12:50:55.603] [IO-Worker-2/ERROR] [net.minecraft.world.level.chunk.storage.RegionFile/]: Chunk [19, -14] stream is truncated: expected 2023550358 but read 4091
[27Nov2025 12:50:55.603] [IO-Worker-1/WARN] [net.minecraft.world.level.chunk.storage.RegionFile/]: Chunk has both internal and external streams
[27Nov2025 12:50:55.605] [IO-Worker-1/ERROR] [net.minecraft.world.level.chunk.storage.RegionFile/]: External chunk path .\saves\New World\region\c.19.-13.mcc is not file
[27Nov2025 12:50:55.606] [IO-Worker-2/WARN] [net.minecraft.world.level.chunk.storage.RegionFile/]: Chunk has both internal and external streams
[27Nov2025 12:50:55.606] [IO-Worker-2/ERROR] [net.minecraft.world.level.chunk.storage.RegionFile/]: External chunk path .\saves\New World\region\c.19.-12.mcc is not file
[27Nov2025 12:50:55.607] [IO-Worker-1/ERROR] [net.minecraft.world.level.chunk.storage.RegionFile/]: Chunk [19, -11] stream is truncated: expected 2023550358 but read 4091
[27Nov2025 12:50:55.607] [IO-Worker-2/WARN] [net.minecraft.world.level.chunk.storage.IOWorker/]: Failed to read chunk [19, -8]
java.util.zip.ZipException: invalid distance too far back
	at java.util.zip.InflaterInputStream.read(InflaterInputStream.java:164) ~[?:?]
	at net.minecraft.util.FastBufferedInputStream.fill(FastBufferedInputStream.java:94) ~[neoforge-20.3.8-beta.jar%23183!/:?]
	at net.minecraft.util.FastBufferedInputStream.read(FastBufferedInputStream.java:25) ~[neoforge-20.3.8-beta.jar%23183!/:?]
	at java.io.DataInputStream.readUnsignedByte(DataInputStream.java:288) ~[?:?]
	at java.io.DataInputStream.readByte(DataInputStream.java:268) ~[?:?]
	at net.minecraft.nbt.NbtIo.readUnnamedTag(NbtIo.java:174) ~[neoforge-20.3.8-beta.jar%23183!/:?]
	at net.minecraft.nbt.NbtIo.read(NbtIo.java:115) ~[neoforge-20.3.8-beta.jar%23183!/:?]
	at net.minecraft.nbt.NbtIo.read(NbtIo.java:111) ~[neoforge-20.3.8-beta.jar%23183!/:?]
	at net.minecraft.world.level.chunk.storage.RegionFileStorage.read(RegionFileStorage.java:57) ~[neoforge-20.3.8-beta.jar%23183!/:?]
	at net.minecraft.world.level.chunk.storage.IOWorker.lambda$loadAsync$4(IOWorker.java:144) ~[neoforge-20.3.8-beta.jar%23183!/:?]
	at net.minecraft.world.level.chunk.storage.IOWorker.lambda$submitTask$13(IOWorker.java:198) ~[neoforge-20.3.8-beta.jar%23183!/:?]
	at net.minecraft.util.thread.StrictQueue$IntRunnable.run(StrictQueue.java:77) ~[neoforge-20.3.8-beta.jar%23183!/:?]
	at net.minecraft.util.thread.ProcessorMailbox.pollTask(ProcessorMailbox.java:85) ~[neoforge-20.3.8-beta.jar%23183!/:?]
	at net.minecraft.util.thread.ProcessorMailbox.pollUntil(ProcessorMailbox.java:133) ~[neoforge-20.3.8-beta.jar%23183!/:?]
	at net.minecraft.util.thread.ProcessorMailbox.run(ProcessorMailbox.java:94) ~[neoforge-20.3.8-beta.jar%23183!/:?]
	at java.util.concurrent.ThreadPoolExecutor.runWorker(ThreadPoolExecutor.java:1136) ~[?:?]
	at java.util.concurrent.ThreadPoolExecutor$Worker.run(ThreadPoolExecutor.java:635) ~[?:?]
	at java.lang.Thread.run(Thread.java:840) ~[?:?]
[27Nov2025 12:50:55.609] [IO-Worker-1/ERROR] [net.minecraft.world.level.chunk.storage.RegionFile/]: Chunk [19, -7] stream is truncated: expected 2023550358 but read 4091
[27Nov2025 12:50:55.609] [IO-Worker-2/WARN] [net.minecraft.world.level.chunk.storage.RegionFile/]: Chunk has both internal and external streams
[27Nov2025 12:50:55.610] [IO-Worker-2/ERROR] [net.minecraft.world.level.chunk.storage.RegionFile/]: External chunk path .\saves\New World\region\c.19.-6.mcc is not file
[27Nov2025 12:50:55.610] [IO-Worker-1/WARN] [net.minecraft.world.level.chunk.storage.RegionFile/]: Chunk has both internal and external streams
[27Nov2025 12:50:55.610] [IO-Worker-1/ERROR] [net.minecraft.world.level.chunk.storage.RegionFile/]: External chunk path .\saves\New World\region\c.19.-5.mcc is not file
[27Nov2025 12:50:55.613] [IO-Worker-1/WARN] [net.minecraft.world.level.chunk.storage.RegionFile/]: Chunk has both internal and external streams
[27Nov2025 12:50:55.613] [IO-Worker-1/ERROR] [net.minecraft.world.level.chunk.storage.RegionFile/]: External chunk path .\saves\New World\region\c.15.-3.mcc is not file
[27Nov2025 12:50:55.613] [IO-Worker-2/WARN] [net.minecraft.world.level.chunk.storage.RegionFile/]: Chunk has both internal and external streams
[27Nov2025 12:50:55.615] [IO-Worker-2/ERROR] [net.minecraft.world.level.chunk.storage.RegionFile/]: External chunk path .\saves\New World\region\c.16.-3.mcc is not file
[27Nov2025 12:50:55.615] [IO-Worker-1/ERROR] [net.minecraft.world.level.chunk.storage.RegionFile/]: Chunk [17, -3] stream is truncated: expected 104449 but read 4091
[27Nov2025 12:50:55.616] [IO-Worker-2/WARN] [net.minecraft.world.level.chunk.storage.RegionFile/]: Chunk has both internal and external streams
[27Nov2025 12:50:55.616] [IO-Worker-2/ERROR] [net.minecraft.world.level.chunk.storage.RegionFile/]: External chunk path .\saves\New World\region\c.18.-3.mcc is not file
[27Nov2025 12:50:55.616] [IO-Worker-1/WARN] [net.minecraft.world.level.chunk.storage.RegionFile/]: Chunk has both internal and external streams
[27Nov2025 12:50:55.616] [IO-Worker-1/ERROR] [net.minecraft.world.level.chunk.storage.RegionFile/]: External chunk path .\saves\New World\region\c.19.-3.mcc is not file
[27Nov2025 12:50:55.617] [IO-Worker-1/WARN] [net.minecraft.world.level.chunk.storage.RegionFile/]: Chunk has both internal and external streams
[27Nov2025 12:50:55.669] [IO-Worker-1/ERROR] [net.minecraft.world.level.chunk.storage.RegionFile/]: External chunk path .\saves\New World\region\c.1.-22.mcc is not file
[27Nov2025 12:50:55.673] [IO-Worker-2/WARN] [net.minecraft.world.level.chunk.storage.RegionFile/]: Chunk has both internal and external streams
[27Nov2025 12:50:55.673] [IO-Worker-2/ERROR] [net.minecraft.world.level.chunk.storage.RegionFile/]: External chunk path .\saves\New World\region\c.2.-22.mcc is not file
[27Nov2025 12:50:55.678] [IO-Worker-1/ERROR] [net.minecraft.world.level.chunk.storage.RegionFile/]: Chunk [15, -22] stream is truncated: expected 105217 but read 4091
[27Nov2025 12:50:55.681] [IO-Worker-2/ERROR] [net.minecraft.world.level.chunk.storage.RegionFile/]: Chunk [0, -20] stream is truncated: expected 2023550358 but read 4091
[27Nov2025 12:50:55.684] [IO-Worker-1/WARN] [net.minecraft.world.level.chunk.storage.RegionFile/]: Chunk has both internal and external streams
[27Nov2025 12:50:55.684] [IO-Worker-1/ERROR] [net.minecraft.world.level.chunk.storage.RegionFile/]: External chunk path .\saves\New World\region\c.0.-19.mcc is not file
[27Nov2025 12:50:55.684] [IO-Worker-2/WARN] [net.minecraft.world.level.chunk.storage.RegionFile/]: Chunk has both internal and external streams
[27Nov2025 12:50:55.684] [IO-Worker-2/ERROR] [net.minecraft.world.level.chunk.storage.RegionFile/]: External chunk path .\saves\New World\region\c.0.-18.mcc is not file
[27Nov2025 12:50:55.685] [IO-Worker-2/WARN] [net.minecraft.world.level.chunk.storage.RegionFile/]: Chunk has both internal and external streams
[27Nov2025 12:50:55.685] [IO-Worker-2/ERROR] [net.minecraft.world.level.chunk.storage.RegionFile/]: External chunk path .\saves\New World\region\c.0.-16.mcc is not file
[27Nov2025 12:50:55.686] [IO-Worker-1/ERROR] [net.minecraft.world.level.chunk.storage.RegionFile/]: Chunk [18, -22] stream is truncated: expected 2023550358 but read 4091
[27Nov2025 12:50:55.689] [IO-Worker-2/WARN] [net.minecraft.world.level.chunk.storage.RegionFile/]: Chunk has both internal and external streams
[27Nov2025 12:50:55.689] [IO-Worker-2/ERROR] [net.minecraft.world.level.chunk.storage.RegionFile/]: External chunk path .\saves\New World\region\c.20.-17.mcc is not file
[27Nov2025 12:50:55.689] [IO-Worker-1/WARN] [net.minecraft.world.level.chunk.storage.RegionFile/]: Chunk has both internal and external streams
[27Nov2025 12:50:55.689] [IO-Worker-1/ERROR] [net.minecraft.world.level.chunk.storage.RegionFile/]: External chunk path .\saves\New World\region\c.20.-16.mcc is not file
[27Nov2025 12:50:55.697] [IO-Worker-2/WARN] [net.minecraft.world.level.chunk.storage.RegionFile/]: Chunk has both internal and external streams
[27Nov2025 12:50:55.697] [IO-Worker-2/ERROR] [net.minecraft.world.level.chunk.storage.RegionFile/]: External chunk path .\saves\New World\region\c.16.-2.mcc is not file
[27Nov2025 12:50:55.697] [IO-Worker-1/WARN] [net.minecraft.world.level.chunk.storage.RegionFile/]: Chunk has both internal and external streams
[27Nov2025 12:50:55.698] [IO-Worker-1/ERROR] [net.minecraft.world.level.chunk.storage.RegionFile/]: External chunk path .\saves\New World\region\c.17.-2.mcc is not file
[27Nov2025 12:50:55.701] [IO-Worker-1/WARN] [net.minecraft.world.level.chunk.storage.RegionFile/]: Chunk has both internal and external streams
[27Nov2025 12:50:55.701] [IO-Worker-1/ERROR] [net.minecraft.world.level.chunk.storage.RegionFile/]: External chunk path .\saves\New World\region\c.19.-2.mcc is not file
[27Nov2025 12:50:55.708] [IO-Worker-2/WARN] [net.minecraft.world.level.chunk.storage.RegionFile/]: Chunk has both internal and external streams
[27Nov2025 12:50:55.709] [IO-Worker-2/ERROR] [net.minecraft.world.level.chunk.storage.RegionFile/]: External chunk path .\saves\New World\region\c.21.-11.mcc is not file
[27Nov2025 12:50:55.713] [IO-Worker-2/WARN] [net.minecraft.world.level.chunk.storage.RegionFile/]: Chunk has both internal and external streams
[27Nov2025 12:50:55.713] [IO-Worker-2/ERROR] [net.minecraft.world.level.chunk.storage.RegionFile/]: External chunk path .\saves\New World\region\c.22.-16.mcc is not file
[27Nov2025 12:50:55.714] [IO-Worker-2/WARN] [net.minecraft.world.level.chunk.storage.RegionFile/]: Chunk has both internal and external streams
[27Nov2025 12:50:55.714] [IO-Worker-2/ERROR] [net.minecraft.world.level.chunk.storage.RegionFile/]: External chunk path .\saves\New World\region\c.22.-14.mcc is not file
[27Nov2025 12:50:55.714] [IO-Worker-1/ERROR] [net.minecraft.world.level.chunk.storage.RegionFile/]: Chunk [22, -13] stream is truncated: expected 2023550358 but read 4091
[27Nov2025 12:50:55.715] [IO-Worker-1/ERROR] [net.minecraft.world.level.chunk.storage.RegionFile/]: Chunk [22, -11] stream is truncated: expected 2023550358 but read 4091
[27Nov2025 12:50:55.717] [IO-Worker-1/ERROR] [net.minecraft.world.level.chunk.storage.RegionFile/]: Chunk [15, -1] stream is truncated: expected 2023550359 but read 4091
[27Nov2025 12:50:55.718] [IO-Worker-1/WARN] [net.minecraft.world.level.chunk.storage.RegionFile/]: Chunk has both internal and external streams
[27Nov2025 12:50:55.718] [IO-Worker-1/ERROR] [net.minecraft.world.level.chunk.storage.RegionFile/]: External chunk path .\saves\New World\region\c.17.-1.mcc is not file
[27Nov2025 12:50:55.719] [IO-Worker-2/WARN] [net.minecraft.world.level.chunk.storage.RegionFile/]: Chunk has both internal and external streams
[27Nov2025 12:50:55.719] [IO-Worker-2/ERROR] [net.minecraft.world.level.chunk.storage.RegionFile/]: External chunk path .\saves\New World\region\c.18.-1.mcc is not file
[27Nov2025 12:50:55.719] [IO-Worker-1/WARN] [net.minecraft.world.level.chunk.storage.RegionFile/]: Chunk has both internal and external streams
[27Nov2025 12:50:55.719] [IO-Worker-1/ERROR] [net.minecraft.world.level.chunk.storage.RegionFile/]: External chunk path .\saves\New World\region\c.19.-1.mcc is not file
[27Nov2025 12:50:55.732] [IO-Worker-1/WARN] [net.minecraft.world.level.chunk.storage.RegionFile/]: Chunk has both internal and external streams
[27Nov2025 12:50:55.732] [IO-Worker-1/ERROR] [net.minecraft.world.level.chunk.storage.RegionFile/]: External chunk path .\saves\New World\region\c.15.0.mcc is not file
[27Nov2025 12:50:55.733] [IO-Worker-1/WARN] [net.minecraft.world.level.chunk.storage.RegionFile/]: Chunk has both internal and external streams
[27Nov2025 12:50:55.733] [IO-Worker-1/ERROR] [net.minecraft.world.level.chunk.storage.RegionFile/]: External chunk path .\saves\New World\region\c.17.0.mcc is not file
[27Nov2025 12:50:55.733] [IO-Worker-2/WARN] [net.minecraft.world.level.chunk.storage.RegionFile/]: Chunk has both internal and external streams
[27Nov2025 12:50:55.733] [IO-Worker-2/ERROR] [net.minecraft.world.level.chunk.storage.RegionFile/]: External chunk path .\saves\New World\region\c.18.0.mcc is not file
[27Nov2025 12:50:55.733] [IO-Worker-1/WARN] [net.minecraft.world.level.chunk.storage.RegionFile/]: Chunk has both internal and external streams
[27Nov2025 12:50:55.733] [IO-Worker-1/ERROR] [net.minecraft.world.level.chunk.storage.RegionFile/]: External chunk path .\saves\New World\region\c.19.0.mcc is not file
[27Nov2025 12:50:55.735] [IO-Worker-1/WARN] [net.minecraft.world.level.chunk.storage.RegionFile/]: Chunk has both internal and external streams
[27Nov2025 12:50:55.735] [IO-Worker-1/ERROR] [net.minecraft.world.level.chunk.storage.RegionFile/]: External chunk path .\saves\New World\region\c.21.0.mcc is not file
[27Nov2025 12:50:55.822] [IO-Worker-1/WARN] [net.minecraft.world.level.chunk.storage.RegionFile/]: Chunk has both internal and external streams
[27Nov2025 12:50:55.822] [IO-Worker-1/ERROR] [net.minecraft.world.level.chunk.storage.RegionFile/]: External chunk path .\saves\New World\region\c.15.1.mcc is not file
[27Nov2025 12:50:55.823] [IO-Worker-2/WARN] [net.minecraft.world.level.chunk.storage.RegionFile/]: Chunk has both internal and external streams
[27Nov2025 12:50:55.823] [IO-Worker-2/ERROR] [net.minecraft.world.level.chunk.storage.RegionFile/]: External chunk path .\saves\New World\region\c.15.2.mcc is not file
[27Nov2025 12:50:55.825] [IO-Worker-1/WARN] [net.minecraft.world.level.chunk.storage.RegionFile/]: Chunk has both internal and external streams
[27Nov2025 12:50:55.825] [IO-Worker-1/ERROR] [net.minecraft.world.level.chunk.storage.RegionFile/]: External chunk path .\saves\New World\region\c.15.3.mcc is not file
[27Nov2025 12:50:55.826] [IO-Worker-2/WARN] [net.minecraft.world.level.chunk.storage.RegionFile/]: Chunk has both internal and external streams
[27Nov2025 12:50:55.826] [IO-Worker-2/ERROR] [net.minecraft.world.level.chunk.storage.RegionFile/]: External chunk path .\saves\New World\region\c.15.4.mcc is not file
[27Nov2025 12:50:55.827] [IO-Worker-1/WARN] [net.minecraft.world.level.chunk.storage.RegionFile/]: Chunk has both internal and external streams
[27Nov2025 12:50:55.827] [IO-Worker-1/ERROR] [net.minecraft.world.level.chunk.storage.RegionFile/]: External chunk path .\saves\New World\region\c.15.5.mcc is not file
[27Nov2025 12:50:55.833] [IO-Worker-2/WARN] [net.minecraft.world.level.chunk.storage.RegionFile/]: Chunk has both internal and external streams
[27Nov2025 12:50:55.833] [IO-Worker-2/ERROR] [net.minecraft.world.level.chunk.storage.RegionFile/]: External chunk path .\saves\New World\region\c.15.6.mcc is not file
[27Nov2025 12:50:55.846] [IO-Worker-1/WARN] [net.minecraft.world.level.chunk.storage.RegionFile/]: Chunk has both internal and external streams
[27Nov2025 12:50:55.847] [IO-Worker-1/ERROR] [net.minecraft.world.level.chunk.storage.RegionFile/]: External chunk path .\saves\New World\region\c.16.1.mcc is not file
[27Nov2025 12:50:55.847] [IO-Worker-2/WARN] [net.minecraft.world.level.chunk.storage.RegionFile/]: Chunk has both internal and external streams
[27Nov2025 12:50:55.847] [IO-Worker-2/ERROR] [net.minecraft.world.level.chunk.storage.RegionFile/]: External chunk path .\saves\New World\region\c.16.2.mcc is not file
[27Nov2025 12:50:55.847] [IO-Worker-1/WARN] [net.minecraft.world.level.chunk.storage.RegionFile/]: Chunk has both internal and external streams
[27Nov2025 12:50:55.847] [IO-Worker-1/ERROR] [net.minecraft.world.level.chunk.storage.RegionFile/]: External chunk path .\saves\New World\region\c.16.3.mcc is not file
[27Nov2025 12:50:55.848] [IO-Worker-2/WARN] [net.minecraft.world.level.chunk.storage.RegionFile/]: Chunk has both internal and external streams
[27Nov2025 12:50:55.848] [IO-Worker-2/ERROR] [net.minecraft.world.level.chunk.storage.RegionFile/]: External chunk path .\saves\New World\region\c.16.4.mcc is not file
[27Nov2025 12:50:55.848] [IO-Worker-1/WARN] [net.minecraft.world.level.chunk.storage.RegionFile/]: Chunk has both internal and external streams
[27Nov2025 12:50:55.848] [IO-Worker-1/ERROR] [net.minecraft.world.level.chunk.storage.RegionFile/]: External chunk path .\saves\New World\region\c.16.5.mcc is not file
[27Nov2025 12:50:55.848] [IO-Worker-2/WARN] [net.minecraft.world.level.chunk.storage.RegionFile/]: Chunk has both internal and external streams
[27Nov2025 12:50:55.849] [IO-Worker-2/ERROR] [net.minecraft.world.level.chunk.storage.RegionFile/]: External chunk path .\saves\New World\region\c.16.6.mcc is not file
[27Nov2025 12:50:55.851] [IO-Worker-1/WARN] [net.minecraft.world.level.chunk.storage.RegionFile/]: Chunk has both internal and external streams
[27Nov2025 12:50:55.852] [IO-Worker-1/ERROR] [net.minecraft.world.level.chunk.storage.RegionFile/]: External chunk path .\saves\New World\region\c.15.7.mcc is not file
[27Nov2025 12:50:55.852] [IO-Worker-2/WARN] [net.minecraft.world.level.chunk.storage.RegionFile/]: Chunk has both internal and external streams
[27Nov2025 12:50:55.852] [IO-Worker-2/ERROR] [net.minecraft.world.level.chunk.storage.RegionFile/]: External chunk path .\saves\New World\region\c.16.7.mcc is not file
[27Nov2025 12:50:55.929] [IO-Worker-1/WARN] [net.minecraft.world.level.chunk.storage.RegionFile/]: Chunk has both internal and external streams
[27Nov2025 12:50:55.930] [IO-Worker-1/ERROR] [net.minecraft.world.level.chunk.storage.RegionFile/]: External chunk path .\saves\New World\region\c.7.14.mcc is not file
[27Nov2025 12:50:55.930] [IO-Worker-2/WARN] [net.minecraft.world.level.chunk.storage.RegionFile/]: Chunk has both internal and external streams
[27Nov2025 12:50:55.930] [IO-Worker-2/ERROR] [net.minecraft.world.level.chunk.storage.RegionFile/]: External chunk path .\saves\New World\region\c.8.14.mcc is not file
[27Nov2025 12:50:55.930] [IO-Worker-1/WARN] [net.minecraft.world.level.chunk.storage.RegionFile/]: Chunk has both internal and external streams
[27Nov2025 12:50:55.931] [IO-Worker-1/ERROR] [net.minecraft.world.level.chunk.storage.RegionFile/]: External chunk path .\saves\New World\region\c.9.14.mcc is not file
[27Nov2025 12:50:55.931] [IO-Worker-2/WARN] [net.minecraft.world.level.chunk.storage.RegionFile/]: Chunk has both internal and external streams
[27Nov2025 12:50:55.931] [IO-Worker-2/ERROR] [net.minecraft.world.level.chunk.storage.RegionFile/]: External chunk path .\saves\New World\region\c.10.14.mcc is not file
[27Nov2025 12:50:55.932] [IO-Worker-1/WARN] [net.minecraft.world.level.chunk.storage.RegionFile/]: Chunk has both internal and external streams
[27Nov2025 12:50:55.932] [IO-Worker-1/ERROR] [net.minecraft.world.level.chunk.storage.RegionFile/]: External chunk path .\saves\New World\region\c.11.14.mcc is not file
[27Nov2025 12:50:55.940] [IO-Worker-2/WARN] [net.minecraft.world.level.chunk.storage.RegionFile/]: Chunk has both internal and external streams
[27Nov2025 12:50:55.940] [IO-Worker-2/ERROR] [net.minecraft.world.level.chunk.storage.RegionFile/]: External chunk path .\saves\New World\region\c.7.15.mcc is not file
[27Nov2025 12:50:55.940] [IO-Worker-1/WARN] [net.minecraft.world.level.chunk.storage.RegionFile/]: Chunk has both internal and external streams
[27Nov2025 12:50:55.940] [IO-Worker-1/ERROR] [net.minecraft.world.level.chunk.storage.RegionFile/]: External chunk path .\saves\New World\region\c.8.15.mcc is not file
[27Nov2025 12:50:55.941] [IO-Worker-2/WARN] [net.minecraft.world.level.chunk.storage.RegionFile/]: Chunk has both internal and external streams
[27Nov2025 12:50:55.941] [IO-Worker-2/ERROR] [net.minecraft.world.level.chunk.storage.RegionFile/]: External chunk path .\saves\New World\region\c.9.15.mcc is not file
[27Nov2025 12:50:55.941] [IO-Worker-1/WARN] [net.minecraft.world.level.chunk.storage.RegionFile/]: Chunk has both internal and external streams
[27Nov2025 12:50:55.941] [IO-Worker-1/ERROR] [net.minecraft.world.level.chunk.storage.RegionFile/]: External chunk path .\saves\New World\region\c.10.15.mcc is not file
[27Nov2025 12:50:55.942] [IO-Worker-2/WARN] [net.minecraft.world.level.chunk.storage.RegionFile/]: Chunk has both internal and external streams
[27Nov2025 12:50:55.942] [IO-Worker-2/ERROR] [net.minecraft.world.level.chunk.storage.RegionFile/]: External chunk path .\saves\New World\region\c.11.15.mcc is not file
[27Nov2025 12:50:55.943] [IO-Worker-1/WARN] [net.minecraft.world.level.chunk.storage.RegionFile/]: Chunk has both internal and external streams
[27Nov2025 12:50:55.944] [IO-Worker-1/ERROR] [net.minecraft.world.level.chunk.storage.RegionFile/]: External chunk path .\saves\New World\region\c.12.14.mcc is not file
[27Nov2025 12:50:55.944] [IO-Worker-2/WARN] [net.minecraft.world.level.chunk.storage.RegionFile/]: Chunk has both internal and external streams
[27Nov2025 12:50:55.944] [IO-Worker-2/ERROR] [net.minecraft.world.level.chunk.storage.RegionFile/]: External chunk path .\saves\New World\region\c.12.15.mcc is not file
[27Nov2025 12:50:55.945] [IO-Worker-1/WARN] [net.minecraft.world.level.chunk.storage.RegionFile/]: Chunk has both internal and external streams
[27Nov2025 12:50:55.945] [IO-Worker-1/ERROR] [net.minecraft.world.level.chunk.storage.RegionFile/]: External chunk path .\saves\New World\region\c.13.14.mcc is not file
[27Nov2025 12:50:55.945] [IO-Worker-2/WARN] [net.minecraft.world.level.chunk.storage.RegionFile/]: Chunk has both internal and external streams
[27Nov2025 12:50:55.945] [IO-Worker-2/ERROR] [net.minecraft.world.level.chunk.storage.RegionFile/]: External chunk path .\saves\New World\region\c.13.15.mcc is not file
[27Nov2025 12:50:55.945] [IO-Worker-1/WARN] [net.minecraft.world.level.chunk.storage.RegionFile/]: Chunk has both internal and external streams
[27Nov2025 12:50:55.945] [IO-Worker-1/ERROR] [net.minecraft.world.level.chunk.storage.RegionFile/]: External chunk path .\saves\New World\region\c.7.16.mcc is not file
[27Nov2025 12:50:55.946] [IO-Worker-2/WARN] [net.minecraft.world.level.chunk.storage.RegionFile/]: Chunk has both internal and external streams
[27Nov2025 12:50:55.946] [IO-Worker-2/ERROR] [net.minecraft.world.level.chunk.storage.RegionFile/]: External chunk path .\saves\New World\region\c.8.16.mcc is not file
[27Nov2025 12:50:55.946] [IO-Worker-1/WARN] [net.minecraft.world.level.chunk.storage.RegionFile/]: Chunk has both internal and external streams
[27Nov2025 12:50:55.946] [IO-Worker-1/ERROR] [net.minecraft.world.level.chunk.storage.RegionFile/]: External chunk path .\saves\New World\region\c.9.16.mcc is not file
[27Nov2025 12:50:55.946] [IO-Worker-2/WARN] [net.minecraft.world.level.chunk.storage.RegionFile/]: Chunk has both internal and external streams
[27Nov2025 12:50:55.947] [IO-Worker-2/ERROR] [net.minecraft.world.level.chunk.storage.RegionFile/]: External chunk path .\saves\New World\region\c.10.16.mcc is not file
[27Nov2025 12:50:55.948] [IO-Worker-1/WARN] [net.minecraft.world.level.chunk.storage.RegionFile/]: Chunk has both internal and external streams
[27Nov2025 12:50:55.948] [IO-Worker-1/ERROR] [net.minecraft.world.level.chunk.storage.RegionFile/]: External chunk path .\saves\New World\region\c.11.16.mcc is not file
[27Nov2025 12:50:55.949] [IO-Worker-2/WARN] [net.minecraft.world.level.chunk.storage.RegionFile/]: Chunk has both internal and external streams
[27Nov2025 12:50:55.949] [IO-Worker-2/ERROR] [net.minecraft.world.level.chunk.storage.RegionFile/]: External chunk path .\saves\New World\region\c.12.16.mcc is not file
[27Nov2025 12:50:55.949] [IO-Worker-1/WARN] [net.minecraft.world.level.chunk.storage.RegionFile/]: Chunk has both internal and external streams
[27Nov2025 12:50:55.949] [IO-Worker-1/ERROR] [net.minecraft.world.level.chunk.storage.RegionFile/]: External chunk path .\saves\New World\region\c.13.16.mcc is not file
[27Nov2025 12:50:55.950] [IO-Worker-2/WARN] [net.minecraft.world.level.chunk.storage.RegionFile/]: Chunk has both internal and external streams
[27Nov2025 12:50:55.950] [IO-Worker-2/ERROR] [net.minecraft.world.level.chunk.storage.RegionFile/]: External chunk path .\saves\New World\region\c.7.17.mcc is not file
[27Nov2025 12:50:55.950] [IO-Worker-1/WARN] [net.minecraft.world.level.chunk.storage.RegionFile/]: Chunk has both internal and external streams
[27Nov2025 12:50:55.950] [IO-Worker-1/ERROR] [net.minecraft.world.level.chunk.storage.RegionFile/]: External chunk path .\saves\New World\region\c.8.17.mcc is not file
[27Nov2025 12:50:55.950] [IO-Worker-2/WARN] [net.minecraft.world.level.chunk.storage.RegionFile/]: Chunk has both internal and external streams
[27Nov2025 12:50:55.951] [IO-Worker-2/ERROR] [net.minecraft.world.level.chunk.storage.RegionFile/]: External chunk path .\saves\New World\region\c.9.17.mcc is not file
[27Nov2025 12:50:55.951] [IO-Worker-1/WARN] [net.minecraft.world.level.chunk.storage.RegionFile/]: Chunk has both internal and external streams
[27Nov2025 12:50:55.951] [IO-Worker-1/ERROR] [net.minecraft.world.level.chunk.storage.RegionFile/]: External chunk path .\saves\New World\region\c.10.17.mcc is not file
[27Nov2025 12:50:55.951] [IO-Worker-2/WARN] [net.minecraft.world.level.chunk.storage.RegionFile/]: Chunk has both internal and external streams
[27Nov2025 12:50:55.951] [IO-Worker-2/ERROR] [net.minecraft.world.level.chunk.storage.RegionFile/]: External chunk path .\saves\New World\region\c.11.17.mcc is not file
[27Nov2025 12:50:55.951] [IO-Worker-1/WARN] [net.minecraft.world.level.chunk.storage.RegionFile/]: Chunk has both internal and external streams
[27Nov2025 12:50:55.952] [IO-Worker-1/ERROR] [net.minecraft.world.level.chunk.storage.RegionFile/]: External chunk path .\saves\New World\region\c.12.17.mcc is not file
[27Nov2025 12:50:55.952] [IO-Worker-2/WARN] [net.minecraft.world.level.chunk.storage.RegionFile/]: Chunk has both internal and external streams
[27Nov2025 12:50:55.952] [IO-Worker-2/ERROR] [net.minecraft.world.level.chunk.storage.RegionFile/]: External chunk path .\saves\New World\region\c.13.17.mcc is not file
[27Nov2025 12:50:55.953] [IO-Worker-1/WARN] [net.minecraft.world.level.chunk.storage.RegionFile/]: Chunk has both internal and external streams
[27Nov2025 12:50:55.953] [IO-Worker-1/ERROR] [net.minecraft.world.level.chunk.storage.RegionFile/]: External chunk path .\saves\New World\region\c.14.14.mcc is not file
[27Nov2025 12:50:55.953] [IO-Worker-2/WARN] [net.minecraft.world.level.chunk.storage.RegionFile/]: Chunk has both internal and external streams
[27Nov2025 12:50:55.955] [IO-Worker-2/ERROR] [net.minecraft.world.level.chunk.storage.RegionFile/]: External chunk path .\saves\New World\region\c.14.15.mcc is not file
[27Nov2025 12:50:55.955] [IO-Worker-1/WARN] [net.minecraft.world.level.chunk.storage.RegionFile/]: Chunk has both internal and external streams
[27Nov2025 12:50:55.955] [IO-Worker-1/ERROR] [net.minecraft.world.level.chunk.storage.RegionFile/]: External chunk path .\saves\New World\region\c.14.16.mcc is not file
[27Nov2025 12:50:55.955] [IO-Worker-2/WARN] [net.minecraft.world.level.chunk.storage.RegionFile/]: Chunk has both internal and external streams
[27Nov2025 12:50:55.955] [IO-Worker-2/ERROR] [net.minecraft.world.level.chunk.storage.RegionFile/]: External chunk path .\saves\New World\region\c.14.17.mcc is not file
[27Nov2025 12:50:55.956] [IO-Worker-1/WARN] [net.minecraft.world.level.chunk.storage.RegionFile/]: Chunk has both internal and external streams
[27Nov2025 12:50:55.956] [IO-Worker-1/ERROR] [net.minecraft.world.level.chunk.storage.RegionFile/]: External chunk path .\saves\New World\region\c.7.18.mcc is not file
[27Nov2025 12:50:55.956] [IO-Worker-2/WARN] [net.minecraft.world.level.chunk.storage.RegionFile/]: Chunk has both internal and external streams
[27Nov2025 12:50:55.956] [IO-Worker-2/ERROR] [net.minecraft.world.level.chunk.storage.RegionFile/]: External chunk path .\saves\New World\region\c.8.18.mcc is not file
[27Nov2025 12:50:55.956] [IO-Worker-1/WARN] [net.minecraft.world.level.chunk.storage.RegionFile/]: Chunk has both internal and external streams
[27Nov2025 12:50:55.957] [IO-Worker-1/ERROR] [net.minecraft.world.level.chunk.storage.RegionFile/]: External chunk path .\saves\New World\region\c.9.18.mcc is not file
[27Nov2025 12:50:55.957] [IO-Worker-2/WARN] [net.minecraft.world.level.chunk.storage.RegionFile/]: Chunk has both internal and external streams
[27Nov2025 12:50:55.957] [IO-Worker-2/ERROR] [net.minecraft.world.level.chunk.storage.RegionFile/]: External chunk path .\saves\New World\region\c.10.18.mcc is not file
[27Nov2025 12:50:55.957] [IO-Worker-1/WARN] [net.minecraft.world.level.chunk.storage.RegionFile/]: Chunk has both internal and external streams
[27Nov2025 12:50:55.957] [IO-Worker-1/ERROR] [net.minecraft.world.level.chunk.storage.RegionFile/]: External chunk path .\saves\New World\region\c.11.18.mcc is not file
[27Nov2025 12:50:55.958] [IO-Worker-2/WARN] [net.minecraft.world.level.chunk.storage.RegionFile/]: Chunk has both internal and external streams
[27Nov2025 12:50:55.958] [IO-Worker-2/ERROR] [net.minecraft.world.level.chunk.storage.RegionFile/]: External chunk path .\saves\New World\region\c.12.18.mcc is not file
[27Nov2025 12:50:55.958] [IO-Worker-1/WARN] [net.minecraft.world.level.chunk.storage.RegionFile/]: Chunk has both internal and external streams
[27Nov2025 12:50:55.958] [IO-Worker-1/ERROR] [net.minecraft.world.level.chunk.storage.RegionFile/]: External chunk path .\saves\New World\region\c.13.18.mcc is not file
[27Nov2025 12:50:55.958] [IO-Worker-2/WARN] [net.minecraft.world.level.chunk.storage.RegionFile/]: Chunk has both internal and external streams
[27Nov2025 12:50:55.958] [IO-Worker-2/ERROR] [net.minecraft.world.level.chunk.storage.RegionFile/]: External chunk path .\saves\New World\region\c.14.18.mcc is not file
[27Nov2025 12:50:55.959] [IO-Worker-2/WARN] [net.minecraft.world.level.chunk.storage.RegionFile/]: Chunk has both internal and external streams
[27Nov2025 12:50:55.959] [IO-Worker-2/ERROR] [net.minecraft.world.level.chunk.storage.RegionFile/]: External chunk path .\saves\New World\region\c.15.9.mcc is not file
[27Nov2025 12:50:55.959] [IO-Worker-1/WARN] [net.minecraft.world.level.chunk.storage.RegionFile/]: Chunk has both internal and external streams
[27Nov2025 12:50:55.960] [IO-Worker-1/ERROR] [net.minecraft.world.level.chunk.storage.RegionFile/]: External chunk path .\saves\New World\region\c.15.10.mcc is not file
[27Nov2025 12:50:55.960] [IO-Worker-2/WARN] [net.minecraft.world.level.chunk.storage.RegionFile/]: Chunk has both internal and external streams
[27Nov2025 12:50:55.960] [IO-Worker-2/ERROR] [net.minecraft.world.level.chunk.storage.RegionFile/]: External chunk path .\saves\New World\region\c.15.11.mcc is not file
[27Nov2025 12:50:55.960] [IO-Worker-1/WARN] [net.minecraft.world.level.chunk.storage.RegionFile/]: Chunk has both internal and external streams
[27Nov2025 12:50:55.960] [IO-Worker-1/ERROR] [net.minecraft.world.level.chunk.storage.RegionFile/]: External chunk path .\saves\New World\region\c.15.12.mcc is not file
[27Nov2025 12:50:55.961] [IO-Worker-2/WARN] [net.minecraft.world.level.chunk.storage.RegionFile/]: Chunk has both internal and external streams
[27Nov2025 12:50:55.961] [IO-Worker-2/ERROR] [net.minecraft.world.level.chunk.storage.RegionFile/]: External chunk path .\saves\New World\region\c.15.13.mcc is not file
[27Nov2025 12:50:55.961] [IO-Worker-1/WARN] [net.minecraft.world.level.chunk.storage.RegionFile/]: Chunk has both internal and external streams
[27Nov2025 12:50:55.961] [IO-Worker-1/ERROR] [net.minecraft.world.level.chunk.storage.RegionFile/]: External chunk path .\saves\New World\region\c.15.14.mcc is not file
[27Nov2025 12:50:55.963] [IO-Worker-1/WARN] [net.minecraft.world.level.chunk.storage.RegionFile/]: Chunk has both internal and external streams
[27Nov2025 12:50:55.963] [IO-Worker-1/ERROR] [net.minecraft.world.level.chunk.storage.RegionFile/]: External chunk path .\saves\New World\region\c.15.18.mcc is not file
[27Nov2025 12:50:55.963] [IO-Worker-2/WARN] [net.minecraft.world.level.chunk.storage.RegionFile/]: Chunk has both internal and external streams
[27Nov2025 12:50:55.963] [IO-Worker-2/ERROR] [net.minecraft.world.level.chunk.storage.RegionFile/]: External chunk path .\saves\New World\region\c.7.19.mcc is not file
[27Nov2025 12:50:55.963] [IO-Worker-1/WARN] [net.minecraft.world.level.chunk.storage.RegionFile/]: Chunk has both internal and external streams
[27Nov2025 12:50:55.964] [IO-Worker-1/ERROR] [net.minecraft.world.level.chunk.storage.RegionFile/]: External chunk path .\saves\New World\region\c.8.19.mcc is not file
[27Nov2025 12:50:55.970] [IO-Worker-2/WARN] [net.minecraft.world.level.chunk.storage.RegionFile/]: Chunk has both internal and external streams
[27Nov2025 12:50:55.971] [IO-Worker-2/ERROR] [net.minecraft.world.level.chunk.storage.RegionFile/]: External chunk path .\saves\New World\region\c.9.19.mcc is not file
[27Nov2025 12:50:55.971] [IO-Worker-1/WARN] [net.minecraft.world.level.chunk.storage.RegionFile/]: Chunk has both internal and external streams
[27Nov2025 12:50:55.971] [IO-Worker-1/ERROR] [net.minecraft.world.level.chunk.storage.RegionFile/]: External chunk path .\saves\New World\region\c.10.19.mcc is not file
[27Nov2025 12:50:55.971] [IO-Worker-2/WARN] [net.minecraft.world.level.chunk.storage.RegionFile/]: Chunk has both internal and external streams
[27Nov2025 12:50:55.971] [IO-Worker-2/ERROR] [net.minecraft.world.level.chunk.storage.RegionFile/]: External chunk path .\saves\New World\region\c.11.19.mcc is not file
[27Nov2025 12:50:55.972] [IO-Worker-1/WARN] [net.minecraft.world.level.chunk.storage.RegionFile/]: Chunk has both internal and external streams
[27Nov2025 12:50:55.972] [IO-Worker-1/ERROR] [net.minecraft.world.level.chunk.storage.RegionFile/]: External chunk path .\saves\New World\region\c.12.19.mcc is not file
[27Nov2025 12:50:55.985] [IO-Worker-3/WARN] [net.minecraft.world.level.chunk.storage.RegionFile/]: Chunk has both internal and external streams
[27Nov2025 12:50:55.986] [IO-Worker-3/ERROR] [net.minecraft.world.level.chunk.storage.RegionFile/]: External chunk path .\saves\New World\region\c.13.19.mcc is not file
[27Nov2025 12:50:55.986] [IO-Worker-1/WARN] [net.minecraft.world.level.chunk.storage.RegionFile/]: Chunk has both internal and external streams
[27Nov2025 12:50:55.986] [IO-Worker-1/ERROR] [net.minecraft.world.level.chunk.storage.RegionFile/]: External chunk path .\saves\New World\region\c.14.19.mcc is not file
[27Nov2025 12:50:55.987] [IO-Worker-3/WARN] [net.minecraft.world.level.chunk.storage.RegionFile/]: Chunk has both internal and external streams
[27Nov2025 12:50:55.987] [IO-Worker-3/ERROR] [net.minecraft.world.level.chunk.storage.RegionFile/]: External chunk path .\saves\New World\region\c.15.19.mcc is not file
[27Nov2025 12:50:55.987] [IO-Worker-1/WARN] [net.minecraft.world.level.chunk.storage.RegionFile/]: Chunk has both internal and external streams
[27Nov2025 12:50:55.988] [IO-Worker-1/ERROR] [net.minecraft.world.level.chunk.storage.RegionFile/]: External chunk path .\saves\New World\region\c.7.20.mcc is not file
[27Nov2025 12:50:55.988] [IO-Worker-3/WARN] [net.minecraft.world.level.chunk.storage.RegionFile/]: Chunk has both internal and external streams
[27Nov2025 12:50:55.988] [IO-Worker-3/ERROR] [net.minecraft.world.level.chunk.storage.RegionFile/]: External chunk path .\saves\New World\region\c.8.20.mcc is not file
[27Nov2025 12:50:55.990] [IO-Worker-1/WARN] [net.minecraft.world.level.chunk.storage.RegionFile/]: Chunk has both internal and external streams
[27Nov2025 12:50:55.990] [IO-Worker-1/ERROR] [net.minecraft.world.level.chunk.storage.RegionFile/]: External chunk path .\saves\New World\region\c.9.20.mcc is not file
[27Nov2025 12:50:55.991] [IO-Worker-3/WARN] [net.minecraft.world.level.chunk.storage.RegionFile/]: Chunk has both internal and external streams
[27Nov2025 12:50:55.991] [IO-Worker-3/ERROR] [net.minecraft.world.level.chunk.storage.RegionFile/]: External chunk path .\saves\New World\region\c.10.20.mcc is not file
[27Nov2025 12:50:55.992] [IO-Worker-1/WARN] [net.minecraft.world.level.chunk.storage.RegionFile/]: Chunk has both internal and external streams
[27Nov2025 12:50:55.992] [IO-Worker-1/ERROR] [net.minecraft.world.level.chunk.storage.RegionFile/]: External chunk path .\saves\New World\region\c.11.20.mcc is not file
[27Nov2025 12:50:55.993] [IO-Worker-1/WARN] [net.minecraft.world.level.chunk.storage.RegionFile/]: Chunk has both internal and external streams
[27Nov2025 12:50:55.993] [IO-Worker-1/ERROR] [net.minecraft.world.level.chunk.storage.RegionFile/]: External chunk path .\saves\New World\region\c.13.20.mcc is not file
[27Nov2025 12:50:55.993] [IO-Worker-3/WARN] [net.minecraft.world.level.chunk.storage.RegionFile/]: Chunk has both internal and external streams
[27Nov2025 12:50:55.993] [IO-Worker-3/ERROR] [net.minecraft.world.level.chunk.storage.RegionFile/]: External chunk path .\saves\New World\region\c.6.21.mcc is not file
[27Nov2025 12:50:55.995] [IO-Worker-1/WARN] [net.minecraft.world.level.chunk.storage.RegionFile/]: Chunk has both internal and external streams
[27Nov2025 12:50:55.995] [IO-Worker-1/ERROR] [net.minecraft.world.level.chunk.storage.RegionFile/]: External chunk path .\saves\New World\region\c.9.21.mcc is not file
[27Nov2025 12:50:55.996] [IO-Worker-3/WARN] [net.minecraft.world.level.chunk.storage.RegionFile/]: Chunk has both internal and external streams
[27Nov2025 12:50:55.996] [IO-Worker-3/ERROR] [net.minecraft.world.level.chunk.storage.RegionFile/]: External chunk path .\saves\New World\region\c.10.21.mcc is not file
[27Nov2025 12:50:55.996] [IO-Worker-1/WARN] [net.minecraft.world.level.chunk.storage.RegionFile/]: Chunk has both internal and external streams
[27Nov2025 12:50:55.996] [IO-Worker-1/ERROR] [net.minecraft.world.level.chunk.storage.RegionFile/]: External chunk path .\saves\New World\region\c.11.21.mcc is not file
[27Nov2025 12:50:55.997] [IO-Worker-3/WARN] [net.minecraft.world.level.chunk.storage.RegionFile/]: Chunk has both internal and external streams
[27Nov2025 12:50:55.997] [IO-Worker-3/ERROR] [net.minecraft.world.level.chunk.storage.RegionFile/]: External chunk path .\saves\New World\region\c.6.22.mcc is not file
[27Nov2025 12:50:55.997] [IO-Worker-1/WARN] [net.minecraft.world.level.chunk.storage.RegionFile/]: Chunk has both internal and external streams
[27Nov2025 12:50:55.998] [IO-Worker-1/ERROR] [net.minecraft.world.level.chunk.storage.RegionFile/]: External chunk path .\saves\New World\region\c.7.22.mcc is not file
[27Nov2025 12:50:56.010] [IO-Worker-3/WARN] [net.minecraft.world.level.chunk.storage.RegionFile/]: Chunk has both internal and external streams
[27Nov2025 12:50:56.010] [IO-Worker-3/ERROR] [net.minecraft.world.level.chunk.storage.RegionFile/]: External chunk path .\saves\New World\region\c.-22.2.mcc is not file
[27Nov2025 12:50:56.019] [IO-Worker-3/WARN] [net.minecraft.world.level.chunk.storage.RegionFile/]: Chunk has both internal and external streams
[27Nov2025 12:50:56.019] [IO-Worker-3/ERROR] [net.minecraft.world.level.chunk.storage.RegionFile/]: External chunk path .\saves\New World\region\c.-22.18.mcc is not file
[27Nov2025 12:50:56.070] [IO-Worker-3/WARN] [net.minecraft.world.level.chunk.storage.RegionFile/]: Chunk has both internal and external streams
[27Nov2025 12:50:56.070] [IO-Worker-3/ERROR] [net.minecraft.world.level.chunk.storage.RegionFile/]: External chunk path .\saves\New World\region\c.17.2.mcc is not file
[27Nov2025 12:50:56.070] [IO-Worker-2/WARN] [net.minecraft.world.level.chunk.storage.RegionFile/]: Chunk has both internal and external streams
[27Nov2025 12:50:56.071] [IO-Worker-2/ERROR] [net.minecraft.world.level.chunk.storage.RegionFile/]: External chunk path .\saves\New World\region\c.17.3.mcc is not file
[27Nov2025 12:50:56.071] [IO-Worker-3/WARN] [net.minecraft.world.level.chunk.storage.RegionFile/]: Chunk has both internal and external streams
[27Nov2025 12:50:56.071] [IO-Worker-3/ERROR] [net.minecraft.world.level.chunk.storage.RegionFile/]: External chunk path .\saves\New World\region\c.17.4.mcc is not file
[27Nov2025 12:50:56.071] [IO-Worker-2/WARN] [net.minecraft.world.level.chunk.storage.RegionFile/]: Chunk has both internal and external streams
[27Nov2025 12:50:56.071] [IO-Worker-2/ERROR] [net.minecraft.world.level.chunk.storage.RegionFile/]: External chunk path .\saves\New World\region\c.17.5.mcc is not file
[27Nov2025 12:50:56.072] [IO-Worker-3/WARN] [net.minecraft.world.level.chunk.storage.RegionFile/]: Chunk has both internal and external streams
[27Nov2025 12:50:56.072] [IO-Worker-3/ERROR] [net.minecraft.world.level.chunk.storage.RegionFile/]: External chunk path .\saves\New World\region\c.17.6.mcc is not file
[27Nov2025 12:50:56.072] [IO-Worker-1/WARN] [net.minecraft.world.level.chunk.storage.RegionFile/]: Chunk has both internal and external streams
[27Nov2025 12:50:56.072] [IO-Worker-1/ERROR] [net.minecraft.world.level.chunk.storage.RegionFile/]: External chunk path .\saves\New World\region\c.17.7.mcc is not file
[27Nov2025 12:50:56.072] [IO-Worker-3/WARN] [net.minecraft.world.level.chunk.storage.RegionFile/]: Chunk has both internal and external streams
[27Nov2025 12:50:56.073] [IO-Worker-3/ERROR] [net.minecraft.world.level.chunk.storage.RegionFile/]: External chunk path .\saves\New World\region\c.16.8.mcc is not file
[27Nov2025 12:50:56.073] [IO-Worker-1/WARN] [net.minecraft.world.level.chunk.storage.RegionFile/]: Chunk has both internal and external streams
[27Nov2025 12:50:56.073] [IO-Worker-1/ERROR] [net.minecraft.world.level.chunk.storage.RegionFile/]: External chunk path .\saves\New World\region\c.17.8.mcc is not file
[27Nov2025 12:50:56.073] [IO-Worker-3/WARN] [net.minecraft.world.level.chunk.storage.RegionFile/]: Chunk has both internal and external streams
[27Nov2025 12:50:56.073] [IO-Worker-3/ERROR] [net.minecraft.world.level.chunk.storage.RegionFile/]: External chunk path .\saves\New World\region\c.16.9.mcc is not file
[27Nov2025 12:50:56.075] [IO-Worker-2/WARN] [net.minecraft.world.level.chunk.storage.RegionFile/]: Chunk has both internal and external streams
[27Nov2025 12:50:56.075] [IO-Worker-2/ERROR] [net.minecraft.world.level.chunk.storage.RegionFile/]: External chunk path .\saves\New World\region\c.17.9.mcc is not file
[27Nov2025 12:50:56.075] [IO-Worker-3/WARN] [net.minecraft.world.level.chunk.storage.RegionFile/]: Chunk has both internal and external streams
[27Nov2025 12:50:56.075] [IO-Worker-3/ERROR] [net.minecraft.world.level.chunk.storage.RegionFile/]: External chunk path .\saves\New World\region\c.16.10.mcc is not file
[27Nov2025 12:50:56.079] [IO-Worker-1/WARN] [net.minecraft.world.level.chunk.storage.RegionFile/]: Chunk has both internal and external streams
[27Nov2025 12:50:56.079] [IO-Worker-1/ERROR] [net.minecraft.world.level.chunk.storage.RegionFile/]: External chunk path .\saves\New World\region\c.17.10.mcc is not file
[27Nov2025 12:50:56.082] [IO-Worker-3/WARN] [net.minecraft.world.level.chunk.storage.RegionFile/]: Chunk has both internal and external streams
[27Nov2025 12:50:56.083] [IO-Worker-3/ERROR] [net.minecraft.world.level.chunk.storage.RegionFile/]: External chunk path .\saves\New World\region\c.16.11.mcc is not file
[27Nov2025 12:50:56.086] [IO-Worker-1/WARN] [net.minecraft.world.level.chunk.storage.RegionFile/]: Chunk has both internal and external streams
[27Nov2025 12:50:56.087] [IO-Worker-1/ERROR] [net.minecraft.world.level.chunk.storage.RegionFile/]: External chunk path .\saves\New World\region\c.17.11.mcc is not file
[27Nov2025 12:50:56.087] [IO-Worker-2/WARN] [net.minecraft.world.level.chunk.storage.RegionFile/]: Chunk has both internal and external streams
[27Nov2025 12:50:56.087] [IO-Worker-2/ERROR] [net.minecraft.world.level.chunk.storage.RegionFile/]: External chunk path .\saves\New World\region\c.16.12.mcc is not file
[27Nov2025 12:50:56.087] [IO-Worker-1/WARN] [net.minecraft.world.level.chunk.storage.RegionFile/]: Chunk has both internal and external streams
[27Nov2025 12:50:56.088] [IO-Worker-1/ERROR] [net.minecraft.world.level.chunk.storage.RegionFile/]: External chunk path .\saves\New World\region\c.17.12.mcc is not file
[27Nov2025 12:50:56.088] [IO-Worker-2/WARN] [net.minecraft.world.level.chunk.storage.RegionFile/]: Chunk has both internal and external streams
[27Nov2025 12:50:56.088] [IO-Worker-2/ERROR] [net.minecraft.world.level.chunk.storage.RegionFile/]: External chunk path .\saves\New World\region\c.16.13.mcc is not file
[27Nov2025 12:50:56.088] [IO-Worker-3/WARN] [net.minecraft.world.level.chunk.storage.RegionFile/]: Chunk has both internal and external streams
[27Nov2025 12:50:56.088] [IO-Worker-3/ERROR] [net.minecraft.world.level.chunk.storage.RegionFile/]: External chunk path .\saves\New World\region\c.17.13.mcc is not file
[27Nov2025 12:50:56.089] [IO-Worker-2/WARN] [net.minecraft.world.level.chunk.storage.RegionFile/]: Chunk has both internal and external streams
[27Nov2025 12:50:56.089] [IO-Worker-2/ERROR] [net.minecraft.world.level.chunk.storage.RegionFile/]: External chunk path .\saves\New World\region\c.16.14.mcc is not file
[27Nov2025 12:50:56.089] [IO-Worker-3/WARN] [net.minecraft.world.level.chunk.storage.RegionFile/]: Chunk has both internal and external streams
[27Nov2025 12:50:56.089] [IO-Worker-3/ERROR] [net.minecraft.world.level.chunk.storage.RegionFile/]: External chunk path .\saves\New World\region\c.17.14.mcc is not file
[27Nov2025 12:50:56.089] [IO-Worker-2/WARN] [net.minecraft.world.level.chunk.storage.RegionFile/]: Chunk has both internal and external streams
[27Nov2025 12:50:56.089] [IO-Worker-2/ERROR] [net.minecraft.world.level.chunk.storage.RegionFile/]: External chunk path .\saves\New World\region\c.16.15.mcc is not file
[27Nov2025 12:50:56.090] [IO-Worker-3/WARN] [net.minecraft.world.level.chunk.storage.RegionFile/]: Chunk has both internal and external streams
[27Nov2025 12:50:56.090] [IO-Worker-3/ERROR] [net.minecraft.world.level.chunk.storage.RegionFile/]: External chunk path .\saves\New World\region\c.17.15.mcc is not file
[27Nov2025 12:50:56.093] [IO-Worker-1/WARN] [net.minecraft.world.level.chunk.storage.RegionFile/]: Chunk has both internal and external streams
[27Nov2025 12:50:56.093] [IO-Worker-1/ERROR] [net.minecraft.world.level.chunk.storage.RegionFile/]: External chunk path .\saves\New World\region\c.16.16.mcc is not file
[27Nov2025 12:50:56.093] [IO-Worker-2/WARN] [net.minecraft.world.level.chunk.storage.RegionFile/]: Chunk has both internal and external streams
[27Nov2025 12:50:56.093] [IO-Worker-2/ERROR] [net.minecraft.world.level.chunk.storage.RegionFile/]: External chunk path .\saves\New World\region\c.17.16.mcc is not file
[27Nov2025 12:50:56.093] [IO-Worker-2/WARN] [net.minecraft.world.level.chunk.storage.RegionFile/]: Chunk has both internal and external streams
[27Nov2025 12:50:56.093] [IO-Worker-2/ERROR] [net.minecraft.world.level.chunk.storage.RegionFile/]: External chunk path .\saves\New World\region\c.18.2.mcc is not file
[27Nov2025 12:50:56.093] [IO-Worker-3/WARN] [net.minecraft.world.level.chunk.storage.RegionFile/]: Chunk has both internal and external streams
[27Nov2025 12:50:56.095] [IO-Worker-3/ERROR] [net.minecraft.world.level.chunk.storage.RegionFile/]: External chunk path .\saves\New World\region\c.18.3.mcc is not file
[27Nov2025 12:50:56.095] [IO-Worker-2/WARN] [net.minecraft.world.level.chunk.storage.RegionFile/]: Chunk has both internal and external streams
[27Nov2025 12:50:56.095] [IO-Worker-2/ERROR] [net.minecraft.world.level.chunk.storage.RegionFile/]: External chunk path .\saves\New World\region\c.18.4.mcc is not file
[27Nov2025 12:50:56.095] [IO-Worker-3/WARN] [net.minecraft.world.level.chunk.storage.RegionFile/]: Chunk has both internal and external streams
[27Nov2025 12:50:56.095] [IO-Worker-3/ERROR] [net.minecraft.world.level.chunk.storage.RegionFile/]: External chunk path .\saves\New World\region\c.18.5.mcc is not file
[27Nov2025 12:50:56.096] [IO-Worker-2/WARN] [net.minecraft.world.level.chunk.storage.RegionFile/]: Chunk has both internal and external streams
[27Nov2025 12:50:56.096] [IO-Worker-2/ERROR] [net.minecraft.world.level.chunk.storage.RegionFile/]: External chunk path .\saves\New World\region\c.18.6.mcc is not file
[27Nov2025 12:50:56.096] [IO-Worker-1/WARN] [net.minecraft.world.level.chunk.storage.RegionFile/]: Chunk has both internal and external streams
[27Nov2025 12:50:56.098] [IO-Worker-1/ERROR] [net.minecraft.world.level.chunk.storage.RegionFile/]: External chunk path .\saves\New World\region\c.18.7.mcc is not file
[27Nov2025 12:50:56.099] [IO-Worker-1/WARN] [net.minecraft.world.level.chunk.storage.RegionFile/]: Chunk has both internal and external streams
[27Nov2025 12:50:56.099] [IO-Worker-1/ERROR] [net.minecraft.world.level.chunk.storage.RegionFile/]: External chunk path .\saves\New World\region\c.18.9.mcc is not file
[27Nov2025 12:50:56.099] [IO-Worker-3/WARN] [net.minecraft.world.level.chunk.storage.RegionFile/]: Chunk has both internal and external streams
[27Nov2025 12:50:56.099] [IO-Worker-3/ERROR] [net.minecraft.world.level.chunk.storage.RegionFile/]: External chunk path .\saves\New World\region\c.18.10.mcc is not file
[27Nov2025 12:50:56.100] [IO-Worker-1/WARN] [net.minecraft.world.level.chunk.storage.RegionFile/]: Chunk has both internal and external streams
[27Nov2025 12:50:56.100] [IO-Worker-1/ERROR] [net.minecraft.world.level.chunk.storage.RegionFile/]: External chunk path .\saves\New World\region\c.18.11.mcc is not file
[27Nov2025 12:50:56.100] [IO-Worker-3/WARN] [net.minecraft.world.level.chunk.storage.RegionFile/]: Chunk has both internal and external streams
[27Nov2025 12:50:56.100] [IO-Worker-3/ERROR] [net.minecraft.world.level.chunk.storage.RegionFile/]: External chunk path .\saves\New World\region\c.18.12.mcc is not file
[27Nov2025 12:50:56.100] [IO-Worker-1/WARN] [net.minecraft.world.level.chunk.storage.RegionFile/]: Chunk has both internal and external streams
[27Nov2025 12:50:56.100] [IO-Worker-1/ERROR] [net.minecraft.world.level.chunk.storage.RegionFile/]: External chunk path .\saves\New World\region\c.18.13.mcc is not file
[27Nov2025 12:50:56.101] [IO-Worker-2/WARN] [net.minecraft.world.level.chunk.storage.RegionFile/]: Chunk has both internal and external streams
[27Nov2025 12:50:56.101] [IO-Worker-2/ERROR] [net.minecraft.world.level.chunk.storage.RegionFile/]: External chunk path .\saves\New World\region\c.18.14.mcc is not file
[27Nov2025 12:50:56.101] [IO-Worker-2/WARN] [net.minecraft.world.level.chunk.storage.RegionFile/]: Chunk has both internal and external streams
[27Nov2025 12:50:56.102] [IO-Worker-2/ERROR] [net.minecraft.world.level.chunk.storage.RegionFile/]: External chunk path .\saves\New World\region\c.18.16.mcc is not file
[27Nov2025 12:50:56.102] [IO-Worker-1/WARN] [net.minecraft.world.level.chunk.storage.RegionFile/]: Chunk has both internal and external streams
[27Nov2025 12:50:56.102] [IO-Worker-1/ERROR] [net.minecraft.world.level.chunk.storage.RegionFile/]: External chunk path .\saves\New World\region\c.16.17.mcc is not file
[27Nov2025 12:50:56.102] [IO-Worker-3/WARN] [net.minecraft.world.level.chunk.storage.RegionFile/]: Chunk has both internal and external streams
[27Nov2025 12:50:56.102] [IO-Worker-3/ERROR] [net.minecraft.world.level.chunk.storage.RegionFile/]: External chunk path .\saves\New World\region\c.17.17.mcc is not file
[27Nov2025 12:50:56.103] [IO-Worker-1/WARN] [net.minecraft.world.level.chunk.storage.RegionFile/]: Chunk has both internal and external streams
[27Nov2025 12:50:56.103] [IO-Worker-1/ERROR] [net.minecraft.world.level.chunk.storage.RegionFile/]: External chunk path .\saves\New World\region\c.18.17.mcc is not file
[27Nov2025 12:50:56.104] [IO-Worker-3/WARN] [net.minecraft.world.level.chunk.storage.RegionFile/]: Chunk has both internal and external streams
[27Nov2025 12:50:56.104] [IO-Worker-3/ERROR] [net.minecraft.world.level.chunk.storage.RegionFile/]: External chunk path .\saves\New World\region\c.19.1.mcc is not file
[27Nov2025 12:50:56.104] [IO-Worker-1/WARN] [net.minecraft.world.level.chunk.storage.RegionFile/]: Chunk has both internal and external streams
[27Nov2025 12:50:56.104] [IO-Worker-1/ERROR] [net.minecraft.world.level.chunk.storage.RegionFile/]: External chunk path .\saves\New World\region\c.19.2.mcc is not file
[27Nov2025 12:50:56.105] [IO-Worker-3/WARN] [net.minecraft.world.level.chunk.storage.RegionFile/]: Chunk has both internal and external streams
[27Nov2025 12:50:56.105] [IO-Worker-3/ERROR] [net.minecraft.world.level.chunk.storage.RegionFile/]: External chunk path .\saves\New World\region\c.19.3.mcc is not file
[27Nov2025 12:50:56.105] [IO-Worker-1/WARN] [net.minecraft.world.level.chunk.storage.RegionFile/]: Chunk has both internal and external streams
[27Nov2025 12:50:56.105] [IO-Worker-1/ERROR] [net.minecraft.world.level.chunk.storage.RegionFile/]: External chunk path .\saves\New World\region\c.19.4.mcc is not file
[27Nov2025 12:50:56.105] [IO-Worker-3/WARN] [net.minecraft.world.level.chunk.storage.RegionFile/]: Chunk has both internal and external streams
[27Nov2025 12:50:56.105] [IO-Worker-3/ERROR] [net.minecraft.world.level.chunk.storage.RegionFile/]: External chunk path .\saves\New World\region\c.19.5.mcc is not file
[27Nov2025 12:50:56.106] [IO-Worker-1/WARN] [net.minecraft.world.level.chunk.storage.RegionFile/]: Chunk has both internal and external streams
[27Nov2025 12:50:56.106] [IO-Worker-1/ERROR] [net.minecraft.world.level.chunk.storage.RegionFile/]: External chunk path .\saves\New World\region\c.19.6.mcc is not file
[27Nov2025 12:50:56.106] [IO-Worker-3/WARN] [net.minecraft.world.level.chunk.storage.RegionFile/]: Chunk has both internal and external streams
[27Nov2025 12:50:56.106] [IO-Worker-3/ERROR] [net.minecraft.world.level.chunk.storage.RegionFile/]: External chunk path .\saves\New World\region\c.19.7.mcc is not file
[27Nov2025 12:50:56.107] [IO-Worker-1/WARN] [net.minecraft.world.level.chunk.storage.RegionFile/]: Chunk has both internal and external streams
[27Nov2025 12:50:56.107] [IO-Worker-1/ERROR] [net.minecraft.world.level.chunk.storage.RegionFile/]: External chunk path .\saves\New World\region\c.19.8.mcc is not file
[27Nov2025 12:50:56.121] [IO-Worker-4/WARN] [net.minecraft.world.level.chunk.storage.RegionFile/]: Chunk has both internal and external streams
[27Nov2025 12:50:56.122] [IO-Worker-4/ERROR] [net.minecraft.world.level.chunk.storage.RegionFile/]: External chunk path .\saves\New World\region\c.19.9.mcc is not file
[27Nov2025 12:50:56.123] [IO-Worker-2/WARN] [net.minecraft.world.level.chunk.storage.RegionFile/]: Chunk has both internal and external streams
[27Nov2025 12:50:56.124] [IO-Worker-2/ERROR] [net.minecraft.world.level.chunk.storage.RegionFile/]: External chunk path .\saves\New World\region\c.19.10.mcc is not file
[27Nov2025 12:50:56.124] [IO-Worker-4/WARN] [net.minecraft.world.level.chunk.storage.RegionFile/]: Chunk has both internal and external streams
[27Nov2025 12:50:56.124] [IO-Worker-4/ERROR] [net.minecraft.world.level.chunk.storage.RegionFile/]: External chunk path .\saves\New World\region\c.19.11.mcc is not file
[27Nov2025 12:50:56.125] [IO-Worker-2/WARN] [net.minecraft.world.level.chunk.storage.RegionFile/]: Chunk has both internal and external streams
[27Nov2025 12:50:56.125] [IO-Worker-2/ERROR] [net.minecraft.world.level.chunk.storage.RegionFile/]: External chunk path .\saves\New World\region\c.19.12.mcc is not file
[27Nov2025 12:50:56.125] [IO-Worker-4/WARN] [net.minecraft.world.level.chunk.storage.RegionFile/]: Chunk has both internal and external streams
[27Nov2025 12:50:56.125] [IO-Worker-4/ERROR] [net.minecraft.world.level.chunk.storage.RegionFile/]: External chunk path .\saves\New World\region\c.19.13.mcc is not file
[27Nov2025 12:50:56.125] [IO-Worker-2/WARN] [net.minecraft.world.level.chunk.storage.RegionFile/]: Chunk has both internal and external streams
[27Nov2025 12:50:56.126] [IO-Worker-2/ERROR] [net.minecraft.world.level.chunk.storage.RegionFile/]: External chunk path .\saves\New World\region\c.19.14.mcc is not file
[27Nov2025 12:50:56.126] [IO-Worker-4/WARN] [net.minecraft.world.level.chunk.storage.RegionFile/]: Chunk has both internal and external streams
[27Nov2025 12:50:56.126] [IO-Worker-4/ERROR] [net.minecraft.world.level.chunk.storage.RegionFile/]: External chunk path .\saves\New World\region\c.19.15.mcc is not file
[27Nov2025 12:50:56.127] [IO-Worker-2/WARN] [net.minecraft.world.level.chunk.storage.RegionFile/]: Chunk has both internal and external streams
[27Nov2025 12:50:56.127] [IO-Worker-2/ERROR] [net.minecraft.world.level.chunk.storage.RegionFile/]: External chunk path .\saves\New World\region\c.19.16.mcc is not file
[27Nov2025 12:50:56.127] [IO-Worker-2/WARN] [net.minecraft.world.level.chunk.storage.RegionFile/]: Chunk has both internal and external streams
[27Nov2025 12:50:56.128] [IO-Worker-2/ERROR] [net.minecraft.world.level.chunk.storage.RegionFile/]: External chunk path .\saves\New World\region\c.16.18.mcc is not file
[27Nov2025 12:50:56.129] [IO-Worker-2/WARN] [net.minecraft.world.level.chunk.storage.RegionFile/]: Chunk has both internal and external streams
[27Nov2025 12:50:56.129] [IO-Worker-2/ERROR] [net.minecraft.world.level.chunk.storage.RegionFile/]: External chunk path .\saves\New World\region\c.18.18.mcc is not file
[27Nov2025 12:50:56.132] [IO-Worker-4/WARN] [net.minecraft.world.level.chunk.storage.RegionFile/]: Chunk has both internal and external streams
[27Nov2025 12:50:56.132] [IO-Worker-4/ERROR] [net.minecraft.world.level.chunk.storage.RegionFile/]: External chunk path .\saves\New World\region\c.20.2.mcc is not file
[27Nov2025 12:50:56.134] [IO-Worker-1/WARN] [net.minecraft.world.level.chunk.storage.RegionFile/]: Chunk has both internal and external streams
[27Nov2025 12:50:56.134] [IO-Worker-1/ERROR] [net.minecraft.world.level.chunk.storage.RegionFile/]: External chunk path .\saves\New World\region\c.20.6.mcc is not file
[27Nov2025 12:50:56.134] [IO-Worker-2/WARN] [net.minecraft.world.level.chunk.storage.RegionFile/]: Chunk has both internal and external streams
[27Nov2025 12:50:56.134] [IO-Worker-2/ERROR] [net.minecraft.world.level.chunk.storage.RegionFile/]: External chunk path .\saves\New World\region\c.20.7.mcc is not file
[27Nov2025 12:50:56.134] [IO-Worker-1/WARN] [net.minecraft.world.level.chunk.storage.RegionFile/]: Chunk has both internal and external streams
[27Nov2025 12:50:56.135] [IO-Worker-1/ERROR] [net.minecraft.world.level.chunk.storage.RegionFile/]: External chunk path .\saves\New World\region\c.20.8.mcc is not file
[27Nov2025 12:50:56.135] [IO-Worker-4/WARN] [net.minecraft.world.level.chunk.storage.RegionFile/]: Chunk has both internal and external streams
[27Nov2025 12:50:56.135] [IO-Worker-4/ERROR] [net.minecraft.world.level.chunk.storage.RegionFile/]: External chunk path .\saves\New World\region\c.20.12.mcc is not file
[27Nov2025 12:50:56.136] [IO-Worker-4/WARN] [net.minecraft.world.level.chunk.storage.RegionFile/]: Chunk has both internal and external streams
[27Nov2025 12:50:56.136] [IO-Worker-4/ERROR] [net.minecraft.world.level.chunk.storage.RegionFile/]: External chunk path .\saves\New World\region\c.20.14.mcc is not file
[27Nov2025 12:50:56.136] [IO-Worker-2/WARN] [net.minecraft.world.level.chunk.storage.RegionFile/]: Chunk has both internal and external streams
[27Nov2025 12:50:56.137] [IO-Worker-2/ERROR] [net.minecraft.world.level.chunk.storage.RegionFile/]: External chunk path .\saves\New World\region\c.20.15.mcc is not file
[27Nov2025 12:50:56.138] [IO-Worker-1/WARN] [net.minecraft.world.level.chunk.storage.RegionFile/]: Chunk has both internal and external streams
[27Nov2025 12:50:56.138] [IO-Worker-1/ERROR] [net.minecraft.world.level.chunk.storage.RegionFile/]: External chunk path .\saves\New World\region\c.21.2.mcc is not file
[27Nov2025 12:50:56.140] [IO-Worker-4/WARN] [net.minecraft.world.level.chunk.storage.RegionFile/]: Chunk has both internal and external streams
[27Nov2025 12:50:56.140] [IO-Worker-4/ERROR] [net.minecraft.world.level.chunk.storage.RegionFile/]: External chunk path .\saves\New World\region\c.21.5.mcc is not file
[27Nov2025 12:50:56.140] [IO-Worker-2/WARN] [net.minecraft.world.level.chunk.storage.RegionFile/]: Chunk has both internal and external streams
[27Nov2025 12:50:56.141] [IO-Worker-2/ERROR] [net.minecraft.world.level.chunk.storage.RegionFile/]: External chunk path .\saves\New World\region\c.21.6.mcc is not file
[27Nov2025 12:50:56.141] [IO-Worker-4/WARN] [net.minecraft.world.level.chunk.storage.RegionFile/]: Chunk has both internal and external streams
[27Nov2025 12:50:56.145] [IO-Worker-4/ERROR] [net.minecraft.world.level.chunk.storage.RegionFile/]: External chunk path .\saves\New World\region\c.21.7.mcc is not file
[27Nov2025 12:50:56.147] [IO-Worker-4/WARN] [net.minecraft.world.level.chunk.storage.RegionFile/]: Chunk has both internal and external streams
[27Nov2025 12:50:56.147] [IO-Worker-4/ERROR] [net.minecraft.world.level.chunk.storage.RegionFile/]: External chunk path .\saves\New World\region\c.21.9.mcc is not file
[27Nov2025 12:50:56.150] [IO-Worker-1/WARN] [net.minecraft.world.level.chunk.storage.RegionFile/]: Chunk has both internal and external streams
[27Nov2025 12:50:56.150] [IO-Worker-1/ERROR] [net.minecraft.world.level.chunk.storage.RegionFile/]: External chunk path .\saves\New World\region\c.21.14.mcc is not file
[27Nov2025 12:50:56.151] [IO-Worker-4/WARN] [net.minecraft.world.level.chunk.storage.RegionFile/]: Chunk has both internal and external streams
[27Nov2025 12:50:56.151] [IO-Worker-4/ERROR] [net.minecraft.world.level.chunk.storage.RegionFile/]: External chunk path .\saves\New World\region\c.21.15.mcc is not file
[27Nov2025 12:50:56.152] [IO-Worker-4/WARN] [net.minecraft.world.level.chunk.storage.RegionFile/]: Chunk has both internal and external streams
[27Nov2025 12:50:56.153] [IO-Worker-4/ERROR] [net.minecraft.world.level.chunk.storage.RegionFile/]: External chunk path .\saves\New World\region\c.16.19.mcc is not file
[27Nov2025 12:50:56.153] [IO-Worker-1/WARN] [net.minecraft.world.level.chunk.storage.RegionFile/]: Chunk has both internal and external streams
[27Nov2025 12:50:56.153] [IO-Worker-1/ERROR] [net.minecraft.world.level.chunk.storage.RegionFile/]: External chunk path .\saves\New World\region\c.17.19.mcc is not file
[27Nov2025 12:50:56.154] [IO-Worker-1/WARN] [net.minecraft.world.level.chunk.storage.RegionFile/]: Chunk has both internal and external streams
[27Nov2025 12:50:56.159] [IO-Worker-1/ERROR] [net.minecraft.world.level.chunk.storage.RegionFile/]: External chunk path .\saves\New World\region\c.19.19.mcc is not file
[27Nov2025 12:50:56.160] [IO-Worker-4/WARN] [net.minecraft.world.level.chunk.storage.RegionFile/]: Chunk has both internal and external streams
[27Nov2025 12:50:56.160] [IO-Worker-4/ERROR] [net.minecraft.world.level.chunk.storage.RegionFile/]: External chunk path .\saves\New World\region\c.20.19.mcc is not file
[27Nov2025 12:50:56.160] [IO-Worker-1/WARN] [net.minecraft.world.level.chunk.storage.RegionFile/]: Chunk has both internal and external streams
[27Nov2025 12:50:56.160] [IO-Worker-1/ERROR] [net.minecraft.world.level.chunk.storage.RegionFile/]: External chunk path .\saves\New World\region\c.21.19.mcc is not file
[27Nov2025 12:50:56.162] [IO-Worker-1/WARN] [net.minecraft.world.level.chunk.storage.RegionFile/]: Chunk has both internal and external streams
[27Nov2025 12:50:56.162] [IO-Worker-1/ERROR] [net.minecraft.world.level.chunk.storage.RegionFile/]: External chunk path .\saves\New World\region\c.15.20.mcc is not file
[27Nov2025 12:50:56.164] [IO-Worker-1/WARN] [net.minecraft.world.level.chunk.storage.RegionFile/]: Chunk has both internal and external streams
[27Nov2025 12:50:56.164] [IO-Worker-1/ERROR] [net.minecraft.world.level.chunk.storage.RegionFile/]: External chunk path .\saves\New World\region\c.17.20.mcc is not file
[27Nov2025 12:50:56.165] [IO-Worker-4/WARN] [net.minecraft.world.level.chunk.storage.RegionFile/]: Chunk has both internal and external streams
[27Nov2025 12:50:56.166] [IO-Worker-4/ERROR] [net.minecraft.world.level.chunk.storage.RegionFile/]: External chunk path .\saves\New World\region\c.20.20.mcc is not file
[27Nov2025 12:50:56.166] [IO-Worker-1/WARN] [net.minecraft.world.level.chunk.storage.RegionFile/]: Chunk has both internal and external streams
[27Nov2025 12:50:56.166] [IO-Worker-1/ERROR] [net.minecraft.world.level.chunk.storage.RegionFile/]: External chunk path .\saves\New World\region\c.22.2.mcc is not file
[27Nov2025 12:50:56.167] [IO-Worker-1/WARN] [net.minecraft.world.level.chunk.storage.RegionFile/]: Chunk has both internal and external streams
[27Nov2025 12:50:56.168] [IO-Worker-1/ERROR] [net.minecraft.world.level.chunk.storage.RegionFile/]: External chunk path .\saves\New World\region\c.22.4.mcc is not file
[27Nov2025 12:50:56.169] [IO-Worker-2/WARN] [net.minecraft.world.level.chunk.storage.RegionFile/]: Chunk has both internal and external streams
[27Nov2025 12:50:56.169] [IO-Worker-2/ERROR] [net.minecraft.world.level.chunk.storage.RegionFile/]: External chunk path .\saves\New World\region\c.22.7.mcc is not file
[27Nov2025 12:50:56.169] [IO-Worker-2/WARN] [net.minecraft.world.level.chunk.storage.RegionFile/]: Chunk has both internal and external streams
[27Nov2025 12:50:56.169] [IO-Worker-2/ERROR] [net.minecraft.world.level.chunk.storage.RegionFile/]: External chunk path .\saves\New World\region\c.22.9.mcc is not file
[27Nov2025 12:50:56.170] [IO-Worker-2/WARN] [net.minecraft.world.level.chunk.storage.RegionFile/]: Chunk has both internal and external streams
[27Nov2025 12:50:56.170] [IO-Worker-2/ERROR] [net.minecraft.world.level.chunk.storage.RegionFile/]: External chunk path .\saves\New World\region\c.22.11.mcc is not file
[27Nov2025 12:50:56.171] [IO-Worker-1/WARN] [net.minecraft.world.level.chunk.storage.RegionFile/]: Chunk has both internal and external streams
[27Nov2025 12:50:56.171] [IO-Worker-1/ERROR] [net.minecraft.world.level.chunk.storage.RegionFile/]: External chunk path .\saves\New World\region\c.22.14.mcc is not file
[27Nov2025 12:50:56.172] [IO-Worker-2/WARN] [net.minecraft.world.level.chunk.storage.RegionFile/]: Chunk has both internal and external streams
[27Nov2025 12:50:56.173] [IO-Worker-2/ERROR] [net.minecraft.world.level.chunk.storage.RegionFile/]: External chunk path .\saves\New World\region\c.22.19.mcc is not file
[27Nov2025 12:50:56.173] [IO-Worker-1/WARN] [net.minecraft.world.level.chunk.storage.RegionFile/]: Chunk has both internal and external streams
[27Nov2025 12:50:56.173] [IO-Worker-1/ERROR] [net.minecraft.world.level.chunk.storage.RegionFile/]: External chunk path .\saves\New World\region\c.15.21.mcc is not file
[27Nov2025 12:50:56.174] [IO-Worker-4/WARN] [net.minecraft.world.level.chunk.storage.RegionFile/]: Chunk has both internal and external streams
[27Nov2025 12:50:56.174] [IO-Worker-4/ERROR] [net.minecraft.world.level.chunk.storage.RegionFile/]: External chunk path .\saves\New World\region\c.16.21.mcc is not file
[27Nov2025 12:50:56.175] [IO-Worker-1/WARN] [net.minecraft.world.level.chunk.storage.RegionFile/]: Chunk has both internal and external streams
[27Nov2025 12:50:56.176] [IO-Worker-1/ERROR] [net.minecraft.world.level.chunk.storage.RegionFile/]: External chunk path .\saves\New World\region\c.19.21.mcc is not file
[27Nov2025 12:50:56.177] [IO-Worker-1/WARN] [net.minecraft.world.level.chunk.storage.RegionFile/]: Chunk has both internal and external streams
[27Nov2025 12:50:56.177] [IO-Worker-1/ERROR] [net.minecraft.world.level.chunk.storage.RegionFile/]: External chunk path .\saves\New World\region\c.14.22.mcc is not file
[27Nov2025 12:50:56.179] [IO-Worker-4/WARN] [net.minecraft.world.level.chunk.storage.RegionFile/]: Chunk has both internal and external streams
[27Nov2025 12:50:56.179] [IO-Worker-4/ERROR] [net.minecraft.world.level.chunk.storage.RegionFile/]: External chunk path .\saves\New World\region\c.20.22.mcc is not file
[27Nov2025 12:50:56.180] [IO-Worker-2/WARN] [net.minecraft.world.level.chunk.storage.RegionFile/]: Chunk has both internal and external streams
[27Nov2025 12:50:56.180] [IO-Worker-2/ERROR] [net.minecraft.world.level.chunk.storage.RegionFile/]: External chunk path .\saves\New World\region\c.21.22.mcc is not file
[27Nov2025 12:50:56.269] [Render thread/INFO] [net.minecraft.server.level.progress.LoggerChunkProgressListener/]: Preparing spawn area: 0%
[27Nov2025 12:50:56.993] [Render thread/INFO] [net.minecraft.server.level.progress.LoggerChunkProgressListener/]: Preparing spawn area: 0%
[27Nov2025 12:50:57.192] [Render thread/INFO] [net.minecraft.server.level.progress.LoggerChunkProgressListener/]: Preparing spawn area: 0%
[27Nov2025 12:50:57.192] [Render thread/INFO] [net.minecraft.server.level.progress.LoggerChunkProgressListener/]: Preparing spawn area: 0%
[27Nov2025 12:50:57.192] [Render thread/INFO] [net.minecraft.server.level.progress.LoggerChunkProgressListener/]: Preparing spawn area: 0%
[27Nov2025 12:50:57.192] [Render thread/INFO] [net.minecraft.server.level.progress.LoggerChunkProgressListener/]: Preparing spawn area: 0%
[27Nov2025 12:50:57.453] [IO-Worker-4/WARN] [net.minecraft.world.level.chunk.storage.RegionFile/]: Chunk has both internal and external streams
[27Nov2025 12:50:57.453] [IO-Worker-4/ERROR] [net.minecraft.world.level.chunk.storage.RegionFile/]: External chunk path .\saves\New World\region\c.-21.0.mcc is not file
[27Nov2025 12:50:57.453] [IO-Worker-4/WARN] [net.minecraft.world.level.chunk.storage.RegionFile/]: Chunk has both internal and external streams
[27Nov2025 12:50:57.453] [IO-Worker-4/ERROR] [net.minecraft.world.level.chunk.storage.RegionFile/]: External chunk path .\saves\New World\region\c.-19.0.mcc is not file
[27Nov2025 12:50:57.453] [IO-Worker-4/WARN] [net.minecraft.world.level.chunk.storage.RegionFile/]: Chunk has both internal and external streams
[27Nov2025 12:50:57.455] [IO-Worker-4/ERROR] [net.minecraft.world.level.chunk.storage.RegionFile/]: External chunk path .\saves\New World\region\c.-17.0.mcc is not file
[27Nov2025 12:50:57.455] [IO-Worker-4/WARN] [net.minecraft.world.level.chunk.storage.RegionFile/]: Chunk has both internal and external streams
[27Nov2025 12:50:57.455] [IO-Worker-4/ERROR] [net.minecraft.world.level.chunk.storage.RegionFile/]: External chunk path .\saves\New World\region\c.-15.0.mcc is not file
[27Nov2025 12:50:57.457] [IO-Worker-3/WARN] [net.minecraft.world.level.chunk.storage.RegionFile/]: Chunk has both internal and external streams
[27Nov2025 12:50:57.457] [IO-Worker-3/ERROR] [net.minecraft.world.level.chunk.storage.RegionFile/]: External chunk path .\saves\New World\region\c.-1.0.mcc is not file
[27Nov2025 12:50:57.458] [IO-Worker-3/WARN] [net.minecraft.world.level.chunk.storage.RegionFile/]: Chunk has both internal and external streams
[27Nov2025 12:50:57.458] [IO-Worker-3/ERROR] [net.minecraft.world.level.chunk.storage.RegionFile/]: External chunk path .\saves\New World\region\c.-21.1.mcc is not file
[27Nov2025 12:50:57.459] [IO-Worker-3/WARN] [net.minecraft.world.level.chunk.storage.RegionFile/]: Chunk has both internal and external streams
[27Nov2025 12:50:57.459] [IO-Worker-3/ERROR] [net.minecraft.world.level.chunk.storage.RegionFile/]: External chunk path .\saves\New World\region\c.-19.1.mcc is not file
[27Nov2025 12:50:57.460] [IO-Worker-3/WARN] [net.minecraft.world.level.chunk.storage.RegionFile/]: Chunk has both internal and external streams
[27Nov2025 12:50:57.460] [IO-Worker-3/ERROR] [net.minecraft.world.level.chunk.storage.RegionFile/]: External chunk path .\saves\New World\region\c.-17.1.mcc is not file
[27Nov2025 12:50:57.460] [IO-Worker-3/WARN] [net.minecraft.world.level.chunk.storage.RegionFile/]: Chunk has both internal and external streams
[27Nov2025 12:50:57.460] [IO-Worker-3/ERROR] [net.minecraft.world.level.chunk.storage.RegionFile/]: External chunk path .\saves\New World\region\c.-16.1.mcc is not file
[27Nov2025 12:50:57.463] [IO-Worker-3/WARN] [net.minecraft.world.level.chunk.storage.RegionFile/]: Chunk has both internal and external streams
[27Nov2025 12:50:57.464] [IO-Worker-3/ERROR] [net.minecraft.world.level.chunk.storage.RegionFile/]: External chunk path .\saves\New World\region\c.-22.2.mcc is not file
[27Nov2025 12:50:57.464] [IO-Worker-3/WARN] [net.minecraft.world.level.chunk.storage.RegionFile/]: Chunk has both internal and external streams
[27Nov2025 12:50:57.464] [IO-Worker-3/ERROR] [net.minecraft.world.level.chunk.storage.RegionFile/]: External chunk path .\saves\New World\region\c.-21.2.mcc is not file
[27Nov2025 12:50:57.464] [IO-Worker-3/WARN] [net.minecraft.world.level.chunk.storage.RegionFile/]: Chunk has both internal and external streams
[27Nov2025 12:50:57.464] [IO-Worker-3/ERROR] [net.minecraft.world.level.chunk.storage.RegionFile/]: External chunk path .\saves\New World\region\c.-19.2.mcc is not file
[27Nov2025 12:50:57.464] [IO-Worker-4/WARN] [net.minecraft.world.level.chunk.storage.RegionFile/]: Chunk has both internal and external streams
[27Nov2025 12:50:57.465] [IO-Worker-4/ERROR] [net.minecraft.world.level.chunk.storage.RegionFile/]: External chunk path .\saves\New World\region\c.-18.2.mcc is not file
[27Nov2025 12:50:57.465] [IO-Worker-4/WARN] [net.minecraft.world.level.chunk.storage.RegionFile/]: Chunk has both internal and external streams
[27Nov2025 12:50:57.465] [IO-Worker-4/ERROR] [net.minecraft.world.level.chunk.storage.RegionFile/]: External chunk path .\saves\New World\region\c.-16.2.mcc is not file
[27Nov2025 12:50:57.468] [IO-Worker-4/WARN] [net.minecraft.world.level.chunk.storage.RegionFile/]: Chunk has both internal and external streams
[27Nov2025 12:50:57.468] [IO-Worker-4/ERROR] [net.minecraft.world.level.chunk.storage.RegionFile/]: External chunk path .\saves\New World\region\c.-21.3.mcc is not file
[27Nov2025 12:50:57.468] [IO-Worker-3/WARN] [net.minecraft.world.level.chunk.storage.RegionFile/]: Chunk has both internal and external streams
[27Nov2025 12:50:57.468] [IO-Worker-3/ERROR] [net.minecraft.world.level.chunk.storage.RegionFile/]: External chunk path .\saves\New World\region\c.-19.3.mcc is not file
[27Nov2025 12:50:57.469] [IO-Worker-4/WARN] [net.minecraft.world.level.chunk.storage.RegionFile/]: Chunk has both internal and external streams
[27Nov2025 12:50:57.469] [IO-Worker-4/ERROR] [net.minecraft.world.level.chunk.storage.RegionFile/]: External chunk path .\saves\New World\region\c.-18.3.mcc is not file
[27Nov2025 12:50:57.469] [IO-Worker-3/WARN] [net.minecraft.world.level.chunk.storage.RegionFile/]: Chunk has both internal and external streams
[27Nov2025 12:50:57.469] [IO-Worker-3/ERROR] [net.minecraft.world.level.chunk.storage.RegionFile/]: External chunk path .\saves\New World\region\c.-16.3.mcc is not file
[27Nov2025 12:50:57.469] [IO-Worker-4/WARN] [net.minecraft.world.level.chunk.storage.RegionFile/]: Chunk has both internal and external streams
[27Nov2025 12:50:57.469] [IO-Worker-4/ERROR] [net.minecraft.world.level.chunk.storage.RegionFile/]: External chunk path .\saves\New World\region\c.-15.3.mcc is not file
[27Nov2025 12:50:57.472] [IO-Worker-4/WARN] [net.minecraft.world.level.chunk.storage.RegionFile/]: Chunk has both internal and external streams
[27Nov2025 12:50:57.473] [IO-Worker-4/ERROR] [net.minecraft.world.level.chunk.storage.RegionFile/]: External chunk path .\saves\New World\region\c.-20.4.mcc is not file
[27Nov2025 12:50:57.473] [IO-Worker-4/WARN] [net.minecraft.world.level.chunk.storage.RegionFile/]: Chunk has both internal and external streams
[27Nov2025 12:50:57.473] [IO-Worker-4/ERROR] [net.minecraft.world.level.chunk.storage.RegionFile/]: External chunk path .\saves\New World\region\c.-19.4.mcc is not file
[27Nov2025 12:50:57.473] [IO-Worker-3/ERROR] [net.minecraft.world.level.chunk.storage.RegionFile/]: Chunk [-18, 4] stream is truncated: expected 104961 but read 4091
[27Nov2025 12:50:57.477] [IO-Worker-4/WARN] [net.minecraft.world.level.chunk.storage.RegionFile/]: Chunk has both internal and external streams
[27Nov2025 12:50:57.477] [IO-Worker-4/ERROR] [net.minecraft.world.level.chunk.storage.RegionFile/]: External chunk path .\saves\New World\region\c.-20.5.mcc is not file
[27Nov2025 12:50:57.477] [IO-Worker-3/WARN] [net.minecraft.world.level.chunk.storage.RegionFile/]: Chunk has both internal and external streams
[27Nov2025 12:50:57.477] [IO-Worker-3/ERROR] [net.minecraft.world.level.chunk.storage.RegionFile/]: External chunk path .\saves\New World\region\c.-19.5.mcc is not file
[27Nov2025 12:50:57.477] [IO-Worker-4/WARN] [net.minecraft.world.level.chunk.storage.RegionFile/]: Chunk has both internal and external streams
[27Nov2025 12:50:57.477] [IO-Worker-4/ERROR] [net.minecraft.world.level.chunk.storage.RegionFile/]: External chunk path .\saves\New World\region\c.-18.5.mcc is not file
[27Nov2025 12:50:57.478] [IO-Worker-3/WARN] [net.minecraft.world.level.chunk.storage.RegionFile/]: Chunk has both internal and external streams
[27Nov2025 12:50:57.478] [IO-Worker-3/ERROR] [net.minecraft.world.level.chunk.storage.RegionFile/]: External chunk path .\saves\New World\region\c.-17.5.mcc is not file
[27Nov2025 12:50:57.478] [IO-Worker-3/WARN] [net.minecraft.world.level.chunk.storage.RegionFile/]: Chunk has both internal and external streams
[27Nov2025 12:50:57.478] [IO-Worker-3/ERROR] [net.minecraft.world.level.chunk.storage.RegionFile/]: External chunk path .\saves\New World\region\c.-16.5.mcc is not file
[27Nov2025 12:50:57.478] [IO-Worker-4/WARN] [net.minecraft.world.level.chunk.storage.RegionFile/]: Chunk has both internal and external streams
[27Nov2025 12:50:57.478] [IO-Worker-4/ERROR] [net.minecraft.world.level.chunk.storage.RegionFile/]: External chunk path .\saves\New World\region\c.-15.5.mcc is not file
[27Nov2025 12:50:57.481] [IO-Worker-4/WARN] [net.minecraft.world.level.chunk.storage.RegionFile/]: Chunk has both internal and external streams
[27Nov2025 12:50:57.481] [IO-Worker-4/ERROR] [net.minecraft.world.level.chunk.storage.RegionFile/]: External chunk path .\saves\New World\region\c.-21.6.mcc is not file
[27Nov2025 12:50:57.481] [IO-Worker-4/ERROR] [net.minecraft.world.level.chunk.storage.RegionFile/]: Chunk [-20, 6] stream is truncated: expected 104961 but read 4091
[27Nov2025 12:50:57.481] [IO-Worker-4/WARN] [net.minecraft.world.level.chunk.storage.RegionFile/]: Chunk has both internal and external streams
[27Nov2025 12:50:57.481] [IO-Worker-4/ERROR] [net.minecraft.world.level.chunk.storage.RegionFile/]: External chunk path .\saves\New World\region\c.-19.6.mcc is not file
[27Nov2025 12:50:57.482] [IO-Worker-3/WARN] [net.minecraft.world.level.chunk.storage.RegionFile/]: Chunk has both internal and external streams
[27Nov2025 12:50:57.482] [IO-Worker-3/ERROR] [net.minecraft.world.level.chunk.storage.RegionFile/]: External chunk path .\saves\New World\region\c.-18.6.mcc is not file
[27Nov2025 12:50:57.482] [IO-Worker-4/WARN] [net.minecraft.world.level.chunk.storage.RegionFile/]: Chunk has both internal and external streams
[27Nov2025 12:50:57.482] [IO-Worker-4/ERROR] [net.minecraft.world.level.chunk.storage.RegionFile/]: External chunk path .\saves\New World\region\c.-17.6.mcc is not file
[27Nov2025 12:50:57.482] [IO-Worker-3/WARN] [net.minecraft.world.level.chunk.storage.RegionFile/]: Chunk has both internal and external streams
[27Nov2025 12:50:57.482] [IO-Worker-3/ERROR] [net.minecraft.world.level.chunk.storage.RegionFile/]: External chunk path .\saves\New World\region\c.-16.6.mcc is not file
[27Nov2025 12:50:57.482] [IO-Worker-4/WARN] [net.minecraft.world.level.chunk.storage.RegionFile/]: Chunk has both internal and external streams
[27Nov2025 12:50:57.482] [IO-Worker-4/ERROR] [net.minecraft.world.level.chunk.storage.RegionFile/]: External chunk path .\saves\New World\region\c.-15.6.mcc is not file
[27Nov2025 12:50:57.485] [IO-Worker-3/WARN] [net.minecraft.world.level.chunk.storage.RegionFile/]: Chunk has both internal and external streams
[27Nov2025 12:50:57.486] [IO-Worker-3/ERROR] [net.minecraft.world.level.chunk.storage.RegionFile/]: External chunk path .\saves\New World\region\c.-21.7.mcc is not file
[27Nov2025 12:50:57.486] [IO-Worker-3/WARN] [net.minecraft.world.level.chunk.storage.RegionFile/]: Chunk has both internal and external streams
[27Nov2025 12:50:57.486] [IO-Worker-3/ERROR] [net.minecraft.world.level.chunk.storage.RegionFile/]: External chunk path .\saves\New World\region\c.-20.7.mcc is not file
[27Nov2025 12:50:57.486] [IO-Worker-3/ERROR] [net.minecraft.world.level.chunk.storage.RegionFile/]: Chunk [-19, 7] stream is truncated: expected 105217 but read 4091
[27Nov2025 12:50:57.486] [IO-Worker-3/WARN] [net.minecraft.world.level.chunk.storage.RegionFile/]: Chunk has both internal and external streams
[27Nov2025 12:50:57.486] [IO-Worker-3/ERROR] [net.minecraft.world.level.chunk.storage.RegionFile/]: External chunk path .\saves\New World\region\c.-16.7.mcc is not file
[27Nov2025 12:50:57.490] [IO-Worker-3/WARN] [net.minecraft.world.level.chunk.storage.RegionFile/]: Chunk has both internal and external streams
[27Nov2025 12:50:57.490] [IO-Worker-3/ERROR] [net.minecraft.world.level.chunk.storage.RegionFile/]: External chunk path .\saves\New World\region\c.-16.8.mcc is not file
[27Nov2025 12:50:57.493] [IO-Worker-3/WARN] [net.minecraft.world.level.chunk.storage.RegionFile/]: Chunk has both internal and external streams
[27Nov2025 12:50:57.493] [IO-Worker-3/ERROR] [net.minecraft.world.level.chunk.storage.RegionFile/]: External chunk path .\saves\New World\region\c.-20.9.mcc is not file
[27Nov2025 12:50:57.495] [IO-Worker-3/WARN] [net.minecraft.world.level.chunk.storage.RegionFile/]: Chunk has both internal and external streams
[27Nov2025 12:50:57.495] [IO-Worker-3/ERROR] [net.minecraft.world.level.chunk.storage.RegionFile/]: External chunk path .\saves\New World\region\c.-18.9.mcc is not file
[27Nov2025 12:50:57.495] [IO-Worker-3/WARN] [net.minecraft.world.level.chunk.storage.RegionFile/]: Chunk has both internal and external streams
[27Nov2025 12:50:57.495] [IO-Worker-3/ERROR] [net.minecraft.world.level.chunk.storage.RegionFile/]: External chunk path .\saves\New World\region\c.-17.9.mcc is not file
[27Nov2025 12:50:57.495] [IO-Worker-3/WARN] [net.minecraft.world.level.chunk.storage.RegionFile/]: Chunk has both internal and external streams
[27Nov2025 12:50:57.495] [IO-Worker-3/ERROR] [net.minecraft.world.level.chunk.storage.RegionFile/]: External chunk path .\saves\New World\region\c.-15.9.mcc is not file
[27Nov2025 12:50:57.498] [IO-Worker-3/WARN] [net.minecraft.world.level.chunk.storage.RegionFile/]: Chunk has both internal and external streams
[27Nov2025 12:50:57.499] [IO-Worker-3/ERROR] [net.minecraft.world.level.chunk.storage.RegionFile/]: External chunk path .\saves\New World\region\c.-21.10.mcc is not file
[27Nov2025 12:50:57.499] [IO-Worker-4/WARN] [net.minecraft.world.level.chunk.storage.RegionFile/]: Chunk has both internal and external streams
[27Nov2025 12:50:57.499] [IO-Worker-4/ERROR] [net.minecraft.world.level.chunk.storage.RegionFile/]: External chunk path .\saves\New World\region\c.-20.10.mcc is not file
[27Nov2025 12:50:57.499] [IO-Worker-3/WARN] [net.minecraft.world.level.chunk.storage.RegionFile/]: Chunk has both internal and external streams
[27Nov2025 12:50:57.499] [IO-Worker-3/ERROR] [net.minecraft.world.level.chunk.storage.RegionFile/]: External chunk path .\saves\New World\region\c.-19.10.mcc is not file
[27Nov2025 12:50:57.499] [IO-Worker-4/WARN] [net.minecraft.world.level.chunk.storage.RegionFile/]: Chunk has both internal and external streams
[27Nov2025 12:50:57.499] [IO-Worker-4/ERROR] [net.minecraft.world.level.chunk.storage.RegionFile/]: External chunk path .\saves\New World\region\c.-18.10.mcc is not file
[27Nov2025 12:50:57.499] [IO-Worker-3/WARN] [net.minecraft.world.level.chunk.storage.RegionFile/]: Chunk has both internal and external streams
[27Nov2025 12:50:57.499] [IO-Worker-3/ERROR] [net.minecraft.world.level.chunk.storage.RegionFile/]: External chunk path .\saves\New World\region\c.-17.10.mcc is not file
[27Nov2025 12:50:57.500] [IO-Worker-4/WARN] [net.minecraft.world.level.chunk.storage.RegionFile/]: Chunk has both internal and external streams
[27Nov2025 12:50:57.500] [IO-Worker-4/ERROR] [net.minecraft.world.level.chunk.storage.RegionFile/]: External chunk path .\saves\New World\region\c.-16.10.mcc is not file
[27Nov2025 12:50:57.500] [IO-Worker-4/WARN] [net.minecraft.world.level.chunk.storage.RegionFile/]: Chunk has both internal and external streams
[27Nov2025 12:50:57.500] [IO-Worker-4/ERROR] [net.minecraft.world.level.chunk.storage.RegionFile/]: External chunk path .\saves\New World\region\c.-15.10.mcc is not file
[27Nov2025 12:50:57.503] [IO-Worker-4/WARN] [net.minecraft.world.level.chunk.storage.RegionFile/]: Chunk has both internal and external streams
[27Nov2025 12:50:57.503] [IO-Worker-4/ERROR] [net.minecraft.world.level.chunk.storage.RegionFile/]: External chunk path .\saves\New World\region\c.-21.11.mcc is not file
[27Nov2025 12:50:57.503] [IO-Worker-4/WARN] [net.minecraft.world.level.chunk.storage.RegionFile/]: Chunk has both internal and external streams
[27Nov2025 12:50:57.503] [IO-Worker-4/ERROR] [net.minecraft.world.level.chunk.storage.RegionFile/]: External chunk path .\saves\New World\region\c.-20.11.mcc is not file
[27Nov2025 12:50:57.503] [IO-Worker-4/WARN] [net.minecraft.world.level.chunk.storage.RegionFile/]: Chunk has both internal and external streams
[27Nov2025 12:50:57.504] [IO-Worker-4/ERROR] [net.minecraft.world.level.chunk.storage.RegionFile/]: External chunk path .\saves\New World\region\c.-19.11.mcc is not file
[27Nov2025 12:50:57.504] [IO-Worker-4/ERROR] [net.minecraft.world.level.chunk.storage.RegionFile/]: Chunk [-18, 11] stream is truncated: expected 104961 but read 4091
[27Nov2025 12:50:57.504] [IO-Worker-4/WARN] [net.minecraft.world.level.chunk.storage.RegionFile/]: Chunk has both internal and external streams
[27Nov2025 12:50:57.504] [IO-Worker-4/ERROR] [net.minecraft.world.level.chunk.storage.RegionFile/]: External chunk path .\saves\New World\region\c.-17.11.mcc is not file
[27Nov2025 12:50:57.504] [IO-Worker-4/WARN] [net.minecraft.world.level.chunk.storage.RegionFile/]: Chunk has both internal and external streams
[27Nov2025 12:50:57.504] [IO-Worker-4/ERROR] [net.minecraft.world.level.chunk.storage.RegionFile/]: External chunk path .\saves\New World\region\c.-16.11.mcc is not file
[27Nov2025 12:50:57.507] [IO-Worker-3/WARN] [net.minecraft.world.level.chunk.storage.RegionFile/]: Chunk has both internal and external streams
[27Nov2025 12:50:57.507] [IO-Worker-3/ERROR] [net.minecraft.world.level.chunk.storage.RegionFile/]: External chunk path .\saves\New World\region\c.-21.12.mcc is not file
[27Nov2025 12:50:57.507] [IO-Worker-3/WARN] [net.minecraft.world.level.chunk.storage.RegionFile/]: Chunk has both internal and external streams
[27Nov2025 12:50:57.507] [IO-Worker-3/ERROR] [net.minecraft.world.level.chunk.storage.RegionFile/]: External chunk path .\saves\New World\region\c.-20.12.mcc is not file
[27Nov2025 12:50:57.507] [IO-Worker-3/ERROR] [net.minecraft.world.level.chunk.storage.RegionFile/]: Chunk [-19, 12] stream is truncated: expected 105217 but read 4091
[27Nov2025 12:50:57.507] [IO-Worker-3/WARN] [net.minecraft.world.level.chunk.storage.RegionFile/]: Chunk has both internal and external streams
[27Nov2025 12:50:57.507] [IO-Worker-3/ERROR] [net.minecraft.world.level.chunk.storage.RegionFile/]: External chunk path .\saves\New World\region\c.-18.12.mcc is not file
[27Nov2025 12:50:57.508] [IO-Worker-3/ERROR] [net.minecraft.world.level.chunk.storage.RegionFile/]: Chunk [-17, 12] stream is truncated: expected 104193 but read 4091
[27Nov2025 12:50:57.508] [IO-Worker-3/WARN] [net.minecraft.world.level.chunk.storage.RegionFile/]: Chunk has both internal and external streams
[27Nov2025 12:50:57.508] [IO-Worker-3/ERROR] [net.minecraft.world.level.chunk.storage.RegionFile/]: External chunk path .\saves\New World\region\c.-16.12.mcc is not file
[27Nov2025 12:50:57.508] [IO-Worker-3/WARN] [net.minecraft.world.level.chunk.storage.RegionFile/]: Chunk has both internal and external streams
[27Nov2025 12:50:57.508] [IO-Worker-3/ERROR] [net.minecraft.world.level.chunk.storage.RegionFile/]: External chunk path .\saves\New World\region\c.-15.12.mcc is not file
[27Nov2025 12:50:57.511] [IO-Worker-3/WARN] [net.minecraft.world.level.chunk.storage.RegionFile/]: Chunk has both internal and external streams
[27Nov2025 12:50:57.511] [IO-Worker-3/ERROR] [net.minecraft.world.level.chunk.storage.RegionFile/]: External chunk path .\saves\New World\region\c.-23.13.mcc is not file
[27Nov2025 12:50:57.511] [IO-Worker-4/ERROR] [net.minecraft.world.level.chunk.storage.RegionFile/]: Chunk [-21, 13] stream is truncated: expected 105217 but read 4091
[27Nov2025 12:50:57.511] [IO-Worker-4/WARN] [net.minecraft.world.level.chunk.storage.RegionFile/]: Chunk has both internal and external streams
[27Nov2025 12:50:57.511] [IO-Worker-4/ERROR] [net.minecraft.world.level.chunk.storage.RegionFile/]: External chunk path .\saves\New World\region\c.-19.13.mcc is not file
[27Nov2025 12:50:57.512] [IO-Worker-4/WARN] [net.minecraft.world.level.chunk.storage.RegionFile/]: Chunk has both internal and external streams
[27Nov2025 12:50:57.512] [IO-Worker-4/ERROR] [net.minecraft.world.level.chunk.storage.RegionFile/]: External chunk path .\saves\New World\region\c.-18.13.mcc is not file
[27Nov2025 12:50:57.512] [IO-Worker-4/WARN] [net.minecraft.world.level.chunk.storage.RegionFile/]: Chunk has both internal and external streams
[27Nov2025 12:50:57.512] [IO-Worker-4/ERROR] [net.minecraft.world.level.chunk.storage.RegionFile/]: External chunk path .\saves\New World\region\c.-17.13.mcc is not file
[27Nov2025 12:50:57.512] [IO-Worker-4/ERROR] [net.minecraft.world.level.chunk.storage.RegionFile/]: Chunk [-16, 13] stream is truncated: expected 142593 but read 4091
[27Nov2025 12:50:57.515] [IO-Worker-4/WARN] [net.minecraft.world.level.chunk.storage.RegionFile/]: Chunk has both internal and external streams
[27Nov2025 12:50:57.515] [IO-Worker-4/ERROR] [net.minecraft.world.level.chunk.storage.RegionFile/]: External chunk path .\saves\New World\region\c.-24.14.mcc is not file
[27Nov2025 12:50:57.515] [IO-Worker-4/WARN] [net.minecraft.world.level.chunk.storage.RegionFile/]: Chunk has both internal and external streams
[27Nov2025 12:50:57.516] [IO-Worker-4/ERROR] [net.minecraft.world.level.chunk.storage.RegionFile/]: External chunk path .\saves\New World\region\c.-23.14.mcc is not file
[27Nov2025 12:50:57.516] [IO-Worker-4/ERROR] [net.minecraft.world.level.chunk.storage.RegionFile/]: Chunk [-19, 14] stream is truncated: expected 105217 but read 4091
[27Nov2025 12:50:57.516] [IO-Worker-4/WARN] [net.minecraft.world.level.chunk.storage.RegionFile/]: Chunk has both internal and external streams
[27Nov2025 12:50:57.516] [IO-Worker-4/ERROR] [net.minecraft.world.level.chunk.storage.RegionFile/]: External chunk path .\saves\New World\region\c.-18.14.mcc is not file
[27Nov2025 12:50:57.516] [IO-Worker-4/WARN] [net.minecraft.world.level.chunk.storage.RegionFile/]: Chunk has both internal and external streams
[27Nov2025 12:50:57.516] [IO-Worker-4/ERROR] [net.minecraft.world.level.chunk.storage.RegionFile/]: External chunk path .\saves\New World\region\c.-17.14.mcc is not file
[27Nov2025 12:50:57.517] [IO-Worker-3/ERROR] [net.minecraft.world.level.chunk.storage.RegionFile/]: Chunk [-13, 14] stream is truncated: expected 151297 but read 4091
[27Nov2025 12:50:57.517] [IO-Worker-4/WARN] [net.minecraft.world.level.chunk.storage.RegionFile/]: Chunk has both internal and external streams
[27Nov2025 12:50:57.517] [IO-Worker-4/ERROR] [net.minecraft.world.level.chunk.storage.RegionFile/]: External chunk path .\saves\New World\region\c.-12.14.mcc is not file
[27Nov2025 12:50:57.517] [IO-Worker-4/WARN] [net.minecraft.world.level.chunk.storage.RegionFile/]: Chunk has both internal and external streams
[27Nov2025 12:50:57.518] [IO-Worker-4/ERROR] [net.minecraft.world.level.chunk.storage.RegionFile/]: External chunk path .\saves\New World\region\c.-9.14.mcc is not file
[27Nov2025 12:50:57.518] [IO-Worker-3/WARN] [net.minecraft.world.level.chunk.storage.RegionFile/]: Chunk has both internal and external streams
[27Nov2025 12:50:57.518] [IO-Worker-3/ERROR] [net.minecraft.world.level.chunk.storage.RegionFile/]: External chunk path .\saves\New World\region\c.-5.14.mcc is not file
[27Nov2025 12:50:57.518] [IO-Worker-4/WARN] [net.minecraft.world.level.chunk.storage.RegionFile/]: Chunk has both internal and external streams
[27Nov2025 12:50:57.518] [IO-Worker-4/ERROR] [net.minecraft.world.level.chunk.storage.RegionFile/]: External chunk path .\saves\New World\region\c.-4.14.mcc is not file
[27Nov2025 12:50:57.519] [IO-Worker-4/ERROR] [net.minecraft.world.level.chunk.storage.RegionFile/]: Chunk [-2, 14] stream is truncated: expected 155393 but read 4091
[27Nov2025 12:50:57.520] [IO-Worker-3/WARN] [net.minecraft.world.level.chunk.storage.RegionFile/]: Chunk has both internal and external streams
[27Nov2025 12:50:57.520] [IO-Worker-3/ERROR] [net.minecraft.world.level.chunk.storage.RegionFile/]: External chunk path .\saves\New World\region\c.-19.15.mcc is not file
[27Nov2025 12:50:57.520] [IO-Worker-4/ERROR] [net.minecraft.world.level.chunk.storage.RegionFile/]: Chunk [-18, 15] stream is truncated: expected 105217 but read 4091
[27Nov2025 12:50:57.520] [IO-Worker-4/WARN] [net.minecraft.world.level.chunk.storage.RegionFile/]: Chunk has both internal and external streams
[27Nov2025 12:50:57.520] [IO-Worker-4/ERROR] [net.minecraft.world.level.chunk.storage.RegionFile/]: External chunk path .\saves\New World\region\c.-17.15.mcc is not file
[27Nov2025 12:50:57.521] [IO-Worker-4/WARN] [net.minecraft.world.level.chunk.storage.RegionFile/]: Chunk has both internal and external streams
[27Nov2025 12:50:57.521] [IO-Worker-4/ERROR] [net.minecraft.world.level.chunk.storage.RegionFile/]: External chunk path .\saves\New World\region\c.-16.15.mcc is not file
[27Nov2025 12:50:57.521] [IO-Worker-3/WARN] [net.minecraft.world.level.chunk.storage.RegionFile/]: Chunk has both internal and external streams
[27Nov2025 12:50:57.521] [IO-Worker-3/ERROR] [net.minecraft.world.level.chunk.storage.RegionFile/]: External chunk path .\saves\New World\region\c.-15.15.mcc is not file
[27Nov2025 12:50:57.521] [IO-Worker-3/ERROR] [net.minecraft.world.level.chunk.storage.RegionFile/]: Chunk [-14, 15] stream is truncated: expected 143873 but read 4091
[27Nov2025 12:50:57.522] [IO-Worker-4/WARN] [net.minecraft.world.level.chunk.storage.RegionFile/]: Chunk has both internal and external streams
[27Nov2025 12:50:57.522] [IO-Worker-4/ERROR] [net.minecraft.world.level.chunk.storage.RegionFile/]: External chunk path .\saves\New World\region\c.-13.15.mcc is not file
[27Nov2025 12:50:57.522] [IO-Worker-4/WARN] [net.minecraft.world.level.chunk.storage.RegionFile/]: Chunk has both internal and external streams
[27Nov2025 12:50:57.523] [IO-Worker-4/ERROR] [net.minecraft.world.level.chunk.storage.RegionFile/]: External chunk path .\saves\New World\region\c.-12.15.mcc is not file
[27Nov2025 12:50:57.523] [IO-Worker-3/WARN] [net.minecraft.world.level.chunk.storage.RegionFile/]: Chunk has both internal and external streams
[27Nov2025 12:50:57.523] [IO-Worker-3/ERROR] [net.minecraft.world.level.chunk.storage.RegionFile/]: External chunk path .\saves\New World\region\c.-11.15.mcc is not file
[27Nov2025 12:50:57.524] [IO-Worker-3/WARN] [net.minecraft.world.level.chunk.storage.RegionFile/]: Chunk has both internal and external streams
[27Nov2025 12:50:57.524] [IO-Worker-3/ERROR] [net.minecraft.world.level.chunk.storage.RegionFile/]: External chunk path .\saves\New World\region\c.-10.15.mcc is not file
[27Nov2025 12:50:57.524] [IO-Worker-3/WARN] [net.minecraft.world.level.chunk.storage.RegionFile/]: Chunk has both internal and external streams
[27Nov2025 12:50:57.524] [IO-Worker-3/ERROR] [net.minecraft.world.level.chunk.storage.RegionFile/]: External chunk path .\saves\New World\region\c.-9.15.mcc is not file
[27Nov2025 12:50:57.524] [IO-Worker-3/ERROR] [net.minecraft.world.level.chunk.storage.RegionFile/]: Chunk [-8, 15] stream is truncated: expected 143873 but read 4091
[27Nov2025 12:50:57.525] [IO-Worker-3/WARN] [net.minecraft.world.level.chunk.storage.IOWorker/]: Failed to bulk scan chunk [-5, 15]
java.util.zip.ZipException: invalid distance too far back
	at java.util.zip.InflaterInputStream.read(InflaterInputStream.java:164) ~[?:?]
	at net.minecraft.util.FastBufferedInputStream.fill(FastBufferedInputStream.java:94) ~[neoforge-20.3.8-beta.jar%23183!/:?]
	at net.minecraft.util.FastBufferedInputStream.read(FastBufferedInputStream.java:25) ~[neoforge-20.3.8-beta.jar%23183!/:?]
	at java.io.DataInputStream.readUnsignedByte(DataInputStream.java:288) ~[?:?]
	at java.io.DataInputStream.readByte(DataInputStream.java:268) ~[?:?]
	at net.minecraft.nbt.NbtIo.parse(NbtIo.java:128) ~[neoforge-20.3.8-beta.jar%23183!/:?]
	at net.minecraft.world.level.chunk.storage.RegionFileStorage.scanChunk(RegionFileStorage.java:68) ~[neoforge-20.3.8-beta.jar%23183!/:?]
	at net.minecraft.world.level.chunk.storage.IOWorker.lambda$scanChunk$12(IOWorker.java:184) ~[neoforge-20.3.8-beta.jar%23183!/:?]
	at net.minecraft.world.level.chunk.storage.IOWorker.lambda$submitTask$13(IOWorker.java:198) ~[neoforge-20.3.8-beta.jar%23183!/:?]
	at net.minecraft.util.thread.StrictQueue$IntRunnable.run(StrictQueue.java:77) ~[neoforge-20.3.8-beta.jar%23183!/:?]
	at net.minecraft.util.thread.ProcessorMailbox.pollTask(ProcessorMailbox.java:85) ~[neoforge-20.3.8-beta.jar%23183!/:?]
	at net.minecraft.util.thread.ProcessorMailbox.pollUntil(ProcessorMailbox.java:133) ~[neoforge-20.3.8-beta.jar%23183!/:?]
	at net.minecraft.util.thread.ProcessorMailbox.run(ProcessorMailbox.java:94) ~[neoforge-20.3.8-beta.jar%23183!/:?]
	at java.util.concurrent.ThreadPoolExecutor.runWorker(ThreadPoolExecutor.java:1136) ~[?:?]
	at java.util.concurrent.ThreadPoolExecutor$Worker.run(ThreadPoolExecutor.java:635) ~[?:?]
	at java.lang.Thread.run(Thread.java:840) ~[?:?]
[27Nov2025 12:50:57.525] [Worker-Main-2/WARN] [net.minecraft.world.level.chunk.storage.IOWorker/]: Failed to scan chunk [-5, 15]
java.util.concurrent.CompletionException: java.util.zip.ZipException: invalid distance too far back
	at java.util.concurrent.CompletableFuture.reportJoin(CompletableFuture.java:413) ~[?:?]
	at java.util.concurrent.CompletableFuture.join(CompletableFuture.java:2118) ~[?:?]
	at net.minecraft.world.level.chunk.storage.IOWorker.lambda$createOldDataForRegion$0(IOWorker.java:106) ~[neoforge-20.3.8-beta.jar%23183!/:?]
	at net.minecraft.world.level.ChunkPos$1.tryAdvance(ChunkPos.java:207) ~[neoforge-20.3.8-beta.jar%23183!/:?]
	at java.util.Spliterator.forEachRemaining(Spliterator.java:332) ~[?:?]
	at java.util.stream.ReferencePipeline$Head.forEach(ReferencePipeline.java:762) ~[?:?]
	at net.minecraft.world.level.chunk.storage.IOWorker.lambda$createOldDataForRegion$1(IOWorker.java:99) ~[neoforge-20.3.8-beta.jar%23183!/:?]
	at java.util.concurrent.CompletableFuture$AsyncSupply.run(CompletableFuture.java:1768) ~[?:?]
	at java.util.concurrent.CompletableFuture$AsyncSupply.exec(CompletableFuture.java:1760) ~[?:?]
	at java.util.concurrent.ForkJoinTask.doExec(ForkJoinTask.java:373) ~[?:?]
	at java.util.concurrent.ForkJoinPool$WorkQueue.topLevelExec(ForkJoinPool.java:1182) ~[?:?]
	at java.util.concurrent.ForkJoinPool.scan(ForkJoinPool.java:1655) ~[?:?]
	at java.util.concurrent.ForkJoinPool.runWorker(ForkJoinPool.java:1622) ~[?:?]
	at java.util.concurrent.ForkJoinWorkerThread.run(ForkJoinWorkerThread.java:165) ~[?:?]
Caused by: java.util.zip.ZipException: invalid distance too far back
	at java.util.zip.InflaterInputStream.read(InflaterInputStream.java:164) ~[?:?]
	at net.minecraft.util.FastBufferedInputStream.fill(FastBufferedInputStream.java:94) ~[neoforge-20.3.8-beta.jar%23183!/:?]
	at net.minecraft.util.FastBufferedInputStream.read(FastBufferedInputStream.java:25) ~[neoforge-20.3.8-beta.jar%23183!/:?]
	at java.io.DataInputStream.readUnsignedByte(DataInputStream.java:288) ~[?:?]
	at java.io.DataInputStream.readByte(DataInputStream.java:268) ~[?:?]
	at net.minecraft.nbt.NbtIo.parse(NbtIo.java:128) ~[neoforge-20.3.8-beta.jar%23183!/:?]
	at net.minecraft.world.level.chunk.storage.RegionFileStorage.scanChunk(RegionFileStorage.java:68) ~[neoforge-20.3.8-beta.jar%23183!/:?]
	at net.minecraft.world.level.chunk.storage.IOWorker.lambda$scanChunk$12(IOWorker.java:184) ~[neoforge-20.3.8-beta.jar%23183!/:?]
	at net.minecraft.world.level.chunk.storage.IOWorker.lambda$submitTask$13(IOWorker.java:198) ~[neoforge-20.3.8-beta.jar%23183!/:?]
	at net.minecraft.util.thread.StrictQueue$IntRunnable.run(StrictQueue.java:77) ~[neoforge-20.3.8-beta.jar%23183!/:?]
	at net.minecraft.util.thread.ProcessorMailbox.pollTask(ProcessorMailbox.java:85) ~[neoforge-20.3.8-beta.jar%23183!/:?]
	at net.minecraft.util.thread.ProcessorMailbox.pollUntil(ProcessorMailbox.java:133) ~[neoforge-20.3.8-beta.jar%23183!/:?]
	at net.minecraft.util.thread.ProcessorMailbox.run(ProcessorMailbox.java:94) ~[neoforge-20.3.8-beta.jar%23183!/:?]
	at java.util.concurrent.ThreadPoolExecutor.runWorker(ThreadPoolExecutor.java:1136) ~[?:?]
	at java.util.concurrent.ThreadPoolExecutor$Worker.run(ThreadPoolExecutor.java:635) ~[?:?]
	at java.lang.Thread.run(Thread.java:840) ~[?:?]
[27Nov2025 12:50:57.527] [IO-Worker-4/ERROR] [net.minecraft.world.level.chunk.storage.RegionFile/]: Chunk [-4, 15] stream is truncated: expected 143361 but read 4091
[27Nov2025 12:50:57.527] [IO-Worker-4/WARN] [net.minecraft.world.level.chunk.storage.RegionFile/]: Chunk has both internal and external streams
[27Nov2025 12:50:57.527] [IO-Worker-4/ERROR] [net.minecraft.world.level.chunk.storage.RegionFile/]: External chunk path .\saves\New World\region\c.-1.15.mcc is not file
[27Nov2025 12:50:57.529] [IO-Worker-4/WARN] [net.minecraft.world.level.chunk.storage.RegionFile/]: Chunk has both internal and external streams
[27Nov2025 12:50:57.530] [IO-Worker-4/ERROR] [net.minecraft.world.level.chunk.storage.RegionFile/]: External chunk path .\saves\New World\region\c.-18.16.mcc is not file
[27Nov2025 12:50:57.530] [IO-Worker-4/WARN] [net.minecraft.world.level.chunk.storage.RegionFile/]: Chunk has both internal and external streams
[27Nov2025 12:50:57.530] [IO-Worker-4/ERROR] [net.minecraft.world.level.chunk.storage.RegionFile/]: External chunk path .\saves\New World\region\c.-17.16.mcc is not file
[27Nov2025 12:50:57.530] [IO-Worker-4/WARN] [net.minecraft.world.level.chunk.storage.RegionFile/]: Chunk has both internal and external streams
[27Nov2025 12:50:57.530] [IO-Worker-4/ERROR] [net.minecraft.world.level.chunk.storage.RegionFile/]: External chunk path .\saves\New World\region\c.-15.16.mcc is not file
[27Nov2025 12:50:57.531] [IO-Worker-3/WARN] [net.minecraft.world.level.chunk.storage.RegionFile/]: Chunk has both internal and external streams
[27Nov2025 12:50:57.531] [IO-Worker-3/ERROR] [net.minecraft.world.level.chunk.storage.RegionFile/]: External chunk path .\saves\New World\region\c.-14.16.mcc is not file
[27Nov2025 12:50:57.531] [IO-Worker-3/WARN] [net.minecraft.world.level.chunk.storage.RegionFile/]: Chunk has both internal and external streams
[27Nov2025 12:50:57.531] [IO-Worker-3/ERROR] [net.minecraft.world.level.chunk.storage.RegionFile/]: External chunk path .\saves\New World\region\c.-12.16.mcc is not file
[27Nov2025 12:50:57.531] [IO-Worker-3/WARN] [net.minecraft.world.level.chunk.storage.RegionFile/]: Chunk has both internal and external streams
[27Nov2025 12:50:57.531] [IO-Worker-3/ERROR] [net.minecraft.world.level.chunk.storage.RegionFile/]: External chunk path .\saves\New World\region\c.-11.16.mcc is not file
[27Nov2025 12:50:57.532] [IO-Worker-3/WARN] [net.minecraft.world.level.chunk.storage.RegionFile/]: Chunk has both internal and external streams
[27Nov2025 12:50:57.532] [IO-Worker-3/ERROR] [net.minecraft.world.level.chunk.storage.RegionFile/]: External chunk path .\saves\New World\region\c.-10.16.mcc is not file
[27Nov2025 12:50:57.532] [IO-Worker-3/WARN] [net.minecraft.world.level.chunk.storage.RegionFile/]: Chunk has both internal and external streams
[27Nov2025 12:50:57.532] [IO-Worker-3/ERROR] [net.minecraft.world.level.chunk.storage.RegionFile/]: External chunk path .\saves\New World\region\c.-9.16.mcc is not file
[27Nov2025 12:50:57.532] [IO-Worker-3/WARN] [net.minecraft.world.level.chunk.storage.RegionFile/]: Chunk has both internal and external streams
[27Nov2025 12:50:57.532] [IO-Worker-3/ERROR] [net.minecraft.world.level.chunk.storage.RegionFile/]: External chunk path .\saves\New World\region\c.-8.16.mcc is not file
[27Nov2025 12:50:57.532] [IO-Worker-3/WARN] [net.minecraft.world.level.chunk.storage.RegionFile/]: Chunk has both internal and external streams
[27Nov2025 12:50:57.532] [IO-Worker-3/ERROR] [net.minecraft.world.level.chunk.storage.RegionFile/]: External chunk path .\saves\New World\region\c.-5.16.mcc is not file
[27Nov2025 12:50:57.533] [IO-Worker-3/WARN] [net.minecraft.world.level.chunk.storage.RegionFile/]: Chunk has both internal and external streams
[27Nov2025 12:50:57.533] [IO-Worker-3/ERROR] [net.minecraft.world.level.chunk.storage.RegionFile/]: External chunk path .\saves\New World\region\c.-4.16.mcc is not file
[27Nov2025 12:50:57.533] [IO-Worker-3/WARN] [net.minecraft.world.level.chunk.storage.RegionFile/]: Chunk has both internal and external streams
[27Nov2025 12:50:57.533] [IO-Worker-3/ERROR] [net.minecraft.world.level.chunk.storage.RegionFile/]: External chunk path .\saves\New World\region\c.-3.16.mcc is not file
[27Nov2025 12:50:57.533] [IO-Worker-3/WARN] [net.minecraft.world.level.chunk.storage.RegionFile/]: Chunk has both internal and external streams
[27Nov2025 12:50:57.533] [IO-Worker-3/ERROR] [net.minecraft.world.level.chunk.storage.RegionFile/]: External chunk path .\saves\New World\region\c.-2.16.mcc is not file
[27Nov2025 12:50:57.533] [IO-Worker-4/WARN] [net.minecraft.world.level.chunk.storage.RegionFile/]: Chunk has both internal and external streams
[27Nov2025 12:50:57.533] [IO-Worker-4/ERROR] [net.minecraft.world.level.chunk.storage.RegionFile/]: External chunk path .\saves\New World\region\c.-1.16.mcc is not file
[27Nov2025 12:50:57.535] [IO-Worker-3/WARN] [net.minecraft.world.level.chunk.storage.RegionFile/]: Chunk has both internal and external streams
[27Nov2025 12:50:57.535] [IO-Worker-3/ERROR] [net.minecraft.world.level.chunk.storage.RegionFile/]: External chunk path .\saves\New World\region\c.-21.17.mcc is not file
[27Nov2025 12:50:57.535] [IO-Worker-3/WARN] [net.minecraft.world.level.chunk.storage.RegionFile/]: Chunk has both internal and external streams
[27Nov2025 12:50:57.535] [IO-Worker-3/ERROR] [net.minecraft.world.level.chunk.storage.RegionFile/]: External chunk path .\saves\New World\region\c.-20.17.mcc is not file
[27Nov2025 12:50:57.535] [IO-Worker-4/WARN] [net.minecraft.world.level.chunk.storage.RegionFile/]: Chunk has both internal and external streams
[27Nov2025 12:50:57.535] [IO-Worker-4/ERROR] [net.minecraft.world.level.chunk.storage.RegionFile/]: External chunk path .\saves\New World\region\c.-18.17.mcc is not file
[27Nov2025 12:50:57.535] [IO-Worker-3/WARN] [net.minecraft.world.level.chunk.storage.RegionFile/]: Chunk has both internal and external streams
[27Nov2025 12:50:57.536] [IO-Worker-3/ERROR] [net.minecraft.world.level.chunk.storage.RegionFile/]: External chunk path .\saves\New World\region\c.-16.17.mcc is not file
[27Nov2025 12:50:57.536] [IO-Worker-4/WARN] [net.minecraft.world.level.chunk.storage.RegionFile/]: Chunk has both internal and external streams
[27Nov2025 12:50:57.536] [IO-Worker-4/ERROR] [net.minecraft.world.level.chunk.storage.RegionFile/]: External chunk path .\saves\New World\region\c.-14.17.mcc is not file
[27Nov2025 12:50:57.536] [IO-Worker-4/WARN] [net.minecraft.world.level.chunk.storage.RegionFile/]: Chunk has both internal and external streams
[27Nov2025 12:50:57.536] [IO-Worker-4/ERROR] [net.minecraft.world.level.chunk.storage.RegionFile/]: External chunk path .\saves\New World\region\c.-13.17.mcc is not file
[27Nov2025 12:50:57.536] [IO-Worker-4/ERROR] [net.minecraft.world.level.chunk.storage.RegionFile/]: Chunk [-12, 17] stream is truncated: expected 104449 but read 4091
[27Nov2025 12:50:57.536] [IO-Worker-4/ERROR] [net.minecraft.world.level.chunk.storage.RegionFile/]: Chunk [-10, 17] stream is truncated: expected 104449 but read 4091
[27Nov2025 12:50:57.537] [IO-Worker-4/WARN] [net.minecraft.world.level.chunk.storage.RegionFile/]: Chunk has both internal and external streams
[27Nov2025 12:50:57.537] [IO-Worker-4/ERROR] [net.minecraft.world.level.chunk.storage.RegionFile/]: External chunk path .\saves\New World\region\c.-9.17.mcc is not file
[27Nov2025 12:50:57.537] [IO-Worker-4/WARN] [net.minecraft.world.level.chunk.storage.RegionFile/]: Chunk has both internal and external streams
[27Nov2025 12:50:57.537] [IO-Worker-4/ERROR] [net.minecraft.world.level.chunk.storage.RegionFile/]: External chunk path .\saves\New World\region\c.-8.17.mcc is not file
[27Nov2025 12:50:57.537] [IO-Worker-3/WARN] [net.minecraft.world.level.chunk.storage.RegionFile/]: Chunk has both internal and external streams
[27Nov2025 12:50:57.538] [IO-Worker-3/ERROR] [net.minecraft.world.level.chunk.storage.RegionFile/]: External chunk path .\saves\New World\region\c.-7.17.mcc is not file
[27Nov2025 12:50:57.538] [IO-Worker-3/WARN] [net.minecraft.world.level.chunk.storage.RegionFile/]: Chunk has both internal and external streams
[27Nov2025 12:50:57.538] [IO-Worker-3/ERROR] [net.minecraft.world.level.chunk.storage.RegionFile/]: External chunk path .\saves\New World\region\c.-6.17.mcc is not file
[27Nov2025 12:50:57.538] [IO-Worker-3/WARN] [net.minecraft.world.level.chunk.storage.RegionFile/]: Chunk has both internal and external streams
[27Nov2025 12:50:57.538] [IO-Worker-3/ERROR] [net.minecraft.world.level.chunk.storage.RegionFile/]: External chunk path .\saves\New World\region\c.-5.17.mcc is not file
[27Nov2025 12:50:57.538] [IO-Worker-4/WARN] [net.minecraft.world.level.chunk.storage.RegionFile/]: Chunk has both internal and external streams
[27Nov2025 12:50:57.538] [IO-Worker-4/ERROR] [net.minecraft.world.level.chunk.storage.RegionFile/]: External chunk path .\saves\New World\region\c.-4.17.mcc is not file
[27Nov2025 12:50:57.538] [IO-Worker-4/ERROR] [net.minecraft.world.level.chunk.storage.RegionFile/]: Chunk [-3, 17] stream is truncated: expected 104193 but read 4091
[27Nov2025 12:50:57.538] [IO-Worker-3/WARN] [net.minecraft.world.level.chunk.storage.RegionFile/]: Chunk has both internal and external streams
[27Nov2025 12:50:57.538] [IO-Worker-3/ERROR] [net.minecraft.world.level.chunk.storage.RegionFile/]: External chunk path .\saves\New World\region\c.-2.17.mcc is not file
[27Nov2025 12:50:57.540] [IO-Worker-3/WARN] [net.minecraft.world.level.chunk.storage.RegionFile/]: Chunk has both internal and external streams
[27Nov2025 12:50:57.540] [IO-Worker-3/ERROR] [net.minecraft.world.level.chunk.storage.RegionFile/]: External chunk path .\saves\New World\region\c.-22.18.mcc is not file
[27Nov2025 12:50:57.541] [IO-Worker-3/WARN] [net.minecraft.world.level.chunk.storage.RegionFile/]: Chunk has both internal and external streams
[27Nov2025 12:50:57.541] [IO-Worker-3/ERROR] [net.minecraft.world.level.chunk.storage.RegionFile/]: External chunk path .\saves\New World\region\c.-14.18.mcc is not file
[27Nov2025 12:50:57.541] [IO-Worker-3/WARN] [net.minecraft.world.level.chunk.storage.RegionFile/]: Chunk has both internal and external streams
[27Nov2025 12:50:57.541] [IO-Worker-3/ERROR] [net.minecraft.world.level.chunk.storage.RegionFile/]: External chunk path .\saves\New World\region\c.-13.18.mcc is not file
[27Nov2025 12:50:57.541] [IO-Worker-3/WARN] [net.minecraft.world.level.chunk.storage.RegionFile/]: Chunk has both internal and external streams
[27Nov2025 12:50:57.541] [IO-Worker-3/ERROR] [net.minecraft.world.level.chunk.storage.RegionFile/]: External chunk path .\saves\New World\region\c.-12.18.mcc is not file
[27Nov2025 12:50:57.542] [IO-Worker-3/WARN] [net.minecraft.world.level.chunk.storage.RegionFile/]: Chunk has both internal and external streams
[27Nov2025 12:50:57.542] [IO-Worker-3/ERROR] [net.minecraft.world.level.chunk.storage.RegionFile/]: External chunk path .\saves\New World\region\c.-11.18.mcc is not file
[27Nov2025 12:50:57.542] [IO-Worker-3/WARN] [net.minecraft.world.level.chunk.storage.RegionFile/]: Chunk has both internal and external streams
[27Nov2025 12:50:57.542] [IO-Worker-3/ERROR] [net.minecraft.world.level.chunk.storage.RegionFile/]: External chunk path .\saves\New World\region\c.-10.18.mcc is not file
[27Nov2025 12:50:57.542] [IO-Worker-3/WARN] [net.minecraft.world.level.chunk.storage.RegionFile/]: Chunk has both internal and external streams
[27Nov2025 12:50:57.542] [IO-Worker-3/ERROR] [net.minecraft.world.level.chunk.storage.RegionFile/]: External chunk path .\saves\New World\region\c.-9.18.mcc is not file
[27Nov2025 12:50:57.542] [IO-Worker-3/WARN] [net.minecraft.world.level.chunk.storage.RegionFile/]: Chunk has both internal and external streams
[27Nov2025 12:50:57.543] [IO-Worker-3/ERROR] [net.minecraft.world.level.chunk.storage.RegionFile/]: External chunk path .\saves\New World\region\c.-6.18.mcc is not file
[27Nov2025 12:50:57.543] [IO-Worker-3/WARN] [net.minecraft.world.level.chunk.storage.RegionFile/]: Chunk has both internal and external streams
[27Nov2025 12:50:57.543] [IO-Worker-3/ERROR] [net.minecraft.world.level.chunk.storage.RegionFile/]: External chunk path .\saves\New World\region\c.-4.18.mcc is not file
[27Nov2025 12:50:57.543] [IO-Worker-3/WARN] [net.minecraft.world.level.chunk.storage.RegionFile/]: Chunk has both internal and external streams
[27Nov2025 12:50:57.543] [IO-Worker-3/ERROR] [net.minecraft.world.level.chunk.storage.RegionFile/]: External chunk path .\saves\New World\region\c.-3.18.mcc is not file
[27Nov2025 12:50:57.543] [IO-Worker-3/WARN] [net.minecraft.world.level.chunk.storage.RegionFile/]: Chunk has both internal and external streams
[27Nov2025 12:50:57.543] [IO-Worker-3/ERROR] [net.minecraft.world.level.chunk.storage.RegionFile/]: External chunk path .\saves\New World\region\c.-2.18.mcc is not file
[27Nov2025 12:50:57.543] [IO-Worker-3/ERROR] [net.minecraft.world.level.chunk.storage.RegionFile/]: Chunk [-1, 18] stream is truncated: expected 104705 but read 4091
[27Nov2025 12:50:57.545] [IO-Worker-3/WARN] [net.minecraft.world.level.chunk.storage.RegionFile/]: Chunk has both internal and external streams
[27Nov2025 12:50:57.545] [IO-Worker-3/ERROR] [net.minecraft.world.level.chunk.storage.RegionFile/]: External chunk path .\saves\New World\region\c.-19.19.mcc is not file
[27Nov2025 12:50:57.545] [IO-Worker-3/WARN] [net.minecraft.world.level.chunk.storage.RegionFile/]: Chunk has both internal and external streams
[27Nov2025 12:50:57.545] [IO-Worker-3/ERROR] [net.minecraft.world.level.chunk.storage.RegionFile/]: External chunk path .\saves\New World\region\c.-17.19.mcc is not file
[27Nov2025 12:50:57.545] [IO-Worker-3/WARN] [net.minecraft.world.level.chunk.storage.RegionFile/]: Chunk has both internal and external streams
[27Nov2025 12:50:57.546] [IO-Worker-3/ERROR] [net.minecraft.world.level.chunk.storage.RegionFile/]: External chunk path .\saves\New World\region\c.-15.19.mcc is not file
[27Nov2025 12:50:57.546] [IO-Worker-4/ERROR] [net.minecraft.world.level.chunk.storage.RegionFile/]: Chunk [-14, 19] stream is truncated: expected 104961 but read 4091
[27Nov2025 12:50:57.546] [IO-Worker-3/WARN] [net.minecraft.world.level.chunk.storage.RegionFile/]: Chunk has both internal and external streams
[27Nov2025 12:50:57.546] [IO-Worker-3/ERROR] [net.minecraft.world.level.chunk.storage.RegionFile/]: External chunk path .\saves\New World\region\c.-13.19.mcc is not file
[27Nov2025 12:50:57.546] [IO-Worker-4/ERROR] [net.minecraft.world.level.chunk.storage.RegionFile/]: Chunk [-12, 19] stream is truncated: expected 104961 but read 4091
[27Nov2025 12:50:57.546] [IO-Worker-3/WARN] [net.minecraft.world.level.chunk.storage.RegionFile/]: Chunk has both internal and external streams
[27Nov2025 12:50:57.546] [IO-Worker-3/ERROR] [net.minecraft.world.level.chunk.storage.RegionFile/]: External chunk path .\saves\New World\region\c.-10.19.mcc is not file
[27Nov2025 12:50:57.547] [IO-Worker-3/WARN] [net.minecraft.world.level.chunk.storage.RegionFile/]: Chunk has both internal and external streams
[27Nov2025 12:50:57.547] [IO-Worker-3/ERROR] [net.minecraft.world.level.chunk.storage.RegionFile/]: External chunk path .\saves\New World\region\c.-8.19.mcc is not file
[27Nov2025 12:50:57.547] [IO-Worker-3/ERROR] [net.minecraft.world.level.chunk.storage.RegionFile/]: Chunk [-7, 19] stream is truncated: expected 104705 but read 4091
[27Nov2025 12:50:57.547] [IO-Worker-3/WARN] [net.minecraft.world.level.chunk.storage.RegionFile/]: Chunk has both internal and external streams
[27Nov2025 12:50:57.547] [IO-Worker-3/ERROR] [net.minecraft.world.level.chunk.storage.RegionFile/]: External chunk path .\saves\New World\region\c.-6.19.mcc is not file
[27Nov2025 12:50:57.547] [IO-Worker-3/WARN] [net.minecraft.world.level.chunk.storage.RegionFile/]: Chunk has both internal and external streams
[27Nov2025 12:50:57.548] [IO-Worker-3/ERROR] [net.minecraft.world.level.chunk.storage.RegionFile/]: External chunk path .\saves\New World\region\c.-3.19.mcc is not file
[27Nov2025 12:50:57.548] [IO-Worker-3/WARN] [net.minecraft.world.level.chunk.storage.RegionFile/]: Chunk has both internal and external streams
[27Nov2025 12:50:57.548] [IO-Worker-3/ERROR] [net.minecraft.world.level.chunk.storage.RegionFile/]: External chunk path .\saves\New World\region\c.-1.19.mcc is not file
[27Nov2025 12:50:57.550] [IO-Worker-3/WARN] [net.minecraft.world.level.chunk.storage.RegionFile/]: Chunk has both internal and external streams
[27Nov2025 12:50:57.550] [IO-Worker-3/ERROR] [net.minecraft.world.level.chunk.storage.RegionFile/]: External chunk path .\saves\New World\region\c.-12.20.mcc is not file
[27Nov2025 12:50:57.550] [IO-Worker-3/WARN] [net.minecraft.world.level.chunk.storage.RegionFile/]: Chunk has both internal and external streams
[27Nov2025 12:50:57.551] [IO-Worker-3/ERROR] [net.minecraft.world.level.chunk.storage.RegionFile/]: External chunk path .\saves\New World\region\c.-11.20.mcc is not file
[27Nov2025 12:50:57.551] [IO-Worker-3/WARN] [net.minecraft.world.level.chunk.storage.RegionFile/]: Chunk has both internal and external streams
[27Nov2025 12:50:57.551] [IO-Worker-3/ERROR] [net.minecraft.world.level.chunk.storage.RegionFile/]: External chunk path .\saves\New World\region\c.-8.20.mcc is not file
[27Nov2025 12:50:57.551] [IO-Worker-3/ERROR] [net.minecraft.world.level.chunk.storage.RegionFile/]: Chunk [-7, 20] stream is truncated: expected 104961 but read 4091
[27Nov2025 12:50:57.551] [IO-Worker-3/ERROR] [net.minecraft.world.level.chunk.storage.RegionFile/]: Chunk [-6, 20] stream is truncated: expected 104961 but read 4091
[27Nov2025 12:50:57.551] [IO-Worker-3/WARN] [net.minecraft.world.level.chunk.storage.RegionFile/]: Chunk has both internal and external streams
[27Nov2025 12:50:57.552] [IO-Worker-3/ERROR] [net.minecraft.world.level.chunk.storage.RegionFile/]: External chunk path .\saves\New World\region\c.-5.20.mcc is not file
[27Nov2025 12:50:57.552] [IO-Worker-4/WARN] [net.minecraft.world.level.chunk.storage.RegionFile/]: Chunk has both internal and external streams
[27Nov2025 12:50:57.552] [IO-Worker-4/ERROR] [net.minecraft.world.level.chunk.storage.RegionFile/]: External chunk path .\saves\New World\region\c.-4.20.mcc is not file
[27Nov2025 12:50:57.553] [IO-Worker-4/WARN] [net.minecraft.world.level.chunk.storage.RegionFile/]: Chunk has both internal and external streams
[27Nov2025 12:50:57.553] [IO-Worker-4/ERROR] [net.minecraft.world.level.chunk.storage.RegionFile/]: External chunk path .\saves\New World\region\c.-2.20.mcc is not file
[27Nov2025 12:50:57.553] [IO-Worker-4/WARN] [net.minecraft.world.level.chunk.storage.RegionFile/]: Chunk has both internal and external streams
[27Nov2025 12:50:57.553] [IO-Worker-4/ERROR] [net.minecraft.world.level.chunk.storage.RegionFile/]: External chunk path .\saves\New World\region\c.-1.20.mcc is not file
[27Nov2025 12:50:57.556] [IO-Worker-4/WARN] [net.minecraft.world.level.chunk.storage.RegionFile/]: Chunk has both internal and external streams
[27Nov2025 12:50:57.557] [IO-Worker-4/ERROR] [net.minecraft.world.level.chunk.storage.RegionFile/]: External chunk path .\saves\New World\region\c.-6.21.mcc is not file
[27Nov2025 12:50:57.557] [IO-Worker-3/WARN] [net.minecraft.world.level.chunk.storage.RegionFile/]: Chunk has both internal and external streams
[27Nov2025 12:50:57.557] [IO-Worker-3/ERROR] [net.minecraft.world.level.chunk.storage.RegionFile/]: External chunk path .\saves\New World\region\c.-1.21.mcc is not file
[27Nov2025 12:50:57.559] [IO-Worker-4/WARN] [net.minecraft.world.level.chunk.storage.RegionFile/]: Chunk has both internal and external streams
[27Nov2025 12:50:57.559] [IO-Worker-4/ERROR] [net.minecraft.world.level.chunk.storage.RegionFile/]: External chunk path .\saves\New World\region\c.-20.22.mcc is not file
[27Nov2025 12:50:57.559] [IO-Worker-3/WARN] [net.minecraft.world.level.chunk.storage.RegionFile/]: Chunk has both internal and external streams
[27Nov2025 12:50:57.559] [IO-Worker-3/ERROR] [net.minecraft.world.level.chunk.storage.RegionFile/]: External chunk path .\saves\New World\region\c.-19.22.mcc is not file
[27Nov2025 12:50:57.560] [IO-Worker-4/WARN] [net.minecraft.world.level.chunk.storage.RegionFile/]: Chunk has both internal and external streams
[27Nov2025 12:50:57.560] [IO-Worker-4/ERROR] [net.minecraft.world.level.chunk.storage.RegionFile/]: External chunk path .\saves\New World\region\c.-14.22.mcc is not file
[27Nov2025 12:50:57.560] [IO-Worker-4/WARN] [net.minecraft.world.level.chunk.storage.RegionFile/]: Chunk has both internal and external streams
[27Nov2025 12:50:57.560] [IO-Worker-4/ERROR] [net.minecraft.world.level.chunk.storage.RegionFile/]: External chunk path .\saves\New World\region\c.-11.22.mcc is not file
[27Nov2025 12:50:57.560] [IO-Worker-4/WARN] [net.minecraft.world.level.chunk.storage.RegionFile/]: Chunk has both internal and external streams
[27Nov2025 12:50:57.560] [IO-Worker-4/ERROR] [net.minecraft.world.level.chunk.storage.RegionFile/]: External chunk path .\saves\New World\region\c.-9.22.mcc is not file
[27Nov2025 12:50:57.561] [IO-Worker-4/WARN] [net.minecraft.world.level.chunk.storage.RegionFile/]: Chunk has both internal and external streams
[27Nov2025 12:50:57.561] [IO-Worker-4/ERROR] [net.minecraft.world.level.chunk.storage.RegionFile/]: External chunk path .\saves\New World\region\c.-4.22.mcc is not file
[27Nov2025 12:50:57.562] [IO-Worker-4/WARN] [net.minecraft.world.level.chunk.storage.RegionFile/]: Chunk has both internal and external streams
[27Nov2025 12:50:57.562] [IO-Worker-4/ERROR] [net.minecraft.world.level.chunk.storage.RegionFile/]: External chunk path .\saves\New World\region\c.-23.23.mcc is not file
[27Nov2025 12:50:57.563] [IO-Worker-4/WARN] [net.minecraft.world.level.chunk.storage.RegionFile/]: Chunk has both internal and external streams
[27Nov2025 12:50:57.564] [IO-Worker-4/ERROR] [net.minecraft.world.level.chunk.storage.RegionFile/]: External chunk path .\saves\New World\region\c.-19.23.mcc is not file
[27Nov2025 12:50:57.565] [IO-Worker-3/WARN] [net.minecraft.world.level.chunk.storage.RegionFile/]: Chunk has both internal and external streams
[27Nov2025 12:50:57.565] [IO-Worker-3/ERROR] [net.minecraft.world.level.chunk.storage.RegionFile/]: External chunk path .\saves\New World\region\c.-14.23.mcc is not file
[27Nov2025 12:50:57.568] [IO-Worker-3/WARN] [net.minecraft.world.level.chunk.storage.RegionFile/]: Chunk has both internal and external streams
[27Nov2025 12:50:57.568] [IO-Worker-3/ERROR] [net.minecraft.world.level.chunk.storage.RegionFile/]: External chunk path .\saves\New World\region\c.-5.23.mcc is not file
[27Nov2025 12:50:57.570] [IO-Worker-3/WARN] [net.minecraft.world.level.chunk.storage.RegionFile/]: Chunk has both internal and external streams
[27Nov2025 12:50:57.570] [IO-Worker-3/ERROR] [net.minecraft.world.level.chunk.storage.RegionFile/]: External chunk path .\saves\New World\region\c.-24.24.mcc is not file
[27Nov2025 12:50:57.575] [IO-Worker-4/WARN] [net.minecraft.world.level.chunk.storage.RegionFile/]: Chunk has both internal and external streams
[27Nov2025 12:50:57.575] [IO-Worker-4/ERROR] [net.minecraft.world.level.chunk.storage.RegionFile/]: External chunk path .\saves\New World\region\c.-5.24.mcc is not file
[27Nov2025 12:50:57.578] [IO-Worker-3/WARN] [net.minecraft.world.level.chunk.storage.RegionFile/]: Chunk has both internal and external streams
[27Nov2025 12:50:57.578] [IO-Worker-3/ERROR] [net.minecraft.world.level.chunk.storage.RegionFile/]: External chunk path .\saves\New World\region\c.-19.25.mcc is not file
[27Nov2025 12:50:57.582] [IO-Worker-3/WARN] [net.minecraft.world.level.chunk.storage.RegionFile/]: Chunk has both internal and external streams
[27Nov2025 12:50:57.582] [IO-Worker-3/ERROR] [net.minecraft.world.level.chunk.storage.RegionFile/]: External chunk path .\saves\New World\region\c.-5.25.mcc is not file
[27Nov2025 12:50:57.630] [IO-Worker-4/WARN] [net.minecraft.world.level.chunk.storage.RegionFile/]: Chunk has both internal and external streams
[27Nov2025 12:50:57.630] [IO-Worker-4/ERROR] [net.minecraft.world.level.chunk.storage.RegionFile/]: External chunk path .\saves\New World\region\c.1.-22.mcc is not file
[27Nov2025 12:50:57.630] [IO-Worker-4/WARN] [net.minecraft.world.level.chunk.storage.RegionFile/]: Chunk has both internal and external streams
[27Nov2025 12:50:57.631] [IO-Worker-4/ERROR] [net.minecraft.world.level.chunk.storage.RegionFile/]: External chunk path .\saves\New World\region\c.2.-22.mcc is not file
[27Nov2025 12:50:57.632] [IO-Worker-4/ERROR] [net.minecraft.world.level.chunk.storage.RegionFile/]: Chunk [15, -22] stream is truncated: expected 105217 but read 4091
[27Nov2025 12:50:57.632] [IO-Worker-4/ERROR] [net.minecraft.world.level.chunk.storage.RegionFile/]: Chunk [18, -22] stream is truncated: expected 2023550358 but read 4091
[27Nov2025 12:50:57.635] [IO-Worker-3/WARN] [net.minecraft.world.level.chunk.storage.RegionFile/]: Chunk has both internal and external streams
[27Nov2025 12:50:57.635] [IO-Worker-3/ERROR] [net.minecraft.world.level.chunk.storage.RegionFile/]: External chunk path .\saves\New World\region\c.4.-21.mcc is not file
[27Nov2025 12:50:57.635] [IO-Worker-3/WARN] [net.minecraft.world.level.chunk.storage.RegionFile/]: Chunk has both internal and external streams
[27Nov2025 12:50:57.635] [IO-Worker-3/ERROR] [net.minecraft.world.level.chunk.storage.RegionFile/]: External chunk path .\saves\New World\region\c.6.-21.mcc is not file
[27Nov2025 12:50:57.636] [IO-Worker-4/WARN] [net.minecraft.world.level.chunk.storage.RegionFile/]: Chunk has both internal and external streams
[27Nov2025 12:50:57.636] [IO-Worker-4/ERROR] [net.minecraft.world.level.chunk.storage.RegionFile/]: External chunk path .\saves\New World\region\c.11.-21.mcc is not file
[27Nov2025 12:50:57.638] [IO-Worker-4/ERROR] [net.minecraft.world.level.chunk.storage.RegionFile/]: Chunk [0, -20] stream is truncated: expected 2023550358 but read 4091
[27Nov2025 12:50:57.638] [IO-Worker-4/WARN] [net.minecraft.world.level.chunk.storage.RegionFile/]: Chunk has both internal and external streams
[27Nov2025 12:50:57.638] [IO-Worker-4/ERROR] [net.minecraft.world.level.chunk.storage.RegionFile/]: External chunk path .\saves\New World\region\c.1.-20.mcc is not file
[27Nov2025 12:50:57.638] [IO-Worker-4/WARN] [net.minecraft.world.level.chunk.storage.RegionFile/]: Chunk has both internal and external streams
[27Nov2025 12:50:57.638] [IO-Worker-4/ERROR] [net.minecraft.world.level.chunk.storage.RegionFile/]: External chunk path .\saves\New World\region\c.3.-20.mcc is not file
[27Nov2025 12:50:57.639] [IO-Worker-4/WARN] [net.minecraft.world.level.chunk.storage.RegionFile/]: Chunk has both internal and external streams
[27Nov2025 12:50:57.639] [IO-Worker-4/ERROR] [net.minecraft.world.level.chunk.storage.RegionFile/]: External chunk path .\saves\New World\region\c.5.-20.mcc is not file
[27Nov2025 12:50:57.639] [IO-Worker-3/WARN] [net.minecraft.world.level.chunk.storage.RegionFile/]: Chunk has both internal and external streams
[27Nov2025 12:50:57.639] [IO-Worker-3/ERROR] [net.minecraft.world.level.chunk.storage.RegionFile/]: External chunk path .\saves\New World\region\c.6.-20.mcc is not file
[27Nov2025 12:50:57.639] [IO-Worker-3/ERROR] [net.minecraft.world.level.chunk.storage.RegionFile/]: Chunk [7, -20] stream is truncated: expected 105473 but read 4091
[27Nov2025 12:50:57.639] [IO-Worker-4/WARN] [net.minecraft.world.level.chunk.storage.RegionFile/]: Chunk has both internal and external streams
[27Nov2025 12:50:57.639] [IO-Worker-4/ERROR] [net.minecraft.world.level.chunk.storage.RegionFile/]: External chunk path .\saves\New World\region\c.8.-20.mcc is not file
[27Nov2025 12:50:57.639] [IO-Worker-3/WARN] [net.minecraft.world.level.chunk.storage.RegionFile/]: Chunk has both internal and external streams
[27Nov2025 12:50:57.640] [IO-Worker-3/ERROR] [net.minecraft.world.level.chunk.storage.RegionFile/]: External chunk path .\saves\New World\region\c.10.-20.mcc is not file
[27Nov2025 12:50:57.640] [IO-Worker-3/WARN] [net.minecraft.world.level.chunk.storage.RegionFile/]: Chunk has both internal and external streams
[27Nov2025 12:50:57.640] [IO-Worker-3/ERROR] [net.minecraft.world.level.chunk.storage.RegionFile/]: External chunk path .\saves\New World\region\c.12.-20.mcc is not file
[27Nov2025 12:50:57.640] [IO-Worker-3/WARN] [net.minecraft.world.level.chunk.storage.RegionFile/]: Chunk has both internal and external streams
[27Nov2025 12:50:57.640] [IO-Worker-3/ERROR] [net.minecraft.world.level.chunk.storage.RegionFile/]: External chunk path .\saves\New World\region\c.13.-20.mcc is not file
[27Nov2025 12:50:57.640] [IO-Worker-3/ERROR] [net.minecraft.world.level.chunk.storage.RegionFile/]: Chunk [14, -20] stream is truncated: expected 105217 but read 4091
[27Nov2025 12:50:57.640] [IO-Worker-3/WARN] [net.minecraft.world.level.chunk.storage.RegionFile/]: Chunk has both internal and external streams
[27Nov2025 12:50:57.640] [IO-Worker-3/ERROR] [net.minecraft.world.level.chunk.storage.RegionFile/]: External chunk path .\saves\New World\region\c.15.-20.mcc is not file
[27Nov2025 12:50:57.642] [IO-Worker-3/WARN] [net.minecraft.world.level.chunk.storage.RegionFile/]: Chunk has both internal and external streams
[27Nov2025 12:50:57.643] [IO-Worker-3/ERROR] [net.minecraft.world.level.chunk.storage.RegionFile/]: External chunk path .\saves\New World\region\c.0.-19.mcc is not file
[27Nov2025 12:50:57.643] [IO-Worker-4/ERROR] [net.minecraft.world.level.chunk.storage.RegionFile/]: Chunk [1, -19] stream is truncated: expected 105217 but read 4091
[27Nov2025 12:50:57.643] [IO-Worker-3/WARN] [net.minecraft.world.level.chunk.storage.RegionFile/]: Chunk has both internal and external streams
[27Nov2025 12:50:57.643] [IO-Worker-3/ERROR] [net.minecraft.world.level.chunk.storage.RegionFile/]: External chunk path .\saves\New World\region\c.2.-19.mcc is not file
[27Nov2025 12:50:57.644] [IO-Worker-4/WARN] [net.minecraft.world.level.chunk.storage.RegionFile/]: Chunk has both internal and external streams
[27Nov2025 12:50:57.644] [IO-Worker-4/ERROR] [net.minecraft.world.level.chunk.storage.RegionFile/]: External chunk path .\saves\New World\region\c.3.-19.mcc is not file
[27Nov2025 12:50:57.644] [IO-Worker-3/WARN] [net.minecraft.world.level.chunk.storage.RegionFile/]: Chunk has both internal and external streams
[27Nov2025 12:50:57.644] [IO-Worker-3/ERROR] [net.minecraft.world.level.chunk.storage.RegionFile/]: External chunk path .\saves\New World\region\c.4.-19.mcc is not file
[27Nov2025 12:50:57.644] [IO-Worker-3/WARN] [net.minecraft.world.level.chunk.storage.RegionFile/]: Chunk has both internal and external streams
[27Nov2025 12:50:57.644] [IO-Worker-3/ERROR] [net.minecraft.world.level.chunk.storage.RegionFile/]: External chunk path .\saves\New World\region\c.6.-19.mcc is not file
[27Nov2025 12:50:57.645] [IO-Worker-4/WARN] [net.minecraft.world.level.chunk.storage.RegionFile/]: Chunk has both internal and external streams
[27Nov2025 12:50:57.645] [IO-Worker-4/ERROR] [net.minecraft.world.level.chunk.storage.RegionFile/]: External chunk path .\saves\New World\region\c.7.-19.mcc is not file
[27Nov2025 12:50:57.645] [IO-Worker-4/WARN] [net.minecraft.world.level.chunk.storage.RegionFile/]: Chunk has both internal and external streams
[27Nov2025 12:50:57.645] [IO-Worker-4/ERROR] [net.minecraft.world.level.chunk.storage.RegionFile/]: External chunk path .\saves\New World\region\c.9.-19.mcc is not file
[27Nov2025 12:50:57.646] [IO-Worker-3/ERROR] [net.minecraft.world.level.chunk.storage.RegionFile/]: Chunk [10, -19] stream is truncated: expected 2023550358 but read 4091
[27Nov2025 12:50:57.646] [IO-Worker-4/ERROR] [net.minecraft.world.level.chunk.storage.RegionFile/]: Chunk [11, -19] stream is truncated: expected 2023550358 but read 4091
[27Nov2025 12:50:57.646] [IO-Worker-3/WARN] [net.minecraft.world.level.chunk.storage.RegionFile/]: Chunk has both internal and external streams
[27Nov2025 12:50:57.646] [IO-Worker-3/ERROR] [net.minecraft.world.level.chunk.storage.RegionFile/]: External chunk path .\saves\New World\region\c.12.-19.mcc is not file
[27Nov2025 12:50:57.646] [IO-Worker-4/WARN] [net.minecraft.world.level.chunk.storage.RegionFile/]: Chunk has both internal and external streams
[27Nov2025 12:50:57.647] [IO-Worker-4/ERROR] [net.minecraft.world.level.chunk.storage.RegionFile/]: External chunk path .\saves\New World\region\c.13.-19.mcc is not file
[27Nov2025 12:50:57.647] [IO-Worker-3/WARN] [net.minecraft.world.level.chunk.storage.RegionFile/]: Chunk has both internal and external streams
[27Nov2025 12:50:57.647] [IO-Worker-3/ERROR] [net.minecraft.world.level.chunk.storage.RegionFile/]: External chunk path .\saves\New World\region\c.14.-19.mcc is not file
[27Nov2025 12:50:57.647] [IO-Worker-3/WARN] [net.minecraft.world.level.chunk.storage.RegionFile/]: Chunk has both internal and external streams
[27Nov2025 12:50:57.647] [IO-Worker-3/ERROR] [net.minecraft.world.level.chunk.storage.RegionFile/]: External chunk path .\saves\New World\region\c.16.-19.mcc is not file
[27Nov2025 12:50:57.649] [IO-Worker-3/WARN] [net.minecraft.world.level.chunk.storage.RegionFile/]: Chunk has both internal and external streams
[27Nov2025 12:50:57.650] [IO-Worker-3/ERROR] [net.minecraft.world.level.chunk.storage.RegionFile/]: External chunk path .\saves\New World\region\c.0.-18.mcc is not file
[27Nov2025 12:50:57.650] [IO-Worker-3/WARN] [net.minecraft.world.level.chunk.storage.RegionFile/]: Chunk has both internal and external streams
[27Nov2025 12:50:57.650] [IO-Worker-3/ERROR] [net.minecraft.world.level.chunk.storage.RegionFile/]: External chunk path .\saves\New World\region\c.1.-18.mcc is not file
[27Nov2025 12:50:57.650] [IO-Worker-3/WARN] [net.minecraft.world.level.chunk.storage.RegionFile/]: Chunk has both internal and external streams
[27Nov2025 12:50:57.650] [IO-Worker-3/ERROR] [net.minecraft.world.level.chunk.storage.RegionFile/]: External chunk path .\saves\New World\region\c.2.-18.mcc is not file
[27Nov2025 12:50:57.650] [IO-Worker-3/WARN] [net.minecraft.world.level.chunk.storage.RegionFile/]: Chunk has both internal and external streams
[27Nov2025 12:50:57.650] [IO-Worker-3/ERROR] [net.minecraft.world.level.chunk.storage.RegionFile/]: External chunk path .\saves\New World\region\c.4.-18.mcc is not file
[27Nov2025 12:50:57.651] [IO-Worker-3/WARN] [net.minecraft.world.level.chunk.storage.RegionFile/]: Chunk has both internal and external streams
[27Nov2025 12:50:57.651] [IO-Worker-3/ERROR] [net.minecraft.world.level.chunk.storage.RegionFile/]: External chunk path .\saves\New World\region\c.5.-18.mcc is not file
[27Nov2025 12:50:57.651] [IO-Worker-3/WARN] [net.minecraft.world.level.chunk.storage.RegionFile/]: Chunk has both internal and external streams
[27Nov2025 12:50:57.651] [IO-Worker-3/ERROR] [net.minecraft.world.level.chunk.storage.RegionFile/]: External chunk path .\saves\New World\region\c.6.-18.mcc is not file
[27Nov2025 12:50:57.651] [IO-Worker-3/WARN] [net.minecraft.world.level.chunk.storage.RegionFile/]: Chunk has both internal and external streams
[27Nov2025 12:50:57.651] [IO-Worker-3/ERROR] [net.minecraft.world.level.chunk.storage.RegionFile/]: External chunk path .\saves\New World\region\c.7.-18.mcc is not file
[27Nov2025 12:50:57.651] [IO-Worker-3/WARN] [net.minecraft.world.level.chunk.storage.RegionFile/]: Chunk has both internal and external streams
[27Nov2025 12:50:57.651] [IO-Worker-3/ERROR] [net.minecraft.world.level.chunk.storage.RegionFile/]: External chunk path .\saves\New World\region\c.8.-18.mcc is not file
[27Nov2025 12:50:57.651] [IO-Worker-3/WARN] [net.minecraft.world.level.chunk.storage.RegionFile/]: Chunk has both internal and external streams
[27Nov2025 12:50:57.652] [IO-Worker-3/ERROR] [net.minecraft.world.level.chunk.storage.RegionFile/]: External chunk path .\saves\New World\region\c.9.-18.mcc is not file
[27Nov2025 12:50:57.652] [IO-Worker-3/WARN] [net.minecraft.world.level.chunk.storage.RegionFile/]: Chunk has both internal and external streams
[27Nov2025 12:50:57.652] [IO-Worker-3/ERROR] [net.minecraft.world.level.chunk.storage.RegionFile/]: External chunk path .\saves\New World\region\c.11.-18.mcc is not file
[27Nov2025 12:50:57.653] [IO-Worker-3/WARN] [net.minecraft.world.level.chunk.storage.RegionFile/]: Chunk has both internal and external streams
[27Nov2025 12:50:57.653] [IO-Worker-3/ERROR] [net.minecraft.world.level.chunk.storage.RegionFile/]: External chunk path .\saves\New World\region\c.12.-18.mcc is not file
[27Nov2025 12:50:57.653] [IO-Worker-4/WARN] [net.minecraft.world.level.chunk.storage.RegionFile/]: Chunk has both internal and external streams
[27Nov2025 12:50:57.653] [IO-Worker-4/ERROR] [net.minecraft.world.level.chunk.storage.RegionFile/]: External chunk path .\saves\New World\region\c.13.-18.mcc is not file
[27Nov2025 12:50:57.653] [IO-Worker-3/WARN] [net.minecraft.world.level.chunk.storage.RegionFile/]: Chunk has both internal and external streams
[27Nov2025 12:50:57.653] [IO-Worker-3/ERROR] [net.minecraft.world.level.chunk.storage.RegionFile/]: External chunk path .\saves\New World\region\c.14.-18.mcc is not file
[27Nov2025 12:50:57.653] [IO-Worker-4/WARN] [net.minecraft.world.level.chunk.storage.RegionFile/]: Chunk has both internal and external streams
[27Nov2025 12:50:57.653] [IO-Worker-4/ERROR] [net.minecraft.world.level.chunk.storage.RegionFile/]: External chunk path .\saves\New World\region\c.15.-18.mcc is not file
[27Nov2025 12:50:57.653] [IO-Worker-3/WARN] [net.minecraft.world.level.chunk.storage.RegionFile/]: Chunk has both internal and external streams
[27Nov2025 12:50:57.654] [IO-Worker-3/ERROR] [net.minecraft.world.level.chunk.storage.RegionFile/]: External chunk path .\saves\New World\region\c.16.-18.mcc is not file
[27Nov2025 12:50:57.654] [IO-Worker-4/WARN] [net.minecraft.world.level.chunk.storage.RegionFile/]: Chunk has both internal and external streams
[27Nov2025 12:50:57.654] [IO-Worker-4/ERROR] [net.minecraft.world.level.chunk.storage.RegionFile/]: External chunk path .\saves\New World\region\c.17.-18.mcc is not file
[27Nov2025 12:50:57.656] [IO-Worker-3/WARN] [net.minecraft.world.level.chunk.storage.RegionFile/]: Chunk has both internal and external streams
[27Nov2025 12:50:57.656] [IO-Worker-3/ERROR] [net.minecraft.world.level.chunk.storage.RegionFile/]: External chunk path .\saves\New World\region\c.1.-17.mcc is not file
[27Nov2025 12:50:57.656] [IO-Worker-3/WARN] [net.minecraft.world.level.chunk.storage.RegionFile/]: Chunk has both internal and external streams
[27Nov2025 12:50:57.656] [IO-Worker-3/ERROR] [net.minecraft.world.level.chunk.storage.RegionFile/]: External chunk path .\saves\New World\region\c.2.-17.mcc is not file
[27Nov2025 12:50:57.656] [IO-Worker-3/ERROR] [net.minecraft.world.level.chunk.storage.RegionFile/]: Chunk [3, -17] stream is truncated: expected 2023550359 but read 4091
[27Nov2025 12:50:57.656] [IO-Worker-3/ERROR] [net.minecraft.world.level.chunk.storage.RegionFile/]: Chunk [4, -17] stream is truncated: expected 2023550359 but read 4091
[27Nov2025 12:50:57.657] [IO-Worker-3/ERROR] [net.minecraft.world.level.chunk.storage.RegionFile/]: Chunk [5, -17] stream is truncated: expected 2023550359 but read 4091
[27Nov2025 12:50:57.657] [IO-Worker-4/WARN] [net.minecraft.world.level.chunk.storage.RegionFile/]: Chunk has both internal and external streams
[27Nov2025 12:50:57.657] [IO-Worker-4/ERROR] [net.minecraft.world.level.chunk.storage.RegionFile/]: External chunk path .\saves\New World\region\c.7.-17.mcc is not file
[27Nov2025 12:50:57.657] [IO-Worker-4/WARN] [net.minecraft.world.level.chunk.storage.RegionFile/]: Chunk has both internal and external streams
[27Nov2025 12:50:57.657] [IO-Worker-4/ERROR] [net.minecraft.world.level.chunk.storage.RegionFile/]: External chunk path .\saves\New World\region\c.8.-17.mcc is not file
[27Nov2025 12:50:57.657] [IO-Worker-4/WARN] [net.minecraft.world.level.chunk.storage.RegionFile/]: Chunk has both internal and external streams
[27Nov2025 12:50:57.657] [IO-Worker-4/ERROR] [net.minecraft.world.level.chunk.storage.RegionFile/]: External chunk path .\saves\New World\region\c.9.-17.mcc is not file
[27Nov2025 12:50:57.657] [IO-Worker-4/WARN] [net.minecraft.world.level.chunk.storage.RegionFile/]: Chunk has both internal and external streams
[27Nov2025 12:50:57.657] [IO-Worker-4/ERROR] [net.minecraft.world.level.chunk.storage.RegionFile/]: External chunk path .\saves\New World\region\c.10.-17.mcc is not file
[27Nov2025 12:50:57.658] [IO-Worker-4/WARN] [net.minecraft.world.level.chunk.storage.RegionFile/]: Chunk has both internal and external streams
[27Nov2025 12:50:57.658] [IO-Worker-4/ERROR] [net.minecraft.world.level.chunk.storage.RegionFile/]: External chunk path .\saves\New World\region\c.11.-17.mcc is not file
[27Nov2025 12:50:57.658] [IO-Worker-4/WARN] [net.minecraft.world.level.chunk.storage.RegionFile/]: Chunk has both internal and external streams
[27Nov2025 12:50:57.658] [IO-Worker-4/ERROR] [net.minecraft.world.level.chunk.storage.RegionFile/]: External chunk path .\saves\New World\region\c.12.-17.mcc is not file
[27Nov2025 12:50:57.658] [IO-Worker-4/WARN] [net.minecraft.world.level.chunk.storage.RegionFile/]: Chunk has both internal and external streams
[27Nov2025 12:50:57.658] [IO-Worker-4/ERROR] [net.minecraft.world.level.chunk.storage.RegionFile/]: External chunk path .\saves\New World\region\c.14.-17.mcc is not file
[27Nov2025 12:50:57.658] [IO-Worker-3/WARN] [net.minecraft.world.level.chunk.storage.RegionFile/]: Chunk has both internal and external streams
[27Nov2025 12:50:57.658] [IO-Worker-3/ERROR] [net.minecraft.world.level.chunk.storage.RegionFile/]: External chunk path .\saves\New World\region\c.15.-17.mcc is not file
[27Nov2025 12:50:57.659] [IO-Worker-4/WARN] [net.minecraft.world.level.chunk.storage.RegionFile/]: Chunk has both internal and external streams
[27Nov2025 12:50:57.659] [IO-Worker-4/ERROR] [net.minecraft.world.level.chunk.storage.RegionFile/]: External chunk path .\saves\New World\region\c.16.-17.mcc is not file
[27Nov2025 12:50:57.659] [IO-Worker-3/WARN] [net.minecraft.world.level.chunk.storage.RegionFile/]: Chunk has both internal and external streams
[27Nov2025 12:50:57.659] [IO-Worker-3/ERROR] [net.minecraft.world.level.chunk.storage.RegionFile/]: External chunk path .\saves\New World\region\c.17.-17.mcc is not file
[27Nov2025 12:50:57.660] [IO-Worker-3/WARN] [net.minecraft.world.level.chunk.storage.RegionFile/]: Chunk has both internal and external streams
[27Nov2025 12:50:57.660] [IO-Worker-3/ERROR] [net.minecraft.world.level.chunk.storage.RegionFile/]: External chunk path .\saves\New World\region\c.20.-17.mcc is not file
[27Nov2025 12:50:57.661] [IO-Worker-3/WARN] [net.minecraft.world.level.chunk.storage.RegionFile/]: Chunk has both internal and external streams
[27Nov2025 12:50:57.661] [IO-Worker-3/ERROR] [net.minecraft.world.level.chunk.storage.RegionFile/]: External chunk path .\saves\New World\region\c.0.-16.mcc is not file
[27Nov2025 12:50:57.661] [IO-Worker-4/WARN] [net.minecraft.world.level.chunk.storage.RegionFile/]: Chunk has both internal and external streams
[27Nov2025 12:50:57.661] [IO-Worker-4/ERROR] [net.minecraft.world.level.chunk.storage.RegionFile/]: External chunk path .\saves\New World\region\c.1.-16.mcc is not file
[27Nov2025 12:50:57.661] [IO-Worker-4/WARN] [net.minecraft.world.level.chunk.storage.RegionFile/]: Chunk has both internal and external streams
[27Nov2025 12:50:57.662] [IO-Worker-4/ERROR] [net.minecraft.world.level.chunk.storage.RegionFile/]: External chunk path .\saves\New World\region\c.2.-16.mcc is not file
[27Nov2025 12:50:57.662] [IO-Worker-3/WARN] [net.minecraft.world.level.chunk.storage.RegionFile/]: Chunk has both internal and external streams
[27Nov2025 12:50:57.662] [IO-Worker-3/ERROR] [net.minecraft.world.level.chunk.storage.RegionFile/]: External chunk path .\saves\New World\region\c.3.-16.mcc is not file
[27Nov2025 12:50:57.662] [IO-Worker-4/ERROR] [net.minecraft.world.level.chunk.storage.RegionFile/]: Chunk [4, -16] stream is truncated: expected 144129 but read 4091
[27Nov2025 12:50:57.662] [IO-Worker-3/WARN] [net.minecraft.world.level.chunk.storage.RegionFile/]: Chunk has both internal and external streams
[27Nov2025 12:50:57.662] [IO-Worker-3/ERROR] [net.minecraft.world.level.chunk.storage.RegionFile/]: External chunk path .\saves\New World\region\c.6.-16.mcc is not file
[27Nov2025 12:50:57.662] [IO-Worker-4/WARN] [net.minecraft.world.level.chunk.storage.RegionFile/]: Chunk has both internal and external streams
[27Nov2025 12:50:57.662] [IO-Worker-4/ERROR] [net.minecraft.world.level.chunk.storage.RegionFile/]: External chunk path .\saves\New World\region\c.7.-16.mcc is not file
[27Nov2025 12:50:57.662] [IO-Worker-3/WARN] [net.minecraft.world.level.chunk.storage.RegionFile/]: Chunk has both internal and external streams
[27Nov2025 12:50:57.663] [IO-Worker-3/ERROR] [net.minecraft.world.level.chunk.storage.RegionFile/]: External chunk path .\saves\New World\region\c.8.-16.mcc is not file
[27Nov2025 12:50:57.663] [IO-Worker-4/WARN] [net.minecraft.world.level.chunk.storage.RegionFile/]: Chunk has both internal and external streams
[27Nov2025 12:50:57.663] [IO-Worker-4/ERROR] [net.minecraft.world.level.chunk.storage.RegionFile/]: External chunk path .\saves\New World\region\c.9.-16.mcc is not file
[27Nov2025 12:50:57.663] [IO-Worker-4/WARN] [net.minecraft.world.level.chunk.storage.RegionFile/]: Chunk has both internal and external streams
[27Nov2025 12:50:57.663] [IO-Worker-4/ERROR] [net.minecraft.world.level.chunk.storage.RegionFile/]: External chunk path .\saves\New World\region\c.10.-16.mcc is not file
[27Nov2025 12:50:57.663] [IO-Worker-4/WARN] [net.minecraft.world.level.chunk.storage.RegionFile/]: Chunk has both internal and external streams
[27Nov2025 12:50:57.663] [IO-Worker-4/ERROR] [net.minecraft.world.level.chunk.storage.RegionFile/]: External chunk path .\saves\New World\region\c.11.-16.mcc is not file
[27Nov2025 12:50:57.663] [IO-Worker-3/ERROR] [net.minecraft.world.level.chunk.storage.RegionFile/]: Chunk [12, -16] stream is truncated: expected 2023550359 but read 4091
[27Nov2025 12:50:57.663] [IO-Worker-3/WARN] [net.minecraft.world.level.chunk.storage.RegionFile/]: Chunk has both internal and external streams
[27Nov2025 12:50:57.663] [IO-Worker-3/ERROR] [net.minecraft.world.level.chunk.storage.RegionFile/]: External chunk path .\saves\New World\region\c.13.-16.mcc is not file
[27Nov2025 12:50:57.664] [IO-Worker-3/WARN] [net.minecraft.world.level.chunk.storage.RegionFile/]: Chunk has both internal and external streams
[27Nov2025 12:50:57.664] [IO-Worker-3/ERROR] [net.minecraft.world.level.chunk.storage.RegionFile/]: External chunk path .\saves\New World\region\c.14.-16.mcc is not file
[27Nov2025 12:50:57.664] [IO-Worker-3/ERROR] [net.minecraft.world.level.chunk.storage.RegionFile/]: Chunk [15, -16] stream is truncated: expected 2023550359 but read 4091
[27Nov2025 12:50:57.664] [IO-Worker-3/ERROR] [net.minecraft.world.level.chunk.storage.RegionFile/]: Chunk [16, -16] stream is truncated: expected 2023550359 but read 4091
[27Nov2025 12:50:57.664] [IO-Worker-3/WARN] [net.minecraft.world.level.chunk.storage.RegionFile/]: Chunk has both internal and external streams
[27Nov2025 12:50:57.664] [IO-Worker-3/ERROR] [net.minecraft.world.level.chunk.storage.RegionFile/]: External chunk path .\saves\New World\region\c.17.-16.mcc is not file
[27Nov2025 12:50:57.664] [IO-Worker-3/ERROR] [net.minecraft.world.level.chunk.storage.RegionFile/]: Chunk [18, -16] stream is truncated: expected 105217 but read 4091
[27Nov2025 12:50:57.664] [IO-Worker-4/WARN] [net.minecraft.world.level.chunk.storage.RegionFile/]: Chunk has both internal and external streams
[27Nov2025 12:50:57.665] [IO-Worker-4/ERROR] [net.minecraft.world.level.chunk.storage.RegionFile/]: External chunk path .\saves\New World\region\c.20.-16.mcc is not file
[27Nov2025 12:50:57.665] [IO-Worker-3/WARN] [net.minecraft.world.level.chunk.storage.RegionFile/]: Chunk has both internal and external streams
[27Nov2025 12:50:57.665] [IO-Worker-3/ERROR] [net.minecraft.world.level.chunk.storage.RegionFile/]: External chunk path .\saves\New World\region\c.22.-16.mcc is not file
[27Nov2025 12:50:57.667] [IO-Worker-4/WARN] [net.minecraft.world.level.chunk.storage.RegionFile/]: Chunk has both internal and external streams
[27Nov2025 12:50:57.667] [IO-Worker-4/ERROR] [net.minecraft.world.level.chunk.storage.RegionFile/]: External chunk path .\saves\New World\region\c.15.-15.mcc is not file
[27Nov2025 12:50:57.668] [IO-Worker-4/WARN] [net.minecraft.world.level.chunk.storage.RegionFile/]: Chunk has both internal and external streams
[27Nov2025 12:50:57.668] [IO-Worker-4/ERROR] [net.minecraft.world.level.chunk.storage.RegionFile/]: External chunk path .\saves\New World\region\c.17.-15.mcc is not file
[27Nov2025 12:50:57.668] [IO-Worker-4/WARN] [net.minecraft.world.level.chunk.storage.RegionFile/]: Chunk has both internal and external streams
[27Nov2025 12:50:57.668] [IO-Worker-4/ERROR] [net.minecraft.world.level.chunk.storage.RegionFile/]: External chunk path .\saves\New World\region\c.18.-15.mcc is not file
[27Nov2025 12:50:57.668] [IO-Worker-4/WARN] [net.minecraft.world.level.chunk.storage.RegionFile/]: Chunk has both internal and external streams
[27Nov2025 12:50:57.668] [IO-Worker-4/ERROR] [net.minecraft.world.level.chunk.storage.RegionFile/]: External chunk path .\saves\New World\region\c.19.-15.mcc is not file
[27Nov2025 12:50:57.671] [IO-Worker-3/WARN] [net.minecraft.world.level.chunk.storage.RegionFile/]: Chunk has both internal and external streams
[27Nov2025 12:50:57.671] [IO-Worker-3/ERROR] [net.minecraft.world.level.chunk.storage.RegionFile/]: External chunk path .\saves\New World\region\c.15.-14.mcc is not file
[27Nov2025 12:50:57.672] [IO-Worker-4/WARN] [net.minecraft.world.level.chunk.storage.RegionFile/]: Chunk has both internal and external streams
[27Nov2025 12:50:57.672] [IO-Worker-4/ERROR] [net.minecraft.world.level.chunk.storage.RegionFile/]: External chunk path .\saves\New World\region\c.16.-14.mcc is not file
[27Nov2025 12:50:57.672] [IO-Worker-3/WARN] [net.minecraft.world.level.chunk.storage.RegionFile/]: Chunk has both internal and external streams
[27Nov2025 12:50:57.672] [IO-Worker-3/ERROR] [net.minecraft.world.level.chunk.storage.RegionFile/]: External chunk path .\saves\New World\region\c.17.-14.mcc is not file
[27Nov2025 12:50:57.672] [IO-Worker-4/WARN] [net.minecraft.world.level.chunk.storage.RegionFile/]: Chunk has both internal and external streams
[27Nov2025 12:50:57.672] [IO-Worker-4/ERROR] [net.minecraft.world.level.chunk.storage.RegionFile/]: External chunk path .\saves\New World\region\c.18.-14.mcc is not file
[27Nov2025 12:50:57.672] [IO-Worker-3/ERROR] [net.minecraft.world.level.chunk.storage.RegionFile/]: Chunk [19, -14] stream is truncated: expected 2023550358 but read 4091
[27Nov2025 12:50:57.673] [IO-Worker-3/WARN] [net.minecraft.world.level.chunk.storage.RegionFile/]: Chunk has both internal and external streams
[27Nov2025 12:50:57.673] [IO-Worker-3/ERROR] [net.minecraft.world.level.chunk.storage.RegionFile/]: External chunk path .\saves\New World\region\c.22.-14.mcc is not file
[27Nov2025 12:50:57.677] [IO-Worker-3/WARN] [net.minecraft.world.level.chunk.storage.RegionFile/]: Chunk has both internal and external streams
[27Nov2025 12:50:57.678] [IO-Worker-3/ERROR] [net.minecraft.world.level.chunk.storage.RegionFile/]: External chunk path .\saves\New World\region\c.15.-13.mcc is not file
[27Nov2025 12:50:57.678] [IO-Worker-4/WARN] [net.minecraft.world.level.chunk.storage.RegionFile/]: Chunk has both internal and external streams
[27Nov2025 12:50:57.678] [IO-Worker-4/ERROR] [net.minecraft.world.level.chunk.storage.RegionFile/]: External chunk path .\saves\New World\region\c.16.-13.mcc is not file
[27Nov2025 12:50:57.678] [IO-Worker-3/WARN] [net.minecraft.world.level.chunk.storage.RegionFile/]: Chunk has both internal and external streams
[27Nov2025 12:50:57.678] [IO-Worker-3/ERROR] [net.minecraft.world.level.chunk.storage.RegionFile/]: External chunk path .\saves\New World\region\c.17.-13.mcc is not file
[27Nov2025 12:50:57.679] [IO-Worker-4/WARN] [net.minecraft.world.level.chunk.storage.RegionFile/]: Chunk has both internal and external streams
[27Nov2025 12:50:57.679] [IO-Worker-4/ERROR] [net.minecraft.world.level.chunk.storage.RegionFile/]: External chunk path .\saves\New World\region\c.18.-13.mcc is not file
[27Nov2025 12:50:57.679] [IO-Worker-3/WARN] [net.minecraft.world.level.chunk.storage.RegionFile/]: Chunk has both internal and external streams
[27Nov2025 12:50:57.679] [IO-Worker-3/ERROR] [net.minecraft.world.level.chunk.storage.RegionFile/]: External chunk path .\saves\New World\region\c.19.-13.mcc is not file
[27Nov2025 12:50:57.679] [IO-Worker-4/ERROR] [net.minecraft.world.level.chunk.storage.RegionFile/]: Chunk [22, -13] stream is truncated: expected 2023550358 but read 4091
[27Nov2025 12:50:57.682] [IO-Worker-3/WARN] [net.minecraft.world.level.chunk.storage.RegionFile/]: Chunk has both internal and external streams
[27Nov2025 12:50:57.683] [IO-Worker-3/ERROR] [net.minecraft.world.level.chunk.storage.RegionFile/]: External chunk path .\saves\New World\region\c.16.-12.mcc is not file
[27Nov2025 12:50:57.683] [IO-Worker-4/WARN] [net.minecraft.world.level.chunk.storage.RegionFile/]: Chunk has both internal and external streams
[27Nov2025 12:50:57.683] [IO-Worker-4/ERROR] [net.minecraft.world.level.chunk.storage.RegionFile/]: External chunk path .\saves\New World\region\c.17.-12.mcc is not file
[27Nov2025 12:50:57.683] [IO-Worker-3/WARN] [net.minecraft.world.level.chunk.storage.RegionFile/]: Chunk has both internal and external streams
[27Nov2025 12:50:57.683] [IO-Worker-3/ERROR] [net.minecraft.world.level.chunk.storage.RegionFile/]: External chunk path .\saves\New World\region\c.18.-12.mcc is not file
[27Nov2025 12:50:57.683] [IO-Worker-4/WARN] [net.minecraft.world.level.chunk.storage.RegionFile/]: Chunk has both internal and external streams
[27Nov2025 12:50:57.683] [IO-Worker-4/ERROR] [net.minecraft.world.level.chunk.storage.RegionFile/]: External chunk path .\saves\New World\region\c.19.-12.mcc is not file
[27Nov2025 12:50:57.687] [IO-Worker-3/ERROR] [net.minecraft.world.level.chunk.storage.RegionFile/]: Chunk [15, -11] stream is truncated: expected 2023550359 but read 4091
[27Nov2025 12:50:57.687] [IO-Worker-3/WARN] [net.minecraft.world.level.chunk.storage.RegionFile/]: Chunk has both internal and external streams
[27Nov2025 12:50:57.687] [IO-Worker-3/ERROR] [net.minecraft.world.level.chunk.storage.RegionFile/]: External chunk path .\saves\New World\region\c.16.-11.mcc is not file
[27Nov2025 12:50:57.687] [IO-Worker-3/WARN] [net.minecraft.world.level.chunk.storage.RegionFile/]: Chunk has both internal and external streams
[27Nov2025 12:50:57.688] [IO-Worker-3/ERROR] [net.minecraft.world.level.chunk.storage.RegionFile/]: External chunk path .\saves\New World\region\c.17.-11.mcc is not file
[27Nov2025 12:50:57.688] [IO-Worker-3/WARN] [net.minecraft.world.level.chunk.storage.RegionFile/]: Chunk has both internal and external streams
[27Nov2025 12:50:57.688] [IO-Worker-3/ERROR] [net.minecraft.world.level.chunk.storage.RegionFile/]: External chunk path .\saves\New World\region\c.18.-11.mcc is not file
[27Nov2025 12:50:57.688] [IO-Worker-3/ERROR] [net.minecraft.world.level.chunk.storage.RegionFile/]: Chunk [19, -11] stream is truncated: expected 2023550358 but read 4091
[27Nov2025 12:50:57.688] [IO-Worker-3/WARN] [net.minecraft.world.level.chunk.storage.RegionFile/]: Chunk has both internal and external streams
[27Nov2025 12:50:57.688] [IO-Worker-3/ERROR] [net.minecraft.world.level.chunk.storage.RegionFile/]: External chunk path .\saves\New World\region\c.21.-11.mcc is not file
[27Nov2025 12:50:57.688] [IO-Worker-3/ERROR] [net.minecraft.world.level.chunk.storage.RegionFile/]: Chunk [22, -11] stream is truncated: expected 2023550358 but read 4091
[27Nov2025 12:50:57.691] [IO-Worker-4/WARN] [net.minecraft.world.level.chunk.storage.RegionFile/]: Chunk has both internal and external streams
[27Nov2025 12:50:57.691] [IO-Worker-4/ERROR] [net.minecraft.world.level.chunk.storage.RegionFile/]: External chunk path .\saves\New World\region\c.15.-10.mcc is not file
[27Nov2025 12:50:57.691] [IO-Worker-4/WARN] [net.minecraft.world.level.chunk.storage.RegionFile/]: Chunk has both internal and external streams
[27Nov2025 12:50:57.691] [IO-Worker-4/ERROR] [net.minecraft.world.level.chunk.storage.RegionFile/]: External chunk path .\saves\New World\region\c.17.-10.mcc is not file
[27Nov2025 12:50:57.691] [IO-Worker-3/WARN] [net.minecraft.world.level.chunk.storage.RegionFile/]: Chunk has both internal and external streams
[27Nov2025 12:50:57.692] [IO-Worker-3/ERROR] [net.minecraft.world.level.chunk.storage.RegionFile/]: External chunk path .\saves\New World\region\c.18.-10.mcc is not file
[27Nov2025 12:50:57.695] [IO-Worker-3/WARN] [net.minecraft.world.level.chunk.storage.RegionFile/]: Chunk has both internal and external streams
[27Nov2025 12:50:57.695] [IO-Worker-3/ERROR] [net.minecraft.world.level.chunk.storage.RegionFile/]: External chunk path .\saves\New World\region\c.16.-9.mcc is not file
[27Nov2025 12:50:57.698] [IO-Worker-4/WARN] [net.minecraft.world.level.chunk.storage.RegionFile/]: Chunk has both internal and external streams
[27Nov2025 12:50:57.698] [IO-Worker-4/ERROR] [net.minecraft.world.level.chunk.storage.RegionFile/]: External chunk path .\saves\New World\region\c.15.-8.mcc is not file
[27Nov2025 12:50:57.699] [IO-Worker-4/WARN] [net.minecraft.world.level.chunk.storage.RegionFile/]: Chunk has both internal and external streams
[27Nov2025 12:50:57.699] [IO-Worker-4/ERROR] [net.minecraft.world.level.chunk.storage.RegionFile/]: External chunk path .\saves\New World\region\c.16.-8.mcc is not file
[27Nov2025 12:50:57.699] [IO-Worker-4/WARN] [net.minecraft.world.level.chunk.storage.RegionFile/]: Chunk has both internal and external streams
[27Nov2025 12:50:57.699] [IO-Worker-4/ERROR] [net.minecraft.world.level.chunk.storage.RegionFile/]: External chunk path .\saves\New World\region\c.18.-8.mcc is not file
[27Nov2025 12:50:57.699] [IO-Worker-4/WARN] [net.minecraft.world.level.chunk.storage.IOWorker/]: Failed to bulk scan chunk [19, -8]
java.util.zip.ZipException: invalid distance too far back
	at java.util.zip.InflaterInputStream.read(InflaterInputStream.java:164) ~[?:?]
	at net.minecraft.util.FastBufferedInputStream.fill(FastBufferedInputStream.java:94) ~[neoforge-20.3.8-beta.jar%23183!/:?]
	at net.minecraft.util.FastBufferedInputStream.read(FastBufferedInputStream.java:25) ~[neoforge-20.3.8-beta.jar%23183!/:?]
	at java.io.DataInputStream.readUnsignedByte(DataInputStream.java:288) ~[?:?]
	at java.io.DataInputStream.readByte(DataInputStream.java:268) ~[?:?]
	at net.minecraft.nbt.NbtIo.parse(NbtIo.java:128) ~[neoforge-20.3.8-beta.jar%23183!/:?]
	at net.minecraft.world.level.chunk.storage.RegionFileStorage.scanChunk(RegionFileStorage.java:68) ~[neoforge-20.3.8-beta.jar%23183!/:?]
	at net.minecraft.world.level.chunk.storage.IOWorker.lambda$scanChunk$12(IOWorker.java:184) ~[neoforge-20.3.8-beta.jar%23183!/:?]
	at net.minecraft.world.level.chunk.storage.IOWorker.lambda$submitTask$13(IOWorker.java:198) ~[neoforge-20.3.8-beta.jar%23183!/:?]
	at net.minecraft.util.thread.StrictQueue$IntRunnable.run(StrictQueue.java:77) ~[neoforge-20.3.8-beta.jar%23183!/:?]
	at net.minecraft.util.thread.ProcessorMailbox.pollTask(ProcessorMailbox.java:85) ~[neoforge-20.3.8-beta.jar%23183!/:?]
	at net.minecraft.util.thread.ProcessorMailbox.pollUntil(ProcessorMailbox.java:133) ~[neoforge-20.3.8-beta.jar%23183!/:?]
	at net.minecraft.util.thread.ProcessorMailbox.run(ProcessorMailbox.java:94) ~[neoforge-20.3.8-beta.jar%23183!/:?]
	at java.util.concurrent.ThreadPoolExecutor.runWorker(ThreadPoolExecutor.java:1136) ~[?:?]
	at java.util.concurrent.ThreadPoolExecutor$Worker.run(ThreadPoolExecutor.java:635) ~[?:?]
	at java.lang.Thread.run(Thread.java:840) ~[?:?]
[27Nov2025 12:50:57.700] [Worker-Main-5/WARN] [net.minecraft.world.level.chunk.storage.IOWorker/]: Failed to scan chunk [19, -8]
java.util.concurrent.CompletionException: java.util.zip.ZipException: invalid distance too far back
	at java.util.concurrent.CompletableFuture.reportJoin(CompletableFuture.java:413) ~[?:?]
	at java.util.concurrent.CompletableFuture.join(CompletableFuture.java:2118) ~[?:?]
	at net.minecraft.world.level.chunk.storage.IOWorker.lambda$createOldDataForRegion$0(IOWorker.java:106) ~[neoforge-20.3.8-beta.jar%23183!/:?]
	at net.minecraft.world.level.ChunkPos$1.tryAdvance(ChunkPos.java:207) ~[neoforge-20.3.8-beta.jar%23183!/:?]
	at java.util.Spliterator.forEachRemaining(Spliterator.java:332) ~[?:?]
	at java.util.stream.ReferencePipeline$Head.forEach(ReferencePipeline.java:762) ~[?:?]
	at net.minecraft.world.level.chunk.storage.IOWorker.lambda$createOldDataForRegion$1(IOWorker.java:99) ~[neoforge-20.3.8-beta.jar%23183!/:?]
	at java.util.concurrent.CompletableFuture$AsyncSupply.run(CompletableFuture.java:1768) ~[?:?]
	at java.util.concurrent.CompletableFuture$AsyncSupply.exec(CompletableFuture.java:1760) ~[?:?]
	at java.util.concurrent.ForkJoinTask.doExec(ForkJoinTask.java:373) ~[?:?]
	at java.util.concurrent.ForkJoinPool$WorkQueue.topLevelExec(ForkJoinPool.java:1182) ~[?:?]
	at java.util.concurrent.ForkJoinPool.scan(ForkJoinPool.java:1655) ~[?:?]
	at java.util.concurrent.ForkJoinPool.runWorker(ForkJoinPool.java:1622) ~[?:?]
	at java.util.concurrent.ForkJoinWorkerThread.run(ForkJoinWorkerThread.java:165) ~[?:?]
Caused by: java.util.zip.ZipException: invalid distance too far back
	at java.util.zip.InflaterInputStream.read(InflaterInputStream.java:164) ~[?:?]
	at net.minecraft.util.FastBufferedInputStream.fill(FastBufferedInputStream.java:94) ~[neoforge-20.3.8-beta.jar%23183!/:?]
	at net.minecraft.util.FastBufferedInputStream.read(FastBufferedInputStream.java:25) ~[neoforge-20.3.8-beta.jar%23183!/:?]
	at java.io.DataInputStream.readUnsignedByte(DataInputStream.java:288) ~[?:?]
	at java.io.DataInputStream.readByte(DataInputStream.java:268) ~[?:?]
	at net.minecraft.nbt.NbtIo.parse(NbtIo.java:128) ~[neoforge-20.3.8-beta.jar%23183!/:?]
	at net.minecraft.world.level.chunk.storage.RegionFileStorage.scanChunk(RegionFileStorage.java:68) ~[neoforge-20.3.8-beta.jar%23183!/:?]
	at net.minecraft.world.level.chunk.storage.IOWorker.lambda$scanChunk$12(IOWorker.java:184) ~[neoforge-20.3.8-beta.jar%23183!/:?]
	at net.minecraft.world.level.chunk.storage.IOWorker.lambda$submitTask$13(IOWorker.java:198) ~[neoforge-20.3.8-beta.jar%23183!/:?]
	at net.minecraft.util.thread.StrictQueue$IntRunnable.run(StrictQueue.java:77) ~[neoforge-20.3.8-beta.jar%23183!/:?]
	at net.minecraft.util.thread.ProcessorMailbox.pollTask(ProcessorMailbox.java:85) ~[neoforge-20.3.8-beta.jar%23183!/:?]
	at net.minecraft.util.thread.ProcessorMailbox.pollUntil(ProcessorMailbox.java:133) ~[neoforge-20.3.8-beta.jar%23183!/:?]
	at net.minecraft.util.thread.ProcessorMailbox.run(ProcessorMailbox.java:94) ~[neoforge-20.3.8-beta.jar%23183!/:?]
	at java.util.concurrent.ThreadPoolExecutor.runWorker(ThreadPoolExecutor.java:1136) ~[?:?]
	at java.util.concurrent.ThreadPoolExecutor$Worker.run(ThreadPoolExecutor.java:635) ~[?:?]
	at java.lang.Thread.run(Thread.java:840) ~[?:?]
[27Nov2025 12:50:57.703] [IO-Worker-3/WARN] [net.minecraft.world.level.chunk.storage.RegionFile/]: Chunk has both internal and external streams
[27Nov2025 12:50:57.705] [IO-Worker-3/ERROR] [net.minecraft.world.level.chunk.storage.RegionFile/]: External chunk path .\saves\New World\region\c.15.-7.mcc is not file
[27Nov2025 12:50:57.705] [IO-Worker-4/WARN] [net.minecraft.world.level.chunk.storage.RegionFile/]: Chunk has both internal and external streams
[27Nov2025 12:50:57.705] [IO-Worker-4/ERROR] [net.minecraft.world.level.chunk.storage.RegionFile/]: External chunk path .\saves\New World\region\c.16.-7.mcc is not file
[27Nov2025 12:50:57.705] [IO-Worker-3/WARN] [net.minecraft.world.level.chunk.storage.RegionFile/]: Chunk has both internal and external streams
[27Nov2025 12:50:57.705] [IO-Worker-3/ERROR] [net.minecraft.world.level.chunk.storage.RegionFile/]: External chunk path .\saves\New World\region\c.17.-7.mcc is not file
[27Nov2025 12:50:57.707] [IO-Worker-4/WARN] [net.minecraft.world.level.chunk.storage.RegionFile/]: Chunk has both internal and external streams
[27Nov2025 12:50:57.707] [IO-Worker-4/ERROR] [net.minecraft.world.level.chunk.storage.RegionFile/]: External chunk path .\saves\New World\region\c.18.-7.mcc is not file
[27Nov2025 12:50:57.707] [IO-Worker-3/ERROR] [net.minecraft.world.level.chunk.storage.RegionFile/]: Chunk [19, -7] stream is truncated: expected 2023550358 but read 4091
[27Nov2025 12:50:57.710] [IO-Worker-3/ERROR] [net.minecraft.world.level.chunk.storage.RegionFile/]: Chunk [15, -6] stream is truncated: expected 2023550359 but read 4091
[27Nov2025 12:50:57.710] [IO-Worker-4/ERROR] [net.minecraft.world.level.chunk.storage.RegionFile/]: Chunk [16, -6] stream is truncated: expected 2023550359 but read 4091
[27Nov2025 12:50:57.710] [IO-Worker-3/WARN] [net.minecraft.world.level.chunk.storage.RegionFile/]: Chunk has both internal and external streams
[27Nov2025 12:50:57.710] [IO-Worker-3/ERROR] [net.minecraft.world.level.chunk.storage.RegionFile/]: External chunk path .\saves\New World\region\c.17.-6.mcc is not file
[27Nov2025 12:50:57.710] [IO-Worker-4/WARN] [net.minecraft.world.level.chunk.storage.RegionFile/]: Chunk has both internal and external streams
[27Nov2025 12:50:57.710] [IO-Worker-4/ERROR] [net.minecraft.world.level.chunk.storage.RegionFile/]: External chunk path .\saves\New World\region\c.18.-6.mcc is not file
[27Nov2025 12:50:57.710] [IO-Worker-3/WARN] [net.minecraft.world.level.chunk.storage.RegionFile/]: Chunk has both internal and external streams
[27Nov2025 12:50:57.711] [IO-Worker-3/ERROR] [net.minecraft.world.level.chunk.storage.RegionFile/]: External chunk path .\saves\New World\region\c.19.-6.mcc is not file
[27Nov2025 12:50:57.713] [IO-Worker-3/WARN] [net.minecraft.world.level.chunk.storage.RegionFile/]: Chunk has both internal and external streams
[27Nov2025 12:50:57.715] [IO-Worker-3/ERROR] [net.minecraft.world.level.chunk.storage.RegionFile/]: External chunk path .\saves\New World\region\c.17.-5.mcc is not file
[27Nov2025 12:50:57.715] [IO-Worker-3/WARN] [net.minecraft.world.level.chunk.storage.RegionFile/]: Chunk has both internal and external streams
[27Nov2025 12:50:57.715] [IO-Worker-3/ERROR] [net.minecraft.world.level.chunk.storage.RegionFile/]: External chunk path .\saves\New World\region\c.18.-5.mcc is not file
[27Nov2025 12:50:57.715] [IO-Worker-4/WARN] [net.minecraft.world.level.chunk.storage.RegionFile/]: Chunk has both internal and external streams
[27Nov2025 12:50:57.715] [IO-Worker-4/ERROR] [net.minecraft.world.level.chunk.storage.RegionFile/]: External chunk path .\saves\New World\region\c.19.-5.mcc is not file
[27Nov2025 12:50:57.720] [IO-Worker-3/WARN] [net.minecraft.world.level.chunk.storage.RegionFile/]: Chunk has both internal and external streams
[27Nov2025 12:50:57.720] [IO-Worker-3/ERROR] [net.minecraft.world.level.chunk.storage.RegionFile/]: External chunk path .\saves\New World\region\c.15.-4.mcc is not file
[27Nov2025 12:50:57.720] [IO-Worker-4/WARN] [net.minecraft.world.level.chunk.storage.RegionFile/]: Chunk has both internal and external streams
[27Nov2025 12:50:57.721] [IO-Worker-4/ERROR] [net.minecraft.world.level.chunk.storage.RegionFile/]: External chunk path .\saves\New World\region\c.16.-4.mcc is not file
[27Nov2025 12:50:57.721] [IO-Worker-4/WARN] [net.minecraft.world.level.chunk.storage.RegionFile/]: Chunk has both internal and external streams
[27Nov2025 12:50:57.721] [IO-Worker-4/ERROR] [net.minecraft.world.level.chunk.storage.RegionFile/]: External chunk path .\saves\New World\region\c.18.-4.mcc is not file
[27Nov2025 12:50:57.725] [IO-Worker-3/WARN] [net.minecraft.world.level.chunk.storage.RegionFile/]: Chunk has both internal and external streams
[27Nov2025 12:50:57.725] [IO-Worker-3/ERROR] [net.minecraft.world.level.chunk.storage.RegionFile/]: External chunk path .\saves\New World\region\c.15.-3.mcc is not file
[27Nov2025 12:50:57.725] [IO-Worker-3/WARN] [net.minecraft.world.level.chunk.storage.RegionFile/]: Chunk has both internal and external streams
[27Nov2025 12:50:57.725] [IO-Worker-3/ERROR] [net.minecraft.world.level.chunk.storage.RegionFile/]: External chunk path .\saves\New World\region\c.16.-3.mcc is not file
[27Nov2025 12:50:57.725] [IO-Worker-3/ERROR] [net.minecraft.world.level.chunk.storage.RegionFile/]: Chunk [17, -3] stream is truncated: expected 104449 but read 4091
[27Nov2025 12:50:57.725] [IO-Worker-3/WARN] [net.minecraft.world.level.chunk.storage.RegionFile/]: Chunk has both internal and external streams
[27Nov2025 12:50:57.725] [IO-Worker-3/ERROR] [net.minecraft.world.level.chunk.storage.RegionFile/]: External chunk path .\saves\New World\region\c.18.-3.mcc is not file
[27Nov2025 12:50:57.725] [IO-Worker-3/WARN] [net.minecraft.world.level.chunk.storage.RegionFile/]: Chunk has both internal and external streams
[27Nov2025 12:50:57.725] [IO-Worker-3/ERROR] [net.minecraft.world.level.chunk.storage.RegionFile/]: External chunk path .\saves\New World\region\c.19.-3.mcc is not file
[27Nov2025 12:50:57.729] [IO-Worker-3/WARN] [net.minecraft.world.level.chunk.storage.RegionFile/]: Chunk has both internal and external streams
[27Nov2025 12:50:57.729] [IO-Worker-3/ERROR] [net.minecraft.world.level.chunk.storage.RegionFile/]: External chunk path .\saves\New World\region\c.16.-2.mcc is not file
[27Nov2025 12:50:57.729] [IO-Worker-3/WARN] [net.minecraft.world.level.chunk.storage.RegionFile/]: Chunk has both internal and external streams
[27Nov2025 12:50:57.730] [IO-Worker-3/ERROR] [net.minecraft.world.level.chunk.storage.RegionFile/]: External chunk path .\saves\New World\region\c.17.-2.mcc is not file
[27Nov2025 12:50:57.730] [IO-Worker-3/WARN] [net.minecraft.world.level.chunk.storage.RegionFile/]: Chunk has both internal and external streams
[27Nov2025 12:50:57.730] [IO-Worker-3/ERROR] [net.minecraft.world.level.chunk.storage.RegionFile/]: External chunk path .\saves\New World\region\c.19.-2.mcc is not file
[27Nov2025 12:50:57.731] [IO-Worker-4/ERROR] [net.minecraft.world.level.chunk.storage.RegionFile/]: Chunk [0, -1] stream is truncated: expected 2023550361 but read 4086
[27Nov2025 12:50:57.733] [IO-Worker-4/ERROR] [net.minecraft.world.level.chunk.storage.RegionFile/]: Chunk [15, -1] stream is truncated: expected 2023550359 but read 4091
[27Nov2025 12:50:57.733] [IO-Worker-4/WARN] [net.minecraft.world.level.chunk.storage.RegionFile/]: Chunk has both internal and external streams
[27Nov2025 12:50:57.733] [IO-Worker-4/ERROR] [net.minecraft.world.level.chunk.storage.RegionFile/]: External chunk path .\saves\New World\region\c.17.-1.mcc is not file
[27Nov2025 12:50:57.733] [IO-Worker-3/WARN] [net.minecraft.world.level.chunk.storage.RegionFile/]: Chunk has both internal and external streams
[27Nov2025 12:50:57.733] [IO-Worker-3/ERROR] [net.minecraft.world.level.chunk.storage.RegionFile/]: External chunk path .\saves\New World\region\c.18.-1.mcc is not file
[27Nov2025 12:50:57.733] [IO-Worker-3/WARN] [net.minecraft.world.level.chunk.storage.RegionFile/]: Chunk has both internal and external streams
[27Nov2025 12:50:57.733] [IO-Worker-3/ERROR] [net.minecraft.world.level.chunk.storage.RegionFile/]: External chunk path .\saves\New World\region\c.19.-1.mcc is not file
[27Nov2025 12:50:57.735] [IO-Worker-2/WARN] [net.minecraft.world.level.chunk.storage.RegionFile/]: Chunk has both internal and external streams
[27Nov2025 12:50:57.735] [IO-Worker-2/ERROR] [net.minecraft.world.level.chunk.storage.RegionFile/]: External chunk path .\saves\New World\region\c.0.0.mcc is not file
[27Nov2025 12:50:57.737] [IO-Worker-3/WARN] [net.minecraft.world.level.chunk.storage.RegionFile/]: Chunk has both internal and external streams
[27Nov2025 12:50:57.737] [IO-Worker-3/ERROR] [net.minecraft.world.level.chunk.storage.RegionFile/]: External chunk path .\saves\New World\region\c.15.0.mcc is not file
[27Nov2025 12:50:57.737] [IO-Worker-2/WARN] [net.minecraft.world.level.chunk.storage.RegionFile/]: Chunk has both internal and external streams
[27Nov2025 12:50:57.737] [IO-Worker-2/ERROR] [net.minecraft.world.level.chunk.storage.RegionFile/]: External chunk path .\saves\New World\region\c.17.0.mcc is not file
[27Nov2025 12:50:57.738] [IO-Worker-3/WARN] [net.minecraft.world.level.chunk.storage.RegionFile/]: Chunk has both internal and external streams
[27Nov2025 12:50:57.738] [IO-Worker-3/ERROR] [net.minecraft.world.level.chunk.storage.RegionFile/]: External chunk path .\saves\New World\region\c.18.0.mcc is not file
[27Nov2025 12:50:57.738] [IO-Worker-2/WARN] [net.minecraft.world.level.chunk.storage.RegionFile/]: Chunk has both internal and external streams
[27Nov2025 12:50:57.738] [IO-Worker-2/ERROR] [net.minecraft.world.level.chunk.storage.RegionFile/]: External chunk path .\saves\New World\region\c.19.0.mcc is not file
[27Nov2025 12:50:57.738] [IO-Worker-2/WARN] [net.minecraft.world.level.chunk.storage.RegionFile/]: Chunk has both internal and external streams
[27Nov2025 12:50:57.738] [IO-Worker-2/ERROR] [net.minecraft.world.level.chunk.storage.RegionFile/]: External chunk path .\saves\New World\region\c.21.0.mcc is not file
[27Nov2025 12:50:57.740] [IO-Worker-3/WARN] [net.minecraft.world.level.chunk.storage.RegionFile/]: Chunk has both internal and external streams
[27Nov2025 12:50:57.740] [IO-Worker-3/ERROR] [net.minecraft.world.level.chunk.storage.RegionFile/]: External chunk path .\saves\New World\region\c.25.0.mcc is not file
[27Nov2025 12:50:57.743] [IO-Worker-2/WARN] [net.minecraft.world.level.chunk.storage.RegionFile/]: Chunk has both internal and external streams
[27Nov2025 12:50:57.743] [IO-Worker-2/ERROR] [net.minecraft.world.level.chunk.storage.RegionFile/]: External chunk path .\saves\New World\region\c.15.1.mcc is not file
[27Nov2025 12:50:57.743] [IO-Worker-2/WARN] [net.minecraft.world.level.chunk.storage.RegionFile/]: Chunk has both internal and external streams
[27Nov2025 12:50:57.743] [IO-Worker-2/ERROR] [net.minecraft.world.level.chunk.storage.RegionFile/]: External chunk path .\saves\New World\region\c.16.1.mcc is not file
[27Nov2025 12:50:57.744] [IO-Worker-3/WARN] [net.minecraft.world.level.chunk.storage.RegionFile/]: Chunk has both internal and external streams
[27Nov2025 12:50:57.744] [IO-Worker-3/ERROR] [net.minecraft.world.level.chunk.storage.RegionFile/]: External chunk path .\saves\New World\region\c.19.1.mcc is not file
[27Nov2025 12:50:57.747] [IO-Worker-2/WARN] [net.minecraft.world.level.chunk.storage.RegionFile/]: Chunk has both internal and external streams
[27Nov2025 12:50:57.747] [IO-Worker-2/ERROR] [net.minecraft.world.level.chunk.storage.RegionFile/]: External chunk path .\saves\New World\region\c.15.2.mcc is not file
[27Nov2025 12:50:57.747] [IO-Worker-2/WARN] [net.minecraft.world.level.chunk.storage.RegionFile/]: Chunk has both internal and external streams
[27Nov2025 12:50:57.747] [IO-Worker-2/ERROR] [net.minecraft.world.level.chunk.storage.RegionFile/]: External chunk path .\saves\New World\region\c.16.2.mcc is not file
[27Nov2025 12:50:57.747] [IO-Worker-3/WARN] [net.minecraft.world.level.chunk.storage.RegionFile/]: Chunk has both internal and external streams
[27Nov2025 12:50:57.747] [IO-Worker-3/ERROR] [net.minecraft.world.level.chunk.storage.RegionFile/]: External chunk path .\saves\New World\region\c.17.2.mcc is not file
[27Nov2025 12:50:57.747] [IO-Worker-3/WARN] [net.minecraft.world.level.chunk.storage.RegionFile/]: Chunk has both internal and external streams
[27Nov2025 12:50:57.747] [IO-Worker-3/ERROR] [net.minecraft.world.level.chunk.storage.RegionFile/]: External chunk path .\saves\New World\region\c.18.2.mcc is not file
[27Nov2025 12:50:57.748] [IO-Worker-3/WARN] [net.minecraft.world.level.chunk.storage.RegionFile/]: Chunk has both internal and external streams
[27Nov2025 12:50:57.748] [IO-Worker-3/ERROR] [net.minecraft.world.level.chunk.storage.RegionFile/]: External chunk path .\saves\New World\region\c.19.2.mcc is not file
[27Nov2025 12:50:57.748] [IO-Worker-3/WARN] [net.minecraft.world.level.chunk.storage.RegionFile/]: Chunk has both internal and external streams
[27Nov2025 12:50:57.748] [IO-Worker-3/ERROR] [net.minecraft.world.level.chunk.storage.RegionFile/]: External chunk path .\saves\New World\region\c.20.2.mcc is not file
[27Nov2025 12:50:57.748] [IO-Worker-3/WARN] [net.minecraft.world.level.chunk.storage.RegionFile/]: Chunk has both internal and external streams
[27Nov2025 12:50:57.748] [IO-Worker-3/ERROR] [net.minecraft.world.level.chunk.storage.RegionFile/]: External chunk path .\saves\New World\region\c.21.2.mcc is not file
[27Nov2025 12:50:57.748] [IO-Worker-3/WARN] [net.minecraft.world.level.chunk.storage.RegionFile/]: Chunk has both internal and external streams
[27Nov2025 12:50:57.748] [IO-Worker-3/ERROR] [net.minecraft.world.level.chunk.storage.RegionFile/]: External chunk path .\saves\New World\region\c.22.2.mcc is not file
[27Nov2025 12:50:57.749] [IO-Worker-3/WARN] [net.minecraft.world.level.chunk.storage.RegionFile/]: Chunk has both internal and external streams
[27Nov2025 12:50:57.749] [IO-Worker-3/ERROR] [net.minecraft.world.level.chunk.storage.RegionFile/]: External chunk path .\saves\New World\region\c.23.2.mcc is not file
[27Nov2025 12:50:57.752] [IO-Worker-3/WARN] [net.minecraft.world.level.chunk.storage.RegionFile/]: Chunk has both internal and external streams
[27Nov2025 12:50:57.752] [IO-Worker-3/ERROR] [net.minecraft.world.level.chunk.storage.RegionFile/]: External chunk path .\saves\New World\region\c.15.3.mcc is not file
[27Nov2025 12:50:57.752] [IO-Worker-2/WARN] [net.minecraft.world.level.chunk.storage.RegionFile/]: Chunk has both internal and external streams
[27Nov2025 12:50:57.753] [IO-Worker-2/ERROR] [net.minecraft.world.level.chunk.storage.RegionFile/]: External chunk path .\saves\New World\region\c.16.3.mcc is not file
[27Nov2025 12:50:57.753] [IO-Worker-3/WARN] [net.minecraft.world.level.chunk.storage.RegionFile/]: Chunk has both internal and external streams
[27Nov2025 12:50:57.753] [IO-Worker-3/ERROR] [net.minecraft.world.level.chunk.storage.RegionFile/]: External chunk path .\saves\New World\region\c.17.3.mcc is not file
[27Nov2025 12:50:57.754] [IO-Worker-2/WARN] [net.minecraft.world.level.chunk.storage.RegionFile/]: Chunk has both internal and external streams
[27Nov2025 12:50:57.754] [IO-Worker-2/ERROR] [net.minecraft.world.level.chunk.storage.RegionFile/]: External chunk path .\saves\New World\region\c.18.3.mcc is not file
[27Nov2025 12:50:57.755] [IO-Worker-3/WARN] [net.minecraft.world.level.chunk.storage.RegionFile/]: Chunk has both internal and external streams
[27Nov2025 12:50:57.755] [IO-Worker-3/ERROR] [net.minecraft.world.level.chunk.storage.RegionFile/]: External chunk path .\saves\New World\region\c.19.3.mcc is not file
[27Nov2025 12:50:57.755] [IO-Worker-2/WARN] [net.minecraft.world.level.chunk.storage.RegionFile/]: Chunk has both internal and external streams
[27Nov2025 12:50:57.755] [IO-Worker-2/ERROR] [net.minecraft.world.level.chunk.storage.RegionFile/]: External chunk path .\saves\New World\region\c.24.3.mcc is not file
[27Nov2025 12:50:57.758] [IO-Worker-2/WARN] [net.minecraft.world.level.chunk.storage.RegionFile/]: Chunk has both internal and external streams
[27Nov2025 12:50:57.758] [IO-Worker-2/ERROR] [net.minecraft.world.level.chunk.storage.RegionFile/]: External chunk path .\saves\New World\region\c.15.4.mcc is not file
[27Nov2025 12:50:57.758] [IO-Worker-2/WARN] [net.minecraft.world.level.chunk.storage.RegionFile/]: Chunk has both internal and external streams
[27Nov2025 12:50:57.758] [IO-Worker-2/ERROR] [net.minecraft.world.level.chunk.storage.RegionFile/]: External chunk path .\saves\New World\region\c.16.4.mcc is not file
[27Nov2025 12:50:57.759] [IO-Worker-3/WARN] [net.minecraft.world.level.chunk.storage.RegionFile/]: Chunk has both internal and external streams
[27Nov2025 12:50:57.759] [IO-Worker-3/ERROR] [net.minecraft.world.level.chunk.storage.RegionFile/]: External chunk path .\saves\New World\region\c.17.4.mcc is not file
[27Nov2025 12:50:57.759] [IO-Worker-2/WARN] [net.minecraft.world.level.chunk.storage.RegionFile/]: Chunk has both internal and external streams
[27Nov2025 12:50:57.759] [IO-Worker-2/ERROR] [net.minecraft.world.level.chunk.storage.RegionFile/]: External chunk path .\saves\New World\region\c.18.4.mcc is not file
[27Nov2025 12:50:57.759] [IO-Worker-3/WARN] [net.minecraft.world.level.chunk.storage.RegionFile/]: Chunk has both internal and external streams
[27Nov2025 12:50:57.759] [IO-Worker-3/ERROR] [net.minecraft.world.level.chunk.storage.RegionFile/]: External chunk path .\saves\New World\region\c.19.4.mcc is not file
[27Nov2025 12:50:57.759] [IO-Worker-2/WARN] [net.minecraft.world.level.chunk.storage.RegionFile/]: Chunk has both internal and external streams
[27Nov2025 12:50:57.760] [IO-Worker-2/ERROR] [net.minecraft.world.level.chunk.storage.RegionFile/]: External chunk path .\saves\New World\region\c.22.4.mcc is not file
[27Nov2025 12:50:57.760] [IO-Worker-3/WARN] [net.minecraft.world.level.chunk.storage.RegionFile/]: Chunk has both internal and external streams
[27Nov2025 12:50:57.761] [IO-Worker-3/ERROR] [net.minecraft.world.level.chunk.storage.RegionFile/]: External chunk path .\saves\New World\region\c.23.4.mcc is not file
[27Nov2025 12:50:57.763] [IO-Worker-3/WARN] [net.minecraft.world.level.chunk.storage.RegionFile/]: Chunk has both internal and external streams
[27Nov2025 12:50:57.763] [IO-Worker-3/ERROR] [net.minecraft.world.level.chunk.storage.RegionFile/]: External chunk path .\saves\New World\region\c.15.5.mcc is not file
[27Nov2025 12:50:57.763] [IO-Worker-3/WARN] [net.minecraft.world.level.chunk.storage.RegionFile/]: Chunk has both internal and external streams
[27Nov2025 12:50:57.763] [IO-Worker-3/ERROR] [net.minecraft.world.level.chunk.storage.RegionFile/]: External chunk path .\saves\New World\region\c.16.5.mcc is not file
[27Nov2025 12:50:57.763] [IO-Worker-2/WARN] [net.minecraft.world.level.chunk.storage.RegionFile/]: Chunk has both internal and external streams
[27Nov2025 12:50:57.763] [IO-Worker-2/ERROR] [net.minecraft.world.level.chunk.storage.RegionFile/]: External chunk path .\saves\New World\region\c.17.5.mcc is not file
[27Nov2025 12:50:57.763] [IO-Worker-2/WARN] [net.minecraft.world.level.chunk.storage.RegionFile/]: Chunk has both internal and external streams
[27Nov2025 12:50:57.763] [IO-Worker-2/ERROR] [net.minecraft.world.level.chunk.storage.RegionFile/]: External chunk path .\saves\New World\region\c.18.5.mcc is not file
[27Nov2025 12:50:57.763] [IO-Worker-3/WARN] [net.minecraft.world.level.chunk.storage.RegionFile/]: Chunk has both internal and external streams
[27Nov2025 12:50:57.763] [IO-Worker-3/ERROR] [net.minecraft.world.level.chunk.storage.RegionFile/]: External chunk path .\saves\New World\region\c.19.5.mcc is not file
[27Nov2025 12:50:57.765] [IO-Worker-2/WARN] [net.minecraft.world.level.chunk.storage.RegionFile/]: Chunk has both internal and external streams
[27Nov2025 12:50:57.765] [IO-Worker-2/ERROR] [net.minecraft.world.level.chunk.storage.RegionFile/]: External chunk path .\saves\New World\region\c.21.5.mcc is not file
[27Nov2025 12:50:57.766] [IO-Worker-3/WARN] [net.minecraft.world.level.chunk.storage.RegionFile/]: Chunk has both internal and external streams
[27Nov2025 12:50:57.766] [IO-Worker-3/ERROR] [net.minecraft.world.level.chunk.storage.RegionFile/]: External chunk path .\saves\New World\region\c.25.5.mcc is not file
[27Nov2025 12:50:57.769] [IO-Worker-2/WARN] [net.minecraft.world.level.chunk.storage.RegionFile/]: Chunk has both internal and external streams
[27Nov2025 12:50:57.770] [IO-Worker-2/ERROR] [net.minecraft.world.level.chunk.storage.RegionFile/]: External chunk path .\saves\New World\region\c.15.6.mcc is not file
[27Nov2025 12:50:57.770] [IO-Worker-3/WARN] [net.minecraft.world.level.chunk.storage.RegionFile/]: Chunk has both internal and external streams
[27Nov2025 12:50:57.770] [IO-Worker-3/ERROR] [net.minecraft.world.level.chunk.storage.RegionFile/]: External chunk path .\saves\New World\region\c.16.6.mcc is not file
[27Nov2025 12:50:57.770] [IO-Worker-2/WARN] [net.minecraft.world.level.chunk.storage.RegionFile/]: Chunk has both internal and external streams
[27Nov2025 12:50:57.771] [IO-Worker-2/ERROR] [net.minecraft.world.level.chunk.storage.RegionFile/]: External chunk path .\saves\New World\region\c.17.6.mcc is not file
[27Nov2025 12:50:57.771] [IO-Worker-3/WARN] [net.minecraft.world.level.chunk.storage.RegionFile/]: Chunk has both internal and external streams
[27Nov2025 12:50:57.771] [IO-Worker-3/ERROR] [net.minecraft.world.level.chunk.storage.RegionFile/]: External chunk path .\saves\New World\region\c.18.6.mcc is not file
[27Nov2025 12:50:57.771] [IO-Worker-2/WARN] [net.minecraft.world.level.chunk.storage.RegionFile/]: Chunk has both internal and external streams
[27Nov2025 12:50:57.772] [IO-Worker-2/ERROR] [net.minecraft.world.level.chunk.storage.RegionFile/]: External chunk path .\saves\New World\region\c.19.6.mcc is not file
[27Nov2025 12:50:57.772] [IO-Worker-3/WARN] [net.minecraft.world.level.chunk.storage.RegionFile/]: Chunk has both internal and external streams
[27Nov2025 12:50:57.772] [IO-Worker-3/ERROR] [net.minecraft.world.level.chunk.storage.RegionFile/]: External chunk path .\saves\New World\region\c.20.6.mcc is not file
[27Nov2025 12:50:57.772] [IO-Worker-3/WARN] [net.minecraft.world.level.chunk.storage.RegionFile/]: Chunk has both internal and external streams
[27Nov2025 12:50:57.772] [IO-Worker-3/ERROR] [net.minecraft.world.level.chunk.storage.RegionFile/]: External chunk path .\saves\New World\region\c.21.6.mcc is not file
[27Nov2025 12:50:57.773] [IO-Worker-3/WARN] [net.minecraft.world.level.chunk.storage.RegionFile/]: Chunk has both internal and external streams
[27Nov2025 12:50:57.773] [IO-Worker-3/ERROR] [net.minecraft.world.level.chunk.storage.RegionFile/]: External chunk path .\saves\New World\region\c.23.6.mcc is not file
[27Nov2025 12:50:57.776] [IO-Worker-3/WARN] [net.minecraft.world.level.chunk.storage.RegionFile/]: Chunk has both internal and external streams
[27Nov2025 12:50:57.776] [IO-Worker-3/ERROR] [net.minecraft.world.level.chunk.storage.RegionFile/]: External chunk path .\saves\New World\region\c.15.7.mcc is not file
[27Nov2025 12:50:57.776] [IO-Worker-2/WARN] [net.minecraft.world.level.chunk.storage.RegionFile/]: Chunk has both internal and external streams
[27Nov2025 12:50:57.776] [IO-Worker-2/ERROR] [net.minecraft.world.level.chunk.storage.RegionFile/]: External chunk path .\saves\New World\region\c.16.7.mcc is not file
[27Nov2025 12:50:57.776] [IO-Worker-3/WARN] [net.minecraft.world.level.chunk.storage.RegionFile/]: Chunk has both internal and external streams
[27Nov2025 12:50:57.777] [IO-Worker-3/ERROR] [net.minecraft.world.level.chunk.storage.RegionFile/]: External chunk path .\saves\New World\region\c.17.7.mcc is not file
[27Nov2025 12:50:57.777] [IO-Worker-2/WARN] [net.minecraft.world.level.chunk.storage.RegionFile/]: Chunk has both internal and external streams
[27Nov2025 12:50:57.777] [IO-Worker-2/ERROR] [net.minecraft.world.level.chunk.storage.RegionFile/]: External chunk path .\saves\New World\region\c.18.7.mcc is not file
[27Nov2025 12:50:57.777] [IO-Worker-3/WARN] [net.minecraft.world.level.chunk.storage.RegionFile/]: Chunk has both internal and external streams
[27Nov2025 12:50:57.777] [IO-Worker-3/ERROR] [net.minecraft.world.level.chunk.storage.RegionFile/]: External chunk path .\saves\New World\region\c.19.7.mcc is not file
[27Nov2025 12:50:57.777] [IO-Worker-2/WARN] [net.minecraft.world.level.chunk.storage.RegionFile/]: Chunk has both internal and external streams
[27Nov2025 12:50:57.777] [IO-Worker-2/ERROR] [net.minecraft.world.level.chunk.storage.RegionFile/]: External chunk path .\saves\New World\region\c.20.7.mcc is not file
[27Nov2025 12:50:57.778] [IO-Worker-3/WARN] [net.minecraft.world.level.chunk.storage.RegionFile/]: Chunk has both internal and external streams
[27Nov2025 12:50:57.778] [IO-Worker-3/ERROR] [net.minecraft.world.level.chunk.storage.RegionFile/]: External chunk path .\saves\New World\region\c.21.7.mcc is not file
[27Nov2025 12:50:57.778] [IO-Worker-2/WARN] [net.minecraft.world.level.chunk.storage.RegionFile/]: Chunk has both internal and external streams
[27Nov2025 12:50:57.778] [IO-Worker-2/ERROR] [net.minecraft.world.level.chunk.storage.RegionFile/]: External chunk path .\saves\New World\region\c.22.7.mcc is not file
[27Nov2025 12:50:57.779] [IO-Worker-3/WARN] [net.minecraft.world.level.chunk.storage.RegionFile/]: Chunk has both internal and external streams
[27Nov2025 12:50:57.779] [IO-Worker-3/ERROR] [net.minecraft.world.level.chunk.storage.RegionFile/]: External chunk path .\saves\New World\region\c.25.7.mcc is not file
[27Nov2025 12:50:57.781] [IO-Worker-3/WARN] [net.minecraft.world.level.chunk.storage.RegionFile/]: Chunk has both internal and external streams
[27Nov2025 12:50:57.781] [IO-Worker-3/ERROR] [net.minecraft.world.level.chunk.storage.RegionFile/]: External chunk path .\saves\New World\region\c.16.8.mcc is not file
[27Nov2025 12:50:57.781] [IO-Worker-2/WARN] [net.minecraft.world.level.chunk.storage.RegionFile/]: Chunk has both internal and external streams
[27Nov2025 12:50:57.782] [IO-Worker-2/ERROR] [net.minecraft.world.level.chunk.storage.RegionFile/]: External chunk path .\saves\New World\region\c.17.8.mcc is not file
[27Nov2025 12:50:57.782] [IO-Worker-2/WARN] [net.minecraft.world.level.chunk.storage.RegionFile/]: Chunk has both internal and external streams
[27Nov2025 12:50:57.782] [IO-Worker-2/ERROR] [net.minecraft.world.level.chunk.storage.RegionFile/]: External chunk path .\saves\New World\region\c.19.8.mcc is not file
[27Nov2025 12:50:57.782] [IO-Worker-3/WARN] [net.minecraft.world.level.chunk.storage.RegionFile/]: Chunk has both internal and external streams
[27Nov2025 12:50:57.782] [IO-Worker-3/ERROR] [net.minecraft.world.level.chunk.storage.RegionFile/]: External chunk path .\saves\New World\region\c.20.8.mcc is not file
[27Nov2025 12:50:57.783] [IO-Worker-3/ERROR] [net.minecraft.world.level.chunk.storage.RegionFile/]: Chunk [24, 8] stream is truncated: expected 104449 but read 4091
[27Nov2025 12:50:57.786] [IO-Worker-2/WARN] [net.minecraft.world.level.chunk.storage.RegionFile/]: Chunk has both internal and external streams
[27Nov2025 12:50:57.786] [IO-Worker-2/ERROR] [net.minecraft.world.level.chunk.storage.RegionFile/]: External chunk path .\saves\New World\region\c.15.9.mcc is not file
[27Nov2025 12:50:57.786] [IO-Worker-3/WARN] [net.minecraft.world.level.chunk.storage.RegionFile/]: Chunk has both internal and external streams
[27Nov2025 12:50:57.786] [IO-Worker-3/ERROR] [net.minecraft.world.level.chunk.storage.RegionFile/]: External chunk path .\saves\New World\region\c.16.9.mcc is not file
[27Nov2025 12:50:57.787] [IO-Worker-2/WARN] [net.minecraft.world.level.chunk.storage.RegionFile/]: Chunk has both internal and external streams
[27Nov2025 12:50:57.787] [IO-Worker-2/ERROR] [net.minecraft.world.level.chunk.storage.RegionFile/]: External chunk path .\saves\New World\region\c.17.9.mcc is not file
[27Nov2025 12:50:57.787] [IO-Worker-3/WARN] [net.minecraft.world.level.chunk.storage.RegionFile/]: Chunk has both internal and external streams
[27Nov2025 12:50:57.787] [IO-Worker-3/ERROR] [net.minecraft.world.level.chunk.storage.RegionFile/]: External chunk path .\saves\New World\region\c.18.9.mcc is not file
[27Nov2025 12:50:57.787] [IO-Worker-2/WARN] [net.minecraft.world.level.chunk.storage.RegionFile/]: Chunk has both internal and external streams
[27Nov2025 12:50:57.787] [IO-Worker-2/ERROR] [net.minecraft.world.level.chunk.storage.RegionFile/]: External chunk path .\saves\New World\region\c.19.9.mcc is not file
[27Nov2025 12:50:57.787] [IO-Worker-3/WARN] [net.minecraft.world.level.chunk.storage.RegionFile/]: Chunk has both internal and external streams
[27Nov2025 12:50:57.788] [IO-Worker-3/ERROR] [net.minecraft.world.level.chunk.storage.RegionFile/]: External chunk path .\saves\New World\region\c.21.9.mcc is not file
[27Nov2025 12:50:57.788] [IO-Worker-2/WARN] [net.minecraft.world.level.chunk.storage.RegionFile/]: Chunk has both internal and external streams
[27Nov2025 12:50:57.788] [IO-Worker-2/ERROR] [net.minecraft.world.level.chunk.storage.RegionFile/]: External chunk path .\saves\New World\region\c.22.9.mcc is not file
[27Nov2025 12:50:57.789] [IO-Worker-3/WARN] [net.minecraft.world.level.chunk.storage.RegionFile/]: Chunk has both internal and external streams
[27Nov2025 12:50:57.789] [IO-Worker-3/ERROR] [net.minecraft.world.level.chunk.storage.RegionFile/]: External chunk path .\saves\New World\region\c.25.9.mcc is not file
[27Nov2025 12:50:57.791] [IO-Worker-3/WARN] [net.minecraft.world.level.chunk.storage.RegionFile/]: Chunk has both internal and external streams
[27Nov2025 12:50:57.791] [IO-Worker-3/ERROR] [net.minecraft.world.level.chunk.storage.RegionFile/]: External chunk path .\saves\New World\region\c.15.10.mcc is not file
[27Nov2025 12:50:57.791] [IO-Worker-2/WARN] [net.minecraft.world.level.chunk.storage.RegionFile/]: Chunk has both internal and external streams
[27Nov2025 12:50:57.791] [IO-Worker-2/ERROR] [net.minecraft.world.level.chunk.storage.RegionFile/]: External chunk path .\saves\New World\region\c.16.10.mcc is not file
[27Nov2025 12:50:57.791] [IO-Worker-3/WARN] [net.minecraft.world.level.chunk.storage.RegionFile/]: Chunk has both internal and external streams
[27Nov2025 12:50:57.791] [IO-Worker-3/ERROR] [net.minecraft.world.level.chunk.storage.RegionFile/]: External chunk path .\saves\New World\region\c.17.10.mcc is not file
[27Nov2025 12:50:57.792] [IO-Worker-2/WARN] [net.minecraft.world.level.chunk.storage.RegionFile/]: Chunk has both internal and external streams
[27Nov2025 12:50:57.792] [IO-Worker-2/ERROR] [net.minecraft.world.level.chunk.storage.RegionFile/]: External chunk path .\saves\New World\region\c.18.10.mcc is not file
[27Nov2025 12:50:57.792] [IO-Worker-3/WARN] [net.minecraft.world.level.chunk.storage.RegionFile/]: Chunk has both internal and external streams
[27Nov2025 12:50:57.792] [IO-Worker-3/ERROR] [net.minecraft.world.level.chunk.storage.RegionFile/]: External chunk path .\saves\New World\region\c.19.10.mcc is not file
[27Nov2025 12:50:57.793] [IO-Worker-2/WARN] [net.minecraft.world.level.chunk.storage.RegionFile/]: Chunk has both internal and external streams
[27Nov2025 12:50:57.793] [IO-Worker-2/ERROR] [net.minecraft.world.level.chunk.storage.RegionFile/]: External chunk path .\saves\New World\region\c.25.10.mcc is not file
[27Nov2025 12:50:57.796] [IO-Worker-2/WARN] [net.minecraft.world.level.chunk.storage.RegionFile/]: Chunk has both internal and external streams
[27Nov2025 12:50:57.797] [IO-Worker-2/ERROR] [net.minecraft.world.level.chunk.storage.RegionFile/]: External chunk path .\saves\New World\region\c.15.11.mcc is not file
[27Nov2025 12:50:57.797] [IO-Worker-3/WARN] [net.minecraft.world.level.chunk.storage.RegionFile/]: Chunk has both internal and external streams
[27Nov2025 12:50:57.797] [IO-Worker-3/ERROR] [net.minecraft.world.level.chunk.storage.RegionFile/]: External chunk path .\saves\New World\region\c.16.11.mcc is not file
[27Nov2025 12:50:57.797] [IO-Worker-2/WARN] [net.minecraft.world.level.chunk.storage.RegionFile/]: Chunk has both internal and external streams
[27Nov2025 12:50:57.797] [IO-Worker-2/ERROR] [net.minecraft.world.level.chunk.storage.RegionFile/]: External chunk path .\saves\New World\region\c.17.11.mcc is not file
[27Nov2025 12:50:57.797] [IO-Worker-3/WARN] [net.minecraft.world.level.chunk.storage.RegionFile/]: Chunk has both internal and external streams
[27Nov2025 12:50:57.797] [IO-Worker-3/ERROR] [net.minecraft.world.level.chunk.storage.RegionFile/]: External chunk path .\saves\New World\region\c.18.11.mcc is not file
[27Nov2025 12:50:57.798] [IO-Worker-2/WARN] [net.minecraft.world.level.chunk.storage.RegionFile/]: Chunk has both internal and external streams
[27Nov2025 12:50:57.798] [IO-Worker-2/ERROR] [net.minecraft.world.level.chunk.storage.RegionFile/]: External chunk path .\saves\New World\region\c.19.11.mcc is not file
[27Nov2025 12:50:57.798] [IO-Worker-3/WARN] [net.minecraft.world.level.chunk.storage.RegionFile/]: Chunk has both internal and external streams
[27Nov2025 12:50:57.798] [IO-Worker-3/ERROR] [net.minecraft.world.level.chunk.storage.RegionFile/]: External chunk path .\saves\New World\region\c.22.11.mcc is not file
[27Nov2025 12:50:57.799] [IO-Worker-2/WARN] [net.minecraft.world.level.chunk.storage.RegionFile/]: Chunk has both internal and external streams
[27Nov2025 12:50:57.799] [IO-Worker-2/ERROR] [net.minecraft.world.level.chunk.storage.RegionFile/]: External chunk path .\saves\New World\region\c.23.11.mcc is not file
[27Nov2025 12:50:57.802] [IO-Worker-3/WARN] [net.minecraft.world.level.chunk.storage.RegionFile/]: Chunk has both internal and external streams
[27Nov2025 12:50:57.802] [IO-Worker-3/ERROR] [net.minecraft.world.level.chunk.storage.RegionFile/]: External chunk path .\saves\New World\region\c.15.12.mcc is not file
[27Nov2025 12:50:57.803] [IO-Worker-2/WARN] [net.minecraft.world.level.chunk.storage.RegionFile/]: Chunk has both internal and external streams
[27Nov2025 12:50:57.803] [IO-Worker-2/ERROR] [net.minecraft.world.level.chunk.storage.RegionFile/]: External chunk path .\saves\New World\region\c.16.12.mcc is not file
[27Nov2025 12:50:57.803] [IO-Worker-3/WARN] [net.minecraft.world.level.chunk.storage.RegionFile/]: Chunk has both internal and external streams
[27Nov2025 12:50:57.803] [IO-Worker-3/ERROR] [net.minecraft.world.level.chunk.storage.RegionFile/]: External chunk path .\saves\New World\region\c.17.12.mcc is not file
[27Nov2025 12:50:57.803] [IO-Worker-2/WARN] [net.minecraft.world.level.chunk.storage.RegionFile/]: Chunk has both internal and external streams
[27Nov2025 12:50:57.803] [IO-Worker-2/ERROR] [net.minecraft.world.level.chunk.storage.RegionFile/]: External chunk path .\saves\New World\region\c.18.12.mcc is not file
[27Nov2025 12:50:57.803] [IO-Worker-3/WARN] [net.minecraft.world.level.chunk.storage.RegionFile/]: Chunk has both internal and external streams
[27Nov2025 12:50:57.803] [IO-Worker-3/ERROR] [net.minecraft.world.level.chunk.storage.RegionFile/]: External chunk path .\saves\New World\region\c.19.12.mcc is not file
[27Nov2025 12:50:57.803] [IO-Worker-2/WARN] [net.minecraft.world.level.chunk.storage.RegionFile/]: Chunk has both internal and external streams
[27Nov2025 12:50:57.803] [IO-Worker-2/ERROR] [net.minecraft.world.level.chunk.storage.RegionFile/]: External chunk path .\saves\New World\region\c.20.12.mcc is not file
[27Nov2025 12:50:57.805] [IO-Worker-2/WARN] [net.minecraft.world.level.chunk.storage.RegionFile/]: Chunk has both internal and external streams
[27Nov2025 12:50:57.805] [IO-Worker-2/ERROR] [net.minecraft.world.level.chunk.storage.RegionFile/]: External chunk path .\saves\New World\region\c.24.12.mcc is not file
[27Nov2025 12:50:57.808] [IO-Worker-3/WARN] [net.minecraft.world.level.chunk.storage.RegionFile/]: Chunk has both internal and external streams
[27Nov2025 12:50:57.808] [IO-Worker-3/ERROR] [net.minecraft.world.level.chunk.storage.RegionFile/]: External chunk path .\saves\New World\region\c.15.13.mcc is not file
[27Nov2025 12:50:57.809] [IO-Worker-2/WARN] [net.minecraft.world.level.chunk.storage.RegionFile/]: Chunk has both internal and external streams
[27Nov2025 12:50:57.810] [IO-Worker-2/ERROR] [net.minecraft.world.level.chunk.storage.RegionFile/]: External chunk path .\saves\New World\region\c.16.13.mcc is not file
[27Nov2025 12:50:57.810] [IO-Worker-3/WARN] [net.minecraft.world.level.chunk.storage.RegionFile/]: Chunk has both internal and external streams
[27Nov2025 12:50:57.810] [IO-Worker-3/ERROR] [net.minecraft.world.level.chunk.storage.RegionFile/]: External chunk path .\saves\New World\region\c.17.13.mcc is not file
[27Nov2025 12:50:57.810] [IO-Worker-2/WARN] [net.minecraft.world.level.chunk.storage.RegionFile/]: Chunk has both internal and external streams
[27Nov2025 12:50:57.810] [IO-Worker-2/ERROR] [net.minecraft.world.level.chunk.storage.RegionFile/]: External chunk path .\saves\New World\region\c.18.13.mcc is not file
[27Nov2025 12:50:57.810] [IO-Worker-3/WARN] [net.minecraft.world.level.chunk.storage.RegionFile/]: Chunk has both internal and external streams
[27Nov2025 12:50:57.810] [IO-Worker-3/ERROR] [net.minecraft.world.level.chunk.storage.RegionFile/]: External chunk path .\saves\New World\region\c.19.13.mcc is not file
[27Nov2025 12:50:57.811] [IO-Worker-3/WARN] [net.minecraft.world.level.chunk.storage.IOWorker/]: Failed to bulk scan chunk [24, 13]
java.util.zip.ZipException: invalid distance too far back
	at java.util.zip.InflaterInputStream.read(InflaterInputStream.java:164) ~[?:?]
	at net.minecraft.util.FastBufferedInputStream.fill(FastBufferedInputStream.java:94) ~[neoforge-20.3.8-beta.jar%23183!/:?]
	at net.minecraft.util.FastBufferedInputStream.read(FastBufferedInputStream.java:25) ~[neoforge-20.3.8-beta.jar%23183!/:?]
	at java.io.DataInputStream.readUnsignedByte(DataInputStream.java:288) ~[?:?]
	at java.io.DataInputStream.readByte(DataInputStream.java:268) ~[?:?]
	at net.minecraft.nbt.NbtIo.parse(NbtIo.java:128) ~[neoforge-20.3.8-beta.jar%23183!/:?]
	at net.minecraft.world.level.chunk.storage.RegionFileStorage.scanChunk(RegionFileStorage.java:68) ~[neoforge-20.3.8-beta.jar%23183!/:?]
	at net.minecraft.world.level.chunk.storage.IOWorker.lambda$scanChunk$12(IOWorker.java:184) ~[neoforge-20.3.8-beta.jar%23183!/:?]
	at net.minecraft.world.level.chunk.storage.IOWorker.lambda$submitTask$13(IOWorker.java:198) ~[neoforge-20.3.8-beta.jar%23183!/:?]
	at net.minecraft.util.thread.StrictQueue$IntRunnable.run(StrictQueue.java:77) ~[neoforge-20.3.8-beta.jar%23183!/:?]
	at net.minecraft.util.thread.ProcessorMailbox.pollTask(ProcessorMailbox.java:85) ~[neoforge-20.3.8-beta.jar%23183!/:?]
	at net.minecraft.util.thread.ProcessorMailbox.pollUntil(ProcessorMailbox.java:133) ~[neoforge-20.3.8-beta.jar%23183!/:?]
	at net.minecraft.util.thread.ProcessorMailbox.run(ProcessorMailbox.java:94) ~[neoforge-20.3.8-beta.jar%23183!/:?]
	at java.util.concurrent.ThreadPoolExecutor.runWorker(ThreadPoolExecutor.java:1136) ~[?:?]
	at java.util.concurrent.ThreadPoolExecutor$Worker.run(ThreadPoolExecutor.java:635) ~[?:?]
	at java.lang.Thread.run(Thread.java:840) ~[?:?]
[27Nov2025 12:50:57.812] [Worker-Main-5/WARN] [net.minecraft.world.level.chunk.storage.IOWorker/]: Failed to scan chunk [24, 13]
java.util.concurrent.CompletionException: java.util.zip.ZipException: invalid distance too far back
	at java.util.concurrent.CompletableFuture.reportJoin(CompletableFuture.java:413) ~[?:?]
	at java.util.concurrent.CompletableFuture.join(CompletableFuture.java:2118) ~[?:?]
	at net.minecraft.world.level.chunk.storage.IOWorker.lambda$createOldDataForRegion$0(IOWorker.java:106) ~[neoforge-20.3.8-beta.jar%23183!/:?]
	at net.minecraft.world.level.ChunkPos$1.tryAdvance(ChunkPos.java:207) ~[neoforge-20.3.8-beta.jar%23183!/:?]
	at java.util.Spliterator.forEachRemaining(Spliterator.java:332) ~[?:?]
	at java.util.stream.ReferencePipeline$Head.forEach(ReferencePipeline.java:762) ~[?:?]
	at net.minecraft.world.level.chunk.storage.IOWorker.lambda$createOldDataForRegion$1(IOWorker.java:99) ~[neoforge-20.3.8-beta.jar%23183!/:?]
	at java.util.concurrent.CompletableFuture$AsyncSupply.run(CompletableFuture.java:1768) ~[?:?]
	at java.util.concurrent.CompletableFuture$AsyncSupply.exec(CompletableFuture.java:1760) ~[?:?]
	at java.util.concurrent.ForkJoinTask.doExec(ForkJoinTask.java:373) ~[?:?]
	at java.util.concurrent.ForkJoinPool$WorkQueue.topLevelExec(ForkJoinPool.java:1182) ~[?:?]
	at java.util.concurrent.ForkJoinPool.scan(ForkJoinPool.java:1655) ~[?:?]
	at java.util.concurrent.ForkJoinPool.runWorker(ForkJoinPool.java:1622) ~[?:?]
	at java.util.concurrent.ForkJoinWorkerThread.run(ForkJoinWorkerThread.java:165) ~[?:?]
Caused by: java.util.zip.ZipException: invalid distance too far back
	at java.util.zip.InflaterInputStream.read(InflaterInputStream.java:164) ~[?:?]
	at net.minecraft.util.FastBufferedInputStream.fill(FastBufferedInputStream.java:94) ~[neoforge-20.3.8-beta.jar%23183!/:?]
	at net.minecraft.util.FastBufferedInputStream.read(FastBufferedInputStream.java:25) ~[neoforge-20.3.8-beta.jar%23183!/:?]
	at java.io.DataInputStream.readUnsignedByte(DataInputStream.java:288) ~[?:?]
	at java.io.DataInputStream.readByte(DataInputStream.java:268) ~[?:?]
	at net.minecraft.nbt.NbtIo.parse(NbtIo.java:128) ~[neoforge-20.3.8-beta.jar%23183!/:?]
	at net.minecraft.world.level.chunk.storage.RegionFileStorage.scanChunk(RegionFileStorage.java:68) ~[neoforge-20.3.8-beta.jar%23183!/:?]
	at net.minecraft.world.level.chunk.storage.IOWorker.lambda$scanChunk$12(IOWorker.java:184) ~[neoforge-20.3.8-beta.jar%23183!/:?]
	at net.minecraft.world.level.chunk.storage.IOWorker.lambda$submitTask$13(IOWorker.java:198) ~[neoforge-20.3.8-beta.jar%23183!/:?]
	at net.minecraft.util.thread.StrictQueue$IntRunnable.run(StrictQueue.java:77) ~[neoforge-20.3.8-beta.jar%23183!/:?]
	at net.minecraft.util.thread.ProcessorMailbox.pollTask(ProcessorMailbox.java:85) ~[neoforge-20.3.8-beta.jar%23183!/:?]
	at net.minecraft.util.thread.ProcessorMailbox.pollUntil(ProcessorMailbox.java:133) ~[neoforge-20.3.8-beta.jar%23183!/:?]
	at net.minecraft.util.thread.ProcessorMailbox.run(ProcessorMailbox.java:94) ~[neoforge-20.3.8-beta.jar%23183!/:?]
	at java.util.concurrent.ThreadPoolExecutor.runWorker(ThreadPoolExecutor.java:1136) ~[?:?]
	at java.util.concurrent.ThreadPoolExecutor$Worker.run(ThreadPoolExecutor.java:635) ~[?:?]
	at java.lang.Thread.run(Thread.java:840) ~[?:?]
[27Nov2025 12:50:57.814] [IO-Worker-2/WARN] [net.minecraft.world.level.chunk.storage.RegionFile/]: Chunk has both internal and external streams
[27Nov2025 12:50:57.814] [IO-Worker-2/ERROR] [net.minecraft.world.level.chunk.storage.RegionFile/]: External chunk path .\saves\New World\region\c.25.13.mcc is not file
[27Nov2025 12:50:57.815] [IO-Worker-3/WARN] [net.minecraft.world.level.chunk.storage.RegionFile/]: Chunk has both internal and external streams
[27Nov2025 12:50:57.815] [IO-Worker-3/ERROR] [net.minecraft.world.level.chunk.storage.RegionFile/]: External chunk path .\saves\New World\region\c.1.14.mcc is not file
[27Nov2025 12:50:57.815] [IO-Worker-3/WARN] [net.minecraft.world.level.chunk.storage.RegionFile/]: Chunk has both internal and external streams
[27Nov2025 12:50:57.815] [IO-Worker-3/ERROR] [net.minecraft.world.level.chunk.storage.RegionFile/]: External chunk path .\saves\New World\region\c.2.14.mcc is not file
[27Nov2025 12:50:57.816] [IO-Worker-2/WARN] [net.minecraft.world.level.chunk.storage.RegionFile/]: Chunk has both internal and external streams
[27Nov2025 12:50:57.816] [IO-Worker-2/ERROR] [net.minecraft.world.level.chunk.storage.RegionFile/]: External chunk path .\saves\New World\region\c.3.14.mcc is not file
[27Nov2025 12:50:57.816] [IO-Worker-3/WARN] [net.minecraft.world.level.chunk.storage.RegionFile/]: Chunk has both internal and external streams
[27Nov2025 12:50:57.816] [IO-Worker-3/ERROR] [net.minecraft.world.level.chunk.storage.RegionFile/]: External chunk path .\saves\New World\region\c.4.14.mcc is not file
[27Nov2025 12:50:57.816] [IO-Worker-2/WARN] [net.minecraft.world.level.chunk.storage.RegionFile/]: Chunk has both internal and external streams
[27Nov2025 12:50:57.817] [IO-Worker-2/ERROR] [net.minecraft.world.level.chunk.storage.RegionFile/]: External chunk path .\saves\New World\region\c.5.14.mcc is not file
[27Nov2025 12:50:57.817] [IO-Worker-3/WARN] [net.minecraft.world.level.chunk.storage.RegionFile/]: Chunk has both internal and external streams
[27Nov2025 12:50:57.817] [IO-Worker-3/ERROR] [net.minecraft.world.level.chunk.storage.RegionFile/]: External chunk path .\saves\New World\region\c.6.14.mcc is not file
[27Nov2025 12:50:57.817] [IO-Worker-2/WARN] [net.minecraft.world.level.chunk.storage.RegionFile/]: Chunk has both internal and external streams
[27Nov2025 12:50:57.817] [IO-Worker-2/ERROR] [net.minecraft.world.level.chunk.storage.RegionFile/]: External chunk path .\saves\New World\region\c.7.14.mcc is not file
[27Nov2025 12:50:57.817] [IO-Worker-3/WARN] [net.minecraft.world.level.chunk.storage.RegionFile/]: Chunk has both internal and external streams
[27Nov2025 12:50:57.817] [IO-Worker-3/ERROR] [net.minecraft.world.level.chunk.storage.RegionFile/]: External chunk path .\saves\New World\region\c.8.14.mcc is not file
[27Nov2025 12:50:57.817] [IO-Worker-2/WARN] [net.minecraft.world.level.chunk.storage.RegionFile/]: Chunk has both internal and external streams
[27Nov2025 12:50:57.817] [IO-Worker-2/ERROR] [net.minecraft.world.level.chunk.storage.RegionFile/]: External chunk path .\saves\New World\region\c.9.14.mcc is not file
[27Nov2025 12:50:57.817] [IO-Worker-3/WARN] [net.minecraft.world.level.chunk.storage.RegionFile/]: Chunk has both internal and external streams
[27Nov2025 12:50:57.817] [IO-Worker-3/ERROR] [net.minecraft.world.level.chunk.storage.RegionFile/]: External chunk path .\saves\New World\region\c.10.14.mcc is not file
[27Nov2025 12:50:57.817] [IO-Worker-2/WARN] [net.minecraft.world.level.chunk.storage.RegionFile/]: Chunk has both internal and external streams
[27Nov2025 12:50:57.818] [IO-Worker-2/ERROR] [net.minecraft.world.level.chunk.storage.RegionFile/]: External chunk path .\saves\New World\region\c.11.14.mcc is not file
[27Nov2025 12:50:57.818] [IO-Worker-3/WARN] [net.minecraft.world.level.chunk.storage.RegionFile/]: Chunk has both internal and external streams
[27Nov2025 12:50:57.818] [IO-Worker-3/ERROR] [net.minecraft.world.level.chunk.storage.RegionFile/]: External chunk path .\saves\New World\region\c.12.14.mcc is not file
[27Nov2025 12:50:57.818] [IO-Worker-2/WARN] [net.minecraft.world.level.chunk.storage.RegionFile/]: Chunk has both internal and external streams
[27Nov2025 12:50:57.818] [IO-Worker-2/ERROR] [net.minecraft.world.level.chunk.storage.RegionFile/]: External chunk path .\saves\New World\region\c.13.14.mcc is not file
[27Nov2025 12:50:57.818] [IO-Worker-3/WARN] [net.minecraft.world.level.chunk.storage.RegionFile/]: Chunk has both internal and external streams
[27Nov2025 12:50:57.818] [IO-Worker-3/ERROR] [net.minecraft.world.level.chunk.storage.RegionFile/]: External chunk path .\saves\New World\region\c.14.14.mcc is not file
[27Nov2025 12:50:57.818] [IO-Worker-2/WARN] [net.minecraft.world.level.chunk.storage.RegionFile/]: Chunk has both internal and external streams
[27Nov2025 12:50:57.818] [IO-Worker-2/ERROR] [net.minecraft.world.level.chunk.storage.RegionFile/]: External chunk path .\saves\New World\region\c.15.14.mcc is not file
[27Nov2025 12:50:57.819] [IO-Worker-3/WARN] [net.minecraft.world.level.chunk.storage.RegionFile/]: Chunk has both internal and external streams
[27Nov2025 12:50:57.819] [IO-Worker-3/ERROR] [net.minecraft.world.level.chunk.storage.RegionFile/]: External chunk path .\saves\New World\region\c.16.14.mcc is not file
[27Nov2025 12:50:57.819] [IO-Worker-2/WARN] [net.minecraft.world.level.chunk.storage.RegionFile/]: Chunk has both internal and external streams
[27Nov2025 12:50:57.819] [IO-Worker-2/ERROR] [net.minecraft.world.level.chunk.storage.RegionFile/]: External chunk path .\saves\New World\region\c.17.14.mcc is not file
[27Nov2025 12:50:57.820] [IO-Worker-3/WARN] [net.minecraft.world.level.chunk.storage.RegionFile/]: Chunk has both internal and external streams
[27Nov2025 12:50:57.820] [IO-Worker-3/ERROR] [net.minecraft.world.level.chunk.storage.RegionFile/]: External chunk path .\saves\New World\region\c.18.14.mcc is not file
[27Nov2025 12:50:57.820] [IO-Worker-2/WARN] [net.minecraft.world.level.chunk.storage.RegionFile/]: Chunk has both internal and external streams
[27Nov2025 12:50:57.820] [IO-Worker-2/ERROR] [net.minecraft.world.level.chunk.storage.RegionFile/]: External chunk path .\saves\New World\region\c.19.14.mcc is not file
[27Nov2025 12:50:57.820] [IO-Worker-3/WARN] [net.minecraft.world.level.chunk.storage.RegionFile/]: Chunk has both internal and external streams
[27Nov2025 12:50:57.820] [IO-Worker-3/ERROR] [net.minecraft.world.level.chunk.storage.RegionFile/]: External chunk path .\saves\New World\region\c.20.14.mcc is not file
[27Nov2025 12:50:57.821] [IO-Worker-2/WARN] [net.minecraft.world.level.chunk.storage.RegionFile/]: Chunk has both internal and external streams
[27Nov2025 12:50:57.821] [IO-Worker-2/ERROR] [net.minecraft.world.level.chunk.storage.RegionFile/]: External chunk path .\saves\New World\region\c.21.14.mcc is not file
[27Nov2025 12:50:57.821] [IO-Worker-3/WARN] [net.minecraft.world.level.chunk.storage.RegionFile/]: Chunk has both internal and external streams
[27Nov2025 12:50:57.821] [IO-Worker-3/ERROR] [net.minecraft.world.level.chunk.storage.RegionFile/]: External chunk path .\saves\New World\region\c.22.14.mcc is not file
[27Nov2025 12:50:57.822] [IO-Worker-2/WARN] [net.minecraft.world.level.chunk.storage.RegionFile/]: Chunk has both internal and external streams
[27Nov2025 12:50:57.822] [IO-Worker-2/ERROR] [net.minecraft.world.level.chunk.storage.RegionFile/]: External chunk path .\saves\New World\region\c.25.14.mcc is not file
[27Nov2025 12:50:57.822] [IO-Worker-3/WARN] [net.minecraft.world.level.chunk.storage.RegionFile/]: Chunk has both internal and external streams
[27Nov2025 12:50:57.822] [IO-Worker-3/ERROR] [net.minecraft.world.level.chunk.storage.RegionFile/]: External chunk path .\saves\New World\region\c.0.15.mcc is not file
[27Nov2025 12:50:57.822] [IO-Worker-2/WARN] [net.minecraft.world.level.chunk.storage.RegionFile/]: Chunk has both internal and external streams
[27Nov2025 12:50:57.822] [IO-Worker-2/ERROR] [net.minecraft.world.level.chunk.storage.RegionFile/]: External chunk path .\saves\New World\region\c.1.15.mcc is not file
[27Nov2025 12:50:57.824] [IO-Worker-3/WARN] [net.minecraft.world.level.chunk.storage.RegionFile/]: Chunk has both internal and external streams
[27Nov2025 12:50:57.824] [IO-Worker-3/ERROR] [net.minecraft.world.level.chunk.storage.RegionFile/]: External chunk path .\saves\New World\region\c.2.15.mcc is not file
[27Nov2025 12:50:57.824] [IO-Worker-3/WARN] [net.minecraft.world.level.chunk.storage.RegionFile/]: Chunk has both internal and external streams
[27Nov2025 12:50:57.824] [IO-Worker-3/ERROR] [net.minecraft.world.level.chunk.storage.RegionFile/]: External chunk path .\saves\New World\region\c.3.15.mcc is not file
[27Nov2025 12:50:57.824] [IO-Worker-3/WARN] [net.minecraft.world.level.chunk.storage.RegionFile/]: Chunk has both internal and external streams
[27Nov2025 12:50:57.824] [IO-Worker-3/ERROR] [net.minecraft.world.level.chunk.storage.RegionFile/]: External chunk path .\saves\New World\region\c.5.15.mcc is not file
[27Nov2025 12:50:57.824] [IO-Worker-2/WARN] [net.minecraft.world.level.chunk.storage.RegionFile/]: Chunk has both internal and external streams
[27Nov2025 12:50:57.825] [IO-Worker-2/ERROR] [net.minecraft.world.level.chunk.storage.RegionFile/]: External chunk path .\saves\New World\region\c.6.15.mcc is not file
[27Nov2025 12:50:57.825] [IO-Worker-3/WARN] [net.minecraft.world.level.chunk.storage.RegionFile/]: Chunk has both internal and external streams
[27Nov2025 12:50:57.825] [IO-Worker-3/ERROR] [net.minecraft.world.level.chunk.storage.RegionFile/]: External chunk path .\saves\New World\region\c.7.15.mcc is not file
[27Nov2025 12:50:57.825] [IO-Worker-2/WARN] [net.minecraft.world.level.chunk.storage.RegionFile/]: Chunk has both internal and external streams
[27Nov2025 12:50:57.825] [IO-Worker-2/ERROR] [net.minecraft.world.level.chunk.storage.RegionFile/]: External chunk path .\saves\New World\region\c.8.15.mcc is not file
[27Nov2025 12:50:57.825] [IO-Worker-2/WARN] [net.minecraft.world.level.chunk.storage.RegionFile/]: Chunk has both internal and external streams
[27Nov2025 12:50:57.825] [IO-Worker-2/ERROR] [net.minecraft.world.level.chunk.storage.RegionFile/]: External chunk path .\saves\New World\region\c.9.15.mcc is not file
[27Nov2025 12:50:57.825] [IO-Worker-3/WARN] [net.minecraft.world.level.chunk.storage.RegionFile/]: Chunk has both internal and external streams
[27Nov2025 12:50:57.825] [IO-Worker-3/ERROR] [net.minecraft.world.level.chunk.storage.RegionFile/]: External chunk path .\saves\New World\region\c.10.15.mcc is not file
[27Nov2025 12:50:57.825] [IO-Worker-2/WARN] [net.minecraft.world.level.chunk.storage.RegionFile/]: Chunk has both internal and external streams
[27Nov2025 12:50:57.826] [IO-Worker-2/ERROR] [net.minecraft.world.level.chunk.storage.RegionFile/]: External chunk path .\saves\New World\region\c.11.15.mcc is not file
[27Nov2025 12:50:57.826] [IO-Worker-3/WARN] [net.minecraft.world.level.chunk.storage.RegionFile/]: Chunk has both internal and external streams
[27Nov2025 12:50:57.826] [IO-Worker-3/ERROR] [net.minecraft.world.level.chunk.storage.RegionFile/]: External chunk path .\saves\New World\region\c.12.15.mcc is not file
[27Nov2025 12:50:57.826] [IO-Worker-2/WARN] [net.minecraft.world.level.chunk.storage.RegionFile/]: Chunk has both internal and external streams
[27Nov2025 12:50:57.826] [IO-Worker-2/ERROR] [net.minecraft.world.level.chunk.storage.RegionFile/]: External chunk path .\saves\New World\region\c.13.15.mcc is not file
[27Nov2025 12:50:57.826] [IO-Worker-3/WARN] [net.minecraft.world.level.chunk.storage.RegionFile/]: Chunk has both internal and external streams
[27Nov2025 12:50:57.826] [IO-Worker-3/ERROR] [net.minecraft.world.level.chunk.storage.RegionFile/]: External chunk path .\saves\New World\region\c.14.15.mcc is not file
[27Nov2025 12:50:57.826] [IO-Worker-3/WARN] [net.minecraft.world.level.chunk.storage.RegionFile/]: Chunk has both internal and external streams
[27Nov2025 12:50:57.827] [IO-Worker-3/ERROR] [net.minecraft.world.level.chunk.storage.RegionFile/]: External chunk path .\saves\New World\region\c.16.15.mcc is not file
[27Nov2025 12:50:57.827] [IO-Worker-2/WARN] [net.minecraft.world.level.chunk.storage.RegionFile/]: Chunk has both internal and external streams
[27Nov2025 12:50:57.827] [IO-Worker-2/ERROR] [net.minecraft.world.level.chunk.storage.RegionFile/]: External chunk path .\saves\New World\region\c.17.15.mcc is not file
[27Nov2025 12:50:57.827] [IO-Worker-2/WARN] [net.minecraft.world.level.chunk.storage.RegionFile/]: Chunk has both internal and external streams
[27Nov2025 12:50:57.828] [IO-Worker-2/ERROR] [net.minecraft.world.level.chunk.storage.RegionFile/]: External chunk path .\saves\New World\region\c.19.15.mcc is not file
[27Nov2025 12:50:57.828] [IO-Worker-3/WARN] [net.minecraft.world.level.chunk.storage.RegionFile/]: Chunk has both internal and external streams
[27Nov2025 12:50:57.828] [IO-Worker-3/ERROR] [net.minecraft.world.level.chunk.storage.RegionFile/]: External chunk path .\saves\New World\region\c.20.15.mcc is not file
[27Nov2025 12:50:57.828] [IO-Worker-2/WARN] [net.minecraft.world.level.chunk.storage.RegionFile/]: Chunk has both internal and external streams
[27Nov2025 12:50:57.828] [IO-Worker-2/ERROR] [net.minecraft.world.level.chunk.storage.RegionFile/]: External chunk path .\saves\New World\region\c.21.15.mcc is not file
[27Nov2025 12:50:57.829] [IO-Worker-2/WARN] [net.minecraft.world.level.chunk.storage.RegionFile/]: Chunk has both internal and external streams
[27Nov2025 12:50:57.829] [IO-Worker-2/ERROR] [net.minecraft.world.level.chunk.storage.RegionFile/]: External chunk path .\saves\New World\region\c.25.15.mcc is not file
[27Nov2025 12:50:57.829] [IO-Worker-2/WARN] [net.minecraft.world.level.chunk.storage.RegionFile/]: Chunk has both internal and external streams
[27Nov2025 12:50:57.830] [IO-Worker-2/ERROR] [net.minecraft.world.level.chunk.storage.RegionFile/]: External chunk path .\saves\New World\region\c.0.16.mcc is not file
[27Nov2025 12:50:57.830] [IO-Worker-3/WARN] [net.minecraft.world.level.chunk.storage.RegionFile/]: Chunk has both internal and external streams
[27Nov2025 12:50:57.830] [IO-Worker-3/ERROR] [net.minecraft.world.level.chunk.storage.RegionFile/]: External chunk path .\saves\New World\region\c.1.16.mcc is not file
[27Nov2025 12:50:57.830] [IO-Worker-2/WARN] [net.minecraft.world.level.chunk.storage.RegionFile/]: Chunk has both internal and external streams
[27Nov2025 12:50:57.831] [IO-Worker-2/ERROR] [net.minecraft.world.level.chunk.storage.RegionFile/]: External chunk path .\saves\New World\region\c.2.16.mcc is not file
[27Nov2025 12:50:57.831] [IO-Worker-3/WARN] [net.minecraft.world.level.chunk.storage.RegionFile/]: Chunk has both internal and external streams
[27Nov2025 12:50:57.831] [IO-Worker-3/ERROR] [net.minecraft.world.level.chunk.storage.RegionFile/]: External chunk path .\saves\New World\region\c.3.16.mcc is not file
[27Nov2025 12:50:57.831] [IO-Worker-2/WARN] [net.minecraft.world.level.chunk.storage.RegionFile/]: Chunk has both internal and external streams
[27Nov2025 12:50:57.831] [IO-Worker-2/ERROR] [net.minecraft.world.level.chunk.storage.RegionFile/]: External chunk path .\saves\New World\region\c.4.16.mcc is not file
[27Nov2025 12:50:57.831] [IO-Worker-2/WARN] [net.minecraft.world.level.chunk.storage.RegionFile/]: Chunk has both internal and external streams
[27Nov2025 12:50:57.831] [IO-Worker-2/ERROR] [net.minecraft.world.level.chunk.storage.RegionFile/]: External chunk path .\saves\New World\region\c.5.16.mcc is not file
[27Nov2025 12:50:57.832] [IO-Worker-3/WARN] [net.minecraft.world.level.chunk.storage.RegionFile/]: Chunk has both internal and external streams
[27Nov2025 12:50:57.832] [IO-Worker-3/ERROR] [net.minecraft.world.level.chunk.storage.RegionFile/]: External chunk path .\saves\New World\region\c.6.16.mcc is not file
[27Nov2025 12:50:57.832] [IO-Worker-2/WARN] [net.minecraft.world.level.chunk.storage.RegionFile/]: Chunk has both internal and external streams
[27Nov2025 12:50:57.832] [IO-Worker-2/ERROR] [net.minecraft.world.level.chunk.storage.RegionFile/]: External chunk path .\saves\New World\region\c.7.16.mcc is not file
[27Nov2025 12:50:57.833] [IO-Worker-3/WARN] [net.minecraft.world.level.chunk.storage.RegionFile/]: Chunk has both internal and external streams
[27Nov2025 12:50:57.833] [IO-Worker-3/ERROR] [net.minecraft.world.level.chunk.storage.RegionFile/]: External chunk path .\saves\New World\region\c.8.16.mcc is not file
[27Nov2025 12:50:57.833] [IO-Worker-2/WARN] [net.minecraft.world.level.chunk.storage.RegionFile/]: Chunk has both internal and external streams
[27Nov2025 12:50:57.833] [IO-Worker-2/ERROR] [net.minecraft.world.level.chunk.storage.RegionFile/]: External chunk path .\saves\New World\region\c.9.16.mcc is not file
[27Nov2025 12:50:57.833] [IO-Worker-3/WARN] [net.minecraft.world.level.chunk.storage.RegionFile/]: Chunk has both internal and external streams
[27Nov2025 12:50:57.833] [IO-Worker-3/ERROR] [net.minecraft.world.level.chunk.storage.RegionFile/]: External chunk path .\saves\New World\region\c.10.16.mcc is not file
[27Nov2025 12:50:57.833] [IO-Worker-2/WARN] [net.minecraft.world.level.chunk.storage.RegionFile/]: Chunk has both internal and external streams
[27Nov2025 12:50:57.834] [IO-Worker-2/ERROR] [net.minecraft.world.level.chunk.storage.RegionFile/]: External chunk path .\saves\New World\region\c.11.16.mcc is not file
[27Nov2025 12:50:57.834] [IO-Worker-3/WARN] [net.minecraft.world.level.chunk.storage.RegionFile/]: Chunk has both internal and external streams
[27Nov2025 12:50:57.834] [IO-Worker-3/ERROR] [net.minecraft.world.level.chunk.storage.RegionFile/]: External chunk path .\saves\New World\region\c.12.16.mcc is not file
[27Nov2025 12:50:57.835] [IO-Worker-2/WARN] [net.minecraft.world.level.chunk.storage.RegionFile/]: Chunk has both internal and external streams
[27Nov2025 12:50:57.835] [IO-Worker-2/ERROR] [net.minecraft.world.level.chunk.storage.RegionFile/]: External chunk path .\saves\New World\region\c.13.16.mcc is not file
[27Nov2025 12:50:57.835] [IO-Worker-3/WARN] [net.minecraft.world.level.chunk.storage.RegionFile/]: Chunk has both internal and external streams
[27Nov2025 12:50:57.836] [IO-Worker-3/ERROR] [net.minecraft.world.level.chunk.storage.RegionFile/]: External chunk path .\saves\New World\region\c.14.16.mcc is not file
[27Nov2025 12:50:57.836] [IO-Worker-3/WARN] [net.minecraft.world.level.chunk.storage.RegionFile/]: Chunk has both internal and external streams
[27Nov2025 12:50:57.836] [IO-Worker-3/ERROR] [net.minecraft.world.level.chunk.storage.RegionFile/]: External chunk path .\saves\New World\region\c.16.16.mcc is not file
[27Nov2025 12:50:57.837] [IO-Worker-2/WARN] [net.minecraft.world.level.chunk.storage.RegionFile/]: Chunk has both internal and external streams
[27Nov2025 12:50:57.837] [IO-Worker-2/ERROR] [net.minecraft.world.level.chunk.storage.RegionFile/]: External chunk path .\saves\New World\region\c.17.16.mcc is not file
[27Nov2025 12:50:57.837] [IO-Worker-3/WARN] [net.minecraft.world.level.chunk.storage.RegionFile/]: Chunk has both internal and external streams
[27Nov2025 12:50:57.837] [IO-Worker-3/ERROR] [net.minecraft.world.level.chunk.storage.RegionFile/]: External chunk path .\saves\New World\region\c.18.16.mcc is not file
[27Nov2025 12:50:57.837] [IO-Worker-2/WARN] [net.minecraft.world.level.chunk.storage.RegionFile/]: Chunk has both internal and external streams
[27Nov2025 12:50:57.838] [IO-Worker-2/ERROR] [net.minecraft.world.level.chunk.storage.RegionFile/]: External chunk path .\saves\New World\region\c.19.16.mcc is not file
[27Nov2025 12:50:57.838] [IO-Worker-2/WARN] [net.minecraft.world.level.chunk.storage.RegionFile/]: Chunk has both internal and external streams
[27Nov2025 12:50:57.838] [IO-Worker-2/ERROR] [net.minecraft.world.level.chunk.storage.RegionFile/]: External chunk path .\saves\New World\region\c.23.16.mcc is not file
[27Nov2025 12:50:57.839] [IO-Worker-2/WARN] [net.minecraft.world.level.chunk.storage.RegionFile/]: Chunk has both internal and external streams
[27Nov2025 12:50:57.839] [IO-Worker-2/ERROR] [net.minecraft.world.level.chunk.storage.RegionFile/]: External chunk path .\saves\New World\region\c.25.16.mcc is not file
[27Nov2025 12:50:57.840] [IO-Worker-2/WARN] [net.minecraft.world.level.chunk.storage.RegionFile/]: Chunk has both internal and external streams
[27Nov2025 12:50:57.840] [IO-Worker-2/ERROR] [net.minecraft.world.level.chunk.storage.RegionFile/]: External chunk path .\saves\New World\region\c.0.17.mcc is not file
[27Nov2025 12:50:57.840] [IO-Worker-2/WARN] [net.minecraft.world.level.chunk.storage.RegionFile/]: Chunk has both internal and external streams
[27Nov2025 12:50:57.840] [IO-Worker-2/ERROR] [net.minecraft.world.level.chunk.storage.RegionFile/]: External chunk path .\saves\New World\region\c.1.17.mcc is not file
[27Nov2025 12:50:57.840] [IO-Worker-3/WARN] [net.minecraft.world.level.chunk.storage.RegionFile/]: Chunk has both internal and external streams
[27Nov2025 12:50:57.840] [IO-Worker-3/ERROR] [net.minecraft.world.level.chunk.storage.RegionFile/]: External chunk path .\saves\New World\region\c.2.17.mcc is not file
[27Nov2025 12:50:57.841] [IO-Worker-2/WARN] [net.minecraft.world.level.chunk.storage.RegionFile/]: Chunk has both internal and external streams
[27Nov2025 12:50:57.841] [IO-Worker-2/ERROR] [net.minecraft.world.level.chunk.storage.RegionFile/]: External chunk path .\saves\New World\region\c.3.17.mcc is not file
[27Nov2025 12:50:57.841] [IO-Worker-3/WARN] [net.minecraft.world.level.chunk.storage.RegionFile/]: Chunk has both internal and external streams
[27Nov2025 12:50:57.841] [IO-Worker-3/ERROR] [net.minecraft.world.level.chunk.storage.RegionFile/]: External chunk path .\saves\New World\region\c.4.17.mcc is not file
[27Nov2025 12:50:57.841] [IO-Worker-2/WARN] [net.minecraft.world.level.chunk.storage.RegionFile/]: Chunk has both internal and external streams
[27Nov2025 12:50:57.841] [IO-Worker-2/ERROR] [net.minecraft.world.level.chunk.storage.RegionFile/]: External chunk path .\saves\New World\region\c.5.17.mcc is not file
[27Nov2025 12:50:57.842] [IO-Worker-3/WARN] [net.minecraft.world.level.chunk.storage.RegionFile/]: Chunk has both internal and external streams
[27Nov2025 12:50:57.842] [IO-Worker-3/ERROR] [net.minecraft.world.level.chunk.storage.RegionFile/]: External chunk path .\saves\New World\region\c.6.17.mcc is not file
[27Nov2025 12:50:57.843] [IO-Worker-2/WARN] [net.minecraft.world.level.chunk.storage.RegionFile/]: Chunk has both internal and external streams
[27Nov2025 12:50:57.843] [IO-Worker-2/ERROR] [net.minecraft.world.level.chunk.storage.RegionFile/]: External chunk path .\saves\New World\region\c.7.17.mcc is not file
[27Nov2025 12:50:57.843] [IO-Worker-3/WARN] [net.minecraft.world.level.chunk.storage.RegionFile/]: Chunk has both internal and external streams
[27Nov2025 12:50:57.843] [IO-Worker-3/ERROR] [net.minecraft.world.level.chunk.storage.RegionFile/]: External chunk path .\saves\New World\region\c.8.17.mcc is not file
[27Nov2025 12:50:57.843] [IO-Worker-2/WARN] [net.minecraft.world.level.chunk.storage.RegionFile/]: Chunk has both internal and external streams
[27Nov2025 12:50:57.843] [IO-Worker-2/ERROR] [net.minecraft.world.level.chunk.storage.RegionFile/]: External chunk path .\saves\New World\region\c.9.17.mcc is not file
[27Nov2025 12:50:57.843] [IO-Worker-3/WARN] [net.minecraft.world.level.chunk.storage.RegionFile/]: Chunk has both internal and external streams
[27Nov2025 12:50:57.843] [IO-Worker-3/ERROR] [net.minecraft.world.level.chunk.storage.RegionFile/]: External chunk path .\saves\New World\region\c.10.17.mcc is not file
[27Nov2025 12:50:57.844] [IO-Worker-2/WARN] [net.minecraft.world.level.chunk.storage.RegionFile/]: Chunk has both internal and external streams
[27Nov2025 12:50:57.844] [IO-Worker-2/ERROR] [net.minecraft.world.level.chunk.storage.RegionFile/]: External chunk path .\saves\New World\region\c.11.17.mcc is not file
[27Nov2025 12:50:57.844] [IO-Worker-3/WARN] [net.minecraft.world.level.chunk.storage.RegionFile/]: Chunk has both internal and external streams
[27Nov2025 12:50:57.844] [IO-Worker-3/ERROR] [net.minecraft.world.level.chunk.storage.RegionFile/]: External chunk path .\saves\New World\region\c.12.17.mcc is not file
[27Nov2025 12:50:57.844] [IO-Worker-2/WARN] [net.minecraft.world.level.chunk.storage.RegionFile/]: Chunk has both internal and external streams
[27Nov2025 12:50:57.844] [IO-Worker-2/ERROR] [net.minecraft.world.level.chunk.storage.RegionFile/]: External chunk path .\saves\New World\region\c.13.17.mcc is not file
[27Nov2025 12:50:57.844] [IO-Worker-3/WARN] [net.minecraft.world.level.chunk.storage.RegionFile/]: Chunk has both internal and external streams
[27Nov2025 12:50:57.844] [IO-Worker-3/ERROR] [net.minecraft.world.level.chunk.storage.RegionFile/]: External chunk path .\saves\New World\region\c.14.17.mcc is not file
[27Nov2025 12:50:57.845] [IO-Worker-3/WARN] [net.minecraft.world.level.chunk.storage.RegionFile/]: Chunk has both internal and external streams
[27Nov2025 12:50:57.845] [IO-Worker-3/ERROR] [net.minecraft.world.level.chunk.storage.RegionFile/]: External chunk path .\saves\New World\region\c.16.17.mcc is not file
[27Nov2025 12:50:57.847] [IO-Worker-2/WARN] [net.minecraft.world.level.chunk.storage.RegionFile/]: Chunk has both internal and external streams
[27Nov2025 12:50:57.848] [IO-Worker-2/ERROR] [net.minecraft.world.level.chunk.storage.RegionFile/]: External chunk path .\saves\New World\region\c.17.17.mcc is not file
[27Nov2025 12:50:57.848] [IO-Worker-3/WARN] [net.minecraft.world.level.chunk.storage.RegionFile/]: Chunk has both internal and external streams
[27Nov2025 12:50:57.848] [IO-Worker-3/ERROR] [net.minecraft.world.level.chunk.storage.RegionFile/]: External chunk path .\saves\New World\region\c.18.17.mcc is not file
[27Nov2025 12:50:57.849] [IO-Worker-2/WARN] [net.minecraft.world.level.chunk.storage.RegionFile/]: Chunk has both internal and external streams
[27Nov2025 12:50:57.849] [IO-Worker-2/ERROR] [net.minecraft.world.level.chunk.storage.RegionFile/]: External chunk path .\saves\New World\region\c.24.17.mcc is not file
[27Nov2025 12:50:57.850] [IO-Worker-2/WARN] [net.minecraft.world.level.chunk.storage.RegionFile/]: Chunk has both internal and external streams
[27Nov2025 12:50:57.851] [IO-Worker-2/ERROR] [net.minecraft.world.level.chunk.storage.RegionFile/]: External chunk path .\saves\New World\region\c.0.18.mcc is not file
[27Nov2025 12:50:57.851] [IO-Worker-3/WARN] [net.minecraft.world.level.chunk.storage.RegionFile/]: Chunk has both internal and external streams
[27Nov2025 12:50:57.851] [IO-Worker-3/ERROR] [net.minecraft.world.level.chunk.storage.RegionFile/]: External chunk path .\saves\New World\region\c.1.18.mcc is not file
[27Nov2025 12:50:57.851] [IO-Worker-2/WARN] [net.minecraft.world.level.chunk.storage.RegionFile/]: Chunk has both internal and external streams
[27Nov2025 12:50:57.851] [IO-Worker-2/ERROR] [net.minecraft.world.level.chunk.storage.RegionFile/]: External chunk path .\saves\New World\region\c.2.18.mcc is not file
[27Nov2025 12:50:57.852] [IO-Worker-3/WARN] [net.minecraft.world.level.chunk.storage.RegionFile/]: Chunk has both internal and external streams
[27Nov2025 12:50:57.852] [IO-Worker-3/ERROR] [net.minecraft.world.level.chunk.storage.RegionFile/]: External chunk path .\saves\New World\region\c.3.18.mcc is not file
[27Nov2025 12:50:57.852] [IO-Worker-2/WARN] [net.minecraft.world.level.chunk.storage.RegionFile/]: Chunk has both internal and external streams
[27Nov2025 12:50:57.852] [IO-Worker-2/ERROR] [net.minecraft.world.level.chunk.storage.RegionFile/]: External chunk path .\saves\New World\region\c.4.18.mcc is not file
[27Nov2025 12:50:57.852] [IO-Worker-3/WARN] [net.minecraft.world.level.chunk.storage.RegionFile/]: Chunk has both internal and external streams
[27Nov2025 12:50:57.852] [IO-Worker-3/ERROR] [net.minecraft.world.level.chunk.storage.RegionFile/]: External chunk path .\saves\New World\region\c.5.18.mcc is not file
[27Nov2025 12:50:57.852] [IO-Worker-2/WARN] [net.minecraft.world.level.chunk.storage.RegionFile/]: Chunk has both internal and external streams
[27Nov2025 12:50:57.852] [IO-Worker-2/ERROR] [net.minecraft.world.level.chunk.storage.RegionFile/]: External chunk path .\saves\New World\region\c.6.18.mcc is not file
[27Nov2025 12:50:57.852] [IO-Worker-3/WARN] [net.minecraft.world.level.chunk.storage.RegionFile/]: Chunk has both internal and external streams
[27Nov2025 12:50:57.853] [IO-Worker-3/ERROR] [net.minecraft.world.level.chunk.storage.RegionFile/]: External chunk path .\saves\New World\region\c.7.18.mcc is not file
[27Nov2025 12:50:57.853] [IO-Worker-2/WARN] [net.minecraft.world.level.chunk.storage.RegionFile/]: Chunk has both internal and external streams
[27Nov2025 12:50:57.853] [IO-Worker-2/ERROR] [net.minecraft.world.level.chunk.storage.RegionFile/]: External chunk path .\saves\New World\region\c.8.18.mcc is not file
[27Nov2025 12:50:57.853] [IO-Worker-3/WARN] [net.minecraft.world.level.chunk.storage.RegionFile/]: Chunk has both internal and external streams
[27Nov2025 12:50:57.853] [IO-Worker-3/ERROR] [net.minecraft.world.level.chunk.storage.RegionFile/]: External chunk path .\saves\New World\region\c.9.18.mcc is not file
[27Nov2025 12:50:57.853] [IO-Worker-2/WARN] [net.minecraft.world.level.chunk.storage.RegionFile/]: Chunk has both internal and external streams
[27Nov2025 12:50:57.853] [IO-Worker-2/ERROR] [net.minecraft.world.level.chunk.storage.RegionFile/]: External chunk path .\saves\New World\region\c.10.18.mcc is not file
[27Nov2025 12:50:57.853] [IO-Worker-3/WARN] [net.minecraft.world.level.chunk.storage.RegionFile/]: Chunk has both internal and external streams
[27Nov2025 12:50:57.853] [IO-Worker-3/ERROR] [net.minecraft.world.level.chunk.storage.RegionFile/]: External chunk path .\saves\New World\region\c.11.18.mcc is not file
[27Nov2025 12:50:57.854] [IO-Worker-3/WARN] [net.minecraft.world.level.chunk.storage.RegionFile/]: Chunk has both internal and external streams
[27Nov2025 12:50:57.854] [IO-Worker-3/ERROR] [net.minecraft.world.level.chunk.storage.RegionFile/]: External chunk path .\saves\New World\region\c.12.18.mcc is not file
[27Nov2025 12:50:57.854] [IO-Worker-2/WARN] [net.minecraft.world.level.chunk.storage.RegionFile/]: Chunk has both internal and external streams
[27Nov2025 12:50:57.854] [IO-Worker-2/ERROR] [net.minecraft.world.level.chunk.storage.RegionFile/]: External chunk path .\saves\New World\region\c.13.18.mcc is not file
[27Nov2025 12:50:57.855] [IO-Worker-3/WARN] [net.minecraft.world.level.chunk.storage.RegionFile/]: Chunk has both internal and external streams
[27Nov2025 12:50:57.855] [IO-Worker-3/ERROR] [net.minecraft.world.level.chunk.storage.RegionFile/]: External chunk path .\saves\New World\region\c.14.18.mcc is not file
[27Nov2025 12:50:57.855] [IO-Worker-2/WARN] [net.minecraft.world.level.chunk.storage.RegionFile/]: Chunk has both internal and external streams
[27Nov2025 12:50:57.855] [IO-Worker-2/ERROR] [net.minecraft.world.level.chunk.storage.RegionFile/]: External chunk path .\saves\New World\region\c.15.18.mcc is not file
[27Nov2025 12:50:57.855] [IO-Worker-3/WARN] [net.minecraft.world.level.chunk.storage.RegionFile/]: Chunk has both internal and external streams
[27Nov2025 12:50:57.855] [IO-Worker-3/ERROR] [net.minecraft.world.level.chunk.storage.RegionFile/]: External chunk path .\saves\New World\region\c.16.18.mcc is not file
[27Nov2025 12:50:57.855] [IO-Worker-2/WARN] [net.minecraft.world.level.chunk.storage.RegionFile/]: Chunk has both internal and external streams
[27Nov2025 12:50:57.856] [IO-Worker-2/ERROR] [net.minecraft.world.level.chunk.storage.RegionFile/]: External chunk path .\saves\New World\region\c.18.18.mcc is not file
[27Nov2025 12:50:57.856] [IO-Worker-3/WARN] [net.minecraft.world.level.chunk.storage.RegionFile/]: Chunk has both internal and external streams
[27Nov2025 12:50:57.856] [IO-Worker-3/ERROR] [net.minecraft.world.level.chunk.storage.RegionFile/]: External chunk path .\saves\New World\region\c.23.18.mcc is not file
[27Nov2025 12:50:57.857] [IO-Worker-3/WARN] [net.minecraft.world.level.chunk.storage.RegionFile/]: Chunk has both internal and external streams
[27Nov2025 12:50:57.857] [IO-Worker-3/ERROR] [net.minecraft.world.level.chunk.storage.RegionFile/]: External chunk path .\saves\New World\region\c.25.18.mcc is not file
[27Nov2025 12:50:57.857] [IO-Worker-3/WARN] [net.minecraft.world.level.chunk.storage.RegionFile/]: Chunk has both internal and external streams
[27Nov2025 12:50:57.858] [IO-Worker-3/ERROR] [net.minecraft.world.level.chunk.storage.RegionFile/]: External chunk path .\saves\New World\region\c.0.19.mcc is not file
[27Nov2025 12:50:57.858] [IO-Worker-3/WARN] [net.minecraft.world.level.chunk.storage.RegionFile/]: Chunk has both internal and external streams
[27Nov2025 12:50:57.858] [IO-Worker-3/ERROR] [net.minecraft.world.level.chunk.storage.RegionFile/]: External chunk path .\saves\New World\region\c.1.19.mcc is not file
[27Nov2025 12:50:57.858] [IO-Worker-3/WARN] [net.minecraft.world.level.chunk.storage.RegionFile/]: Chunk has both internal and external streams
[27Nov2025 12:50:57.858] [IO-Worker-3/ERROR] [net.minecraft.world.level.chunk.storage.RegionFile/]: External chunk path .\saves\New World\region\c.2.19.mcc is not file
[27Nov2025 12:50:57.858] [IO-Worker-2/WARN] [net.minecraft.world.level.chunk.storage.RegionFile/]: Chunk has both internal and external streams
[27Nov2025 12:50:57.858] [IO-Worker-2/ERROR] [net.minecraft.world.level.chunk.storage.RegionFile/]: External chunk path .\saves\New World\region\c.3.19.mcc is not file
[27Nov2025 12:50:57.858] [IO-Worker-3/WARN] [net.minecraft.world.level.chunk.storage.RegionFile/]: Chunk has both internal and external streams
[27Nov2025 12:50:57.858] [IO-Worker-3/ERROR] [net.minecraft.world.level.chunk.storage.RegionFile/]: External chunk path .\saves\New World\region\c.4.19.mcc is not file
[27Nov2025 12:50:57.859] [IO-Worker-2/WARN] [net.minecraft.world.level.chunk.storage.RegionFile/]: Chunk has both internal and external streams
[27Nov2025 12:50:57.859] [IO-Worker-2/ERROR] [net.minecraft.world.level.chunk.storage.RegionFile/]: External chunk path .\saves\New World\region\c.5.19.mcc is not file
[27Nov2025 12:50:57.859] [IO-Worker-3/WARN] [net.minecraft.world.level.chunk.storage.RegionFile/]: Chunk has both internal and external streams
[27Nov2025 12:50:57.859] [IO-Worker-3/ERROR] [net.minecraft.world.level.chunk.storage.RegionFile/]: External chunk path .\saves\New World\region\c.6.19.mcc is not file
[27Nov2025 12:50:57.859] [IO-Worker-2/WARN] [net.minecraft.world.level.chunk.storage.RegionFile/]: Chunk has both internal and external streams
[27Nov2025 12:50:57.859] [IO-Worker-2/ERROR] [net.minecraft.world.level.chunk.storage.RegionFile/]: External chunk path .\saves\New World\region\c.7.19.mcc is not file
[27Nov2025 12:50:57.859] [IO-Worker-3/WARN] [net.minecraft.world.level.chunk.storage.RegionFile/]: Chunk has both internal and external streams
[27Nov2025 12:50:57.859] [IO-Worker-3/ERROR] [net.minecraft.world.level.chunk.storage.RegionFile/]: External chunk path .\saves\New World\region\c.8.19.mcc is not file
[27Nov2025 12:50:57.860] [IO-Worker-2/WARN] [net.minecraft.world.level.chunk.storage.RegionFile/]: Chunk has both internal and external streams
[27Nov2025 12:50:57.860] [IO-Worker-2/ERROR] [net.minecraft.world.level.chunk.storage.RegionFile/]: External chunk path .\saves\New World\region\c.9.19.mcc is not file
[27Nov2025 12:50:57.860] [IO-Worker-2/WARN] [net.minecraft.world.level.chunk.storage.RegionFile/]: Chunk has both internal and external streams
[27Nov2025 12:50:57.860] [IO-Worker-2/ERROR] [net.minecraft.world.level.chunk.storage.RegionFile/]: External chunk path .\saves\New World\region\c.10.19.mcc is not file
[27Nov2025 12:50:57.860] [IO-Worker-3/WARN] [net.minecraft.world.level.chunk.storage.RegionFile/]: Chunk has both internal and external streams
[27Nov2025 12:50:57.860] [IO-Worker-3/ERROR] [net.minecraft.world.level.chunk.storage.RegionFile/]: External chunk path .\saves\New World\region\c.11.19.mcc is not file
[27Nov2025 12:50:57.860] [IO-Worker-2/WARN] [net.minecraft.world.level.chunk.storage.RegionFile/]: Chunk has both internal and external streams
[27Nov2025 12:50:57.861] [IO-Worker-2/ERROR] [net.minecraft.world.level.chunk.storage.RegionFile/]: External chunk path .\saves\New World\region\c.12.19.mcc is not file
[27Nov2025 12:50:57.861] [IO-Worker-3/WARN] [net.minecraft.world.level.chunk.storage.RegionFile/]: Chunk has both internal and external streams
[27Nov2025 12:50:57.861] [IO-Worker-3/ERROR] [net.minecraft.world.level.chunk.storage.RegionFile/]: External chunk path .\saves\New World\region\c.13.19.mcc is not file
[27Nov2025 12:50:57.862] [IO-Worker-2/WARN] [net.minecraft.world.level.chunk.storage.RegionFile/]: Chunk has both internal and external streams
[27Nov2025 12:50:57.862] [IO-Worker-2/ERROR] [net.minecraft.world.level.chunk.storage.RegionFile/]: External chunk path .\saves\New World\region\c.14.19.mcc is not file
[27Nov2025 12:50:57.862] [IO-Worker-3/WARN] [net.minecraft.world.level.chunk.storage.RegionFile/]: Chunk has both internal and external streams
[27Nov2025 12:50:57.863] [IO-Worker-3/ERROR] [net.minecraft.world.level.chunk.storage.RegionFile/]: External chunk path .\saves\New World\region\c.15.19.mcc is not file
[27Nov2025 12:50:57.863] [IO-Worker-2/WARN] [net.minecraft.world.level.chunk.storage.RegionFile/]: Chunk has both internal and external streams
[27Nov2025 12:50:57.863] [IO-Worker-2/ERROR] [net.minecraft.world.level.chunk.storage.RegionFile/]: External chunk path .\saves\New World\region\c.16.19.mcc is not file
[27Nov2025 12:50:57.863] [IO-Worker-3/WARN] [net.minecraft.world.level.chunk.storage.RegionFile/]: Chunk has both internal and external streams
[27Nov2025 12:50:57.863] [IO-Worker-3/ERROR] [net.minecraft.world.level.chunk.storage.RegionFile/]: External chunk path .\saves\New World\region\c.17.19.mcc is not file
[27Nov2025 12:50:57.863] [IO-Worker-3/WARN] [net.minecraft.world.level.chunk.storage.RegionFile/]: Chunk has both internal and external streams
[27Nov2025 12:50:57.863] [IO-Worker-3/ERROR] [net.minecraft.world.level.chunk.storage.RegionFile/]: External chunk path .\saves\New World\region\c.19.19.mcc is not file
[27Nov2025 12:50:57.863] [IO-Worker-3/WARN] [net.minecraft.world.level.chunk.storage.RegionFile/]: Chunk has both internal and external streams
[27Nov2025 12:50:57.863] [IO-Worker-3/ERROR] [net.minecraft.world.level.chunk.storage.RegionFile/]: External chunk path .\saves\New World\region\c.20.19.mcc is not file
[27Nov2025 12:50:57.863] [IO-Worker-2/WARN] [net.minecraft.world.level.chunk.storage.RegionFile/]: Chunk has both internal and external streams
[27Nov2025 12:50:57.865] [IO-Worker-2/ERROR] [net.minecraft.world.level.chunk.storage.RegionFile/]: External chunk path .\saves\New World\region\c.21.19.mcc is not file
[27Nov2025 12:50:57.865] [IO-Worker-3/WARN] [net.minecraft.world.level.chunk.storage.RegionFile/]: Chunk has both internal and external streams
[27Nov2025 12:50:57.865] [IO-Worker-3/ERROR] [net.minecraft.world.level.chunk.storage.RegionFile/]: External chunk path .\saves\New World\region\c.22.19.mcc is not file
[27Nov2025 12:50:57.867] [IO-Worker-3/WARN] [net.minecraft.world.level.chunk.storage.RegionFile/]: Chunk has both internal and external streams
[27Nov2025 12:50:57.867] [IO-Worker-3/ERROR] [net.minecraft.world.level.chunk.storage.RegionFile/]: External chunk path .\saves\New World\region\c.0.20.mcc is not file
[27Nov2025 12:50:57.867] [IO-Worker-3/WARN] [net.minecraft.world.level.chunk.storage.RegionFile/]: Chunk has both internal and external streams
[27Nov2025 12:50:57.867] [IO-Worker-3/ERROR] [net.minecraft.world.level.chunk.storage.RegionFile/]: External chunk path .\saves\New World\region\c.1.20.mcc is not file
[27Nov2025 12:50:57.867] [IO-Worker-2/WARN] [net.minecraft.world.level.chunk.storage.RegionFile/]: Chunk has both internal and external streams
[27Nov2025 12:50:57.868] [IO-Worker-2/ERROR] [net.minecraft.world.level.chunk.storage.RegionFile/]: External chunk path .\saves\New World\region\c.2.20.mcc is not file
[27Nov2025 12:50:57.868] [IO-Worker-3/WARN] [net.minecraft.world.level.chunk.storage.RegionFile/]: Chunk has both internal and external streams
[27Nov2025 12:50:57.868] [IO-Worker-3/ERROR] [net.minecraft.world.level.chunk.storage.RegionFile/]: External chunk path .\saves\New World\region\c.3.20.mcc is not file
[27Nov2025 12:50:57.868] [IO-Worker-2/WARN] [net.minecraft.world.level.chunk.storage.RegionFile/]: Chunk has both internal and external streams
[27Nov2025 12:50:57.868] [IO-Worker-2/ERROR] [net.minecraft.world.level.chunk.storage.RegionFile/]: External chunk path .\saves\New World\region\c.4.20.mcc is not file
[27Nov2025 12:50:57.869] [IO-Worker-3/WARN] [net.minecraft.world.level.chunk.storage.RegionFile/]: Chunk has both internal and external streams
[27Nov2025 12:50:57.869] [IO-Worker-3/ERROR] [net.minecraft.world.level.chunk.storage.RegionFile/]: External chunk path .\saves\New World\region\c.5.20.mcc is not file
[27Nov2025 12:50:57.869] [IO-Worker-3/WARN] [net.minecraft.world.level.chunk.storage.RegionFile/]: Chunk has both internal and external streams
[27Nov2025 12:50:57.869] [IO-Worker-3/ERROR] [net.minecraft.world.level.chunk.storage.RegionFile/]: External chunk path .\saves\New World\region\c.7.20.mcc is not file
[27Nov2025 12:50:57.869] [IO-Worker-2/WARN] [net.minecraft.world.level.chunk.storage.RegionFile/]: Chunk has both internal and external streams
[27Nov2025 12:50:57.869] [IO-Worker-2/ERROR] [net.minecraft.world.level.chunk.storage.RegionFile/]: External chunk path .\saves\New World\region\c.8.20.mcc is not file
[27Nov2025 12:50:57.870] [IO-Worker-3/WARN] [net.minecraft.world.level.chunk.storage.RegionFile/]: Chunk has both internal and external streams
[27Nov2025 12:50:57.870] [IO-Worker-3/ERROR] [net.minecraft.world.level.chunk.storage.RegionFile/]: External chunk path .\saves\New World\region\c.9.20.mcc is not file
[27Nov2025 12:50:57.870] [IO-Worker-2/WARN] [net.minecraft.world.level.chunk.storage.RegionFile/]: Chunk has both internal and external streams
[27Nov2025 12:50:57.870] [IO-Worker-2/ERROR] [net.minecraft.world.level.chunk.storage.RegionFile/]: External chunk path .\saves\New World\region\c.10.20.mcc is not file
[27Nov2025 12:50:57.870] [IO-Worker-3/WARN] [net.minecraft.world.level.chunk.storage.RegionFile/]: Chunk has both internal and external streams
[27Nov2025 12:50:57.870] [IO-Worker-3/ERROR] [net.minecraft.world.level.chunk.storage.RegionFile/]: External chunk path .\saves\New World\region\c.11.20.mcc is not file
[27Nov2025 12:50:57.871] [IO-Worker-3/WARN] [net.minecraft.world.level.chunk.storage.RegionFile/]: Chunk has both internal and external streams
[27Nov2025 12:50:57.871] [IO-Worker-3/ERROR] [net.minecraft.world.level.chunk.storage.RegionFile/]: External chunk path .\saves\New World\region\c.13.20.mcc is not file
[27Nov2025 12:50:57.871] [IO-Worker-3/WARN] [net.minecraft.world.level.chunk.storage.RegionFile/]: Chunk has both internal and external streams
[27Nov2025 12:50:57.871] [IO-Worker-3/ERROR] [net.minecraft.world.level.chunk.storage.RegionFile/]: External chunk path .\saves\New World\region\c.15.20.mcc is not file
[27Nov2025 12:50:57.871] [IO-Worker-3/WARN] [net.minecraft.world.level.chunk.storage.RegionFile/]: Chunk has both internal and external streams
[27Nov2025 12:50:57.871] [IO-Worker-3/ERROR] [net.minecraft.world.level.chunk.storage.RegionFile/]: External chunk path .\saves\New World\region\c.17.20.mcc is not file
[27Nov2025 12:50:57.872] [IO-Worker-2/WARN] [net.minecraft.world.level.chunk.storage.RegionFile/]: Chunk has both internal and external streams
[27Nov2025 12:50:57.872] [IO-Worker-2/ERROR] [net.minecraft.world.level.chunk.storage.RegionFile/]: External chunk path .\saves\New World\region\c.20.20.mcc is not file
[27Nov2025 12:50:57.873] [IO-Worker-2/WARN] [net.minecraft.world.level.chunk.storage.RegionFile/]: Chunk has both internal and external streams
[27Nov2025 12:50:57.873] [IO-Worker-2/ERROR] [net.minecraft.world.level.chunk.storage.RegionFile/]: External chunk path .\saves\New World\region\c.25.20.mcc is not file
[27Nov2025 12:50:57.874] [IO-Worker-2/WARN] [net.minecraft.world.level.chunk.storage.RegionFile/]: Chunk has both internal and external streams
[27Nov2025 12:50:57.874] [IO-Worker-2/ERROR] [net.minecraft.world.level.chunk.storage.RegionFile/]: External chunk path .\saves\New World\region\c.2.21.mcc is not file
[27Nov2025 12:50:57.874] [IO-Worker-3/WARN] [net.minecraft.world.level.chunk.storage.RegionFile/]: Chunk has both internal and external streams
[27Nov2025 12:50:57.874] [IO-Worker-3/ERROR] [net.minecraft.world.level.chunk.storage.RegionFile/]: External chunk path .\saves\New World\region\c.3.21.mcc is not file
[27Nov2025 12:50:57.874] [IO-Worker-2/WARN] [net.minecraft.world.level.chunk.storage.RegionFile/]: Chunk has both internal and external streams
[27Nov2025 12:50:57.875] [IO-Worker-2/ERROR] [net.minecraft.world.level.chunk.storage.RegionFile/]: External chunk path .\saves\New World\region\c.4.21.mcc is not file
[27Nov2025 12:50:57.875] [IO-Worker-2/WARN] [net.minecraft.world.level.chunk.storage.RegionFile/]: Chunk has both internal and external streams
[27Nov2025 12:50:57.875] [IO-Worker-2/ERROR] [net.minecraft.world.level.chunk.storage.RegionFile/]: External chunk path .\saves\New World\region\c.6.21.mcc is not file
[27Nov2025 12:50:57.875] [IO-Worker-3/WARN] [net.minecraft.world.level.chunk.storage.RegionFile/]: Chunk has both internal and external streams
[27Nov2025 12:50:57.875] [IO-Worker-3/ERROR] [net.minecraft.world.level.chunk.storage.RegionFile/]: External chunk path .\saves\New World\region\c.9.21.mcc is not file
[27Nov2025 12:50:57.875] [IO-Worker-2/WARN] [net.minecraft.world.level.chunk.storage.RegionFile/]: Chunk has both internal and external streams
[27Nov2025 12:50:57.875] [IO-Worker-2/ERROR] [net.minecraft.world.level.chunk.storage.RegionFile/]: External chunk path .\saves\New World\region\c.10.21.mcc is not file
[27Nov2025 12:50:57.876] [IO-Worker-3/WARN] [net.minecraft.world.level.chunk.storage.RegionFile/]: Chunk has both internal and external streams
[27Nov2025 12:50:57.876] [IO-Worker-3/ERROR] [net.minecraft.world.level.chunk.storage.RegionFile/]: External chunk path .\saves\New World\region\c.11.21.mcc is not file
[27Nov2025 12:50:57.877] [IO-Worker-2/WARN] [net.minecraft.world.level.chunk.storage.RegionFile/]: Chunk has both internal and external streams
[27Nov2025 12:50:57.877] [IO-Worker-2/ERROR] [net.minecraft.world.level.chunk.storage.RegionFile/]: External chunk path .\saves\New World\region\c.15.21.mcc is not file
[27Nov2025 12:50:57.877] [IO-Worker-2/WARN] [net.minecraft.world.level.chunk.storage.RegionFile/]: Chunk has both internal and external streams
[27Nov2025 12:50:57.877] [IO-Worker-2/ERROR] [net.minecraft.world.level.chunk.storage.RegionFile/]: External chunk path .\saves\New World\region\c.16.21.mcc is not file
[27Nov2025 12:50:57.877] [IO-Worker-3/WARN] [net.minecraft.world.level.chunk.storage.RegionFile/]: Chunk has both internal and external streams
[27Nov2025 12:50:57.877] [IO-Worker-3/ERROR] [net.minecraft.world.level.chunk.storage.RegionFile/]: External chunk path .\saves\New World\region\c.19.21.mcc is not file
[27Nov2025 12:50:57.880] [IO-Worker-2/WARN] [net.minecraft.world.level.chunk.storage.RegionFile/]: Chunk has both internal and external streams
[27Nov2025 12:50:57.880] [IO-Worker-2/ERROR] [net.minecraft.world.level.chunk.storage.RegionFile/]: External chunk path .\saves\New World\region\c.0.22.mcc is not file
[27Nov2025 12:50:57.880] [IO-Worker-3/WARN] [net.minecraft.world.level.chunk.storage.RegionFile/]: Chunk has both internal and external streams
[27Nov2025 12:50:57.881] [IO-Worker-3/ERROR] [net.minecraft.world.level.chunk.storage.RegionFile/]: External chunk path .\saves\New World\region\c.6.22.mcc is not file
[27Nov2025 12:50:57.881] [IO-Worker-3/WARN] [net.minecraft.world.level.chunk.storage.RegionFile/]: Chunk has both internal and external streams
[27Nov2025 12:50:57.881] [IO-Worker-3/ERROR] [net.minecraft.world.level.chunk.storage.RegionFile/]: External chunk path .\saves\New World\region\c.7.22.mcc is not file
[27Nov2025 12:50:57.881] [IO-Worker-3/WARN] [net.minecraft.world.level.chunk.storage.RegionFile/]: Chunk has both internal and external streams
[27Nov2025 12:50:57.882] [IO-Worker-3/ERROR] [net.minecraft.world.level.chunk.storage.RegionFile/]: External chunk path .\saves\New World\region\c.14.22.mcc is not file
[27Nov2025 12:50:57.882] [IO-Worker-3/WARN] [net.minecraft.world.level.chunk.storage.RegionFile/]: Chunk has both internal and external streams
[27Nov2025 12:50:57.882] [IO-Worker-3/ERROR] [net.minecraft.world.level.chunk.storage.RegionFile/]: External chunk path .\saves\New World\region\c.20.22.mcc is not file
[27Nov2025 12:50:57.882] [IO-Worker-2/WARN] [net.minecraft.world.level.chunk.storage.RegionFile/]: Chunk has both internal and external streams
[27Nov2025 12:50:57.882] [IO-Worker-2/ERROR] [net.minecraft.world.level.chunk.storage.RegionFile/]: External chunk path .\saves\New World\region\c.21.22.mcc is not file
[27Nov2025 12:50:57.883] [IO-Worker-3/WARN] [net.minecraft.world.level.chunk.storage.RegionFile/]: Chunk has both internal and external streams
[27Nov2025 12:50:57.883] [IO-Worker-3/ERROR] [net.minecraft.world.level.chunk.storage.RegionFile/]: External chunk path .\saves\New World\region\c.24.22.mcc is not file
[27Nov2025 12:50:57.884] [IO-Worker-2/WARN] [net.minecraft.world.level.chunk.storage.RegionFile/]: Chunk has both internal and external streams
[27Nov2025 12:50:57.884] [IO-Worker-2/ERROR] [net.minecraft.world.level.chunk.storage.RegionFile/]: External chunk path .\saves\New World\region\c.25.22.mcc is not file
[27Nov2025 12:50:57.884] [IO-Worker-2/WARN] [net.minecraft.world.level.chunk.storage.RegionFile/]: Chunk has both internal and external streams
[27Nov2025 12:50:57.884] [IO-Worker-2/ERROR] [net.minecraft.world.level.chunk.storage.RegionFile/]: External chunk path .\saves\New World\region\c.0.23.mcc is not file
[27Nov2025 12:50:57.885] [IO-Worker-2/WARN] [net.minecraft.world.level.chunk.storage.RegionFile/]: Chunk has both internal and external streams
[27Nov2025 12:50:57.885] [IO-Worker-2/ERROR] [net.minecraft.world.level.chunk.storage.RegionFile/]: External chunk path .\saves\New World\region\c.1.23.mcc is not file
[27Nov2025 12:50:57.886] [IO-Worker-3/WARN] [net.minecraft.world.level.chunk.storage.RegionFile/]: Chunk has both internal and external streams
[27Nov2025 12:50:57.886] [IO-Worker-3/ERROR] [net.minecraft.world.level.chunk.storage.RegionFile/]: External chunk path .\saves\New World\region\c.3.23.mcc is not file
[27Nov2025 12:50:57.886] [IO-Worker-2/WARN] [net.minecraft.world.level.chunk.storage.RegionFile/]: Chunk has both internal and external streams
[27Nov2025 12:50:57.886] [IO-Worker-2/ERROR] [net.minecraft.world.level.chunk.storage.RegionFile/]: External chunk path .\saves\New World\region\c.4.23.mcc is not file
[27Nov2025 12:50:57.886] [IO-Worker-3/WARN] [net.minecraft.world.level.chunk.storage.RegionFile/]: Chunk has both internal and external streams
[27Nov2025 12:50:57.887] [IO-Worker-3/ERROR] [net.minecraft.world.level.chunk.storage.RegionFile/]: External chunk path .\saves\New World\region\c.5.23.mcc is not file
[27Nov2025 12:50:57.887] [IO-Worker-2/WARN] [net.minecraft.world.level.chunk.storage.RegionFile/]: Chunk has both internal and external streams
[27Nov2025 12:50:57.887] [IO-Worker-2/ERROR] [net.minecraft.world.level.chunk.storage.RegionFile/]: External chunk path .\saves\New World\region\c.7.23.mcc is not file
[27Nov2025 12:50:57.888] [IO-Worker-2/WARN] [net.minecraft.world.level.chunk.storage.RegionFile/]: Chunk has both internal and external streams
[27Nov2025 12:50:57.888] [IO-Worker-2/ERROR] [net.minecraft.world.level.chunk.storage.RegionFile/]: External chunk path .\saves\New World\region\c.8.23.mcc is not file
[27Nov2025 12:50:57.888] [IO-Worker-2/WARN] [net.minecraft.world.level.chunk.storage.RegionFile/]: Chunk has both internal and external streams
[27Nov2025 12:50:57.889] [IO-Worker-2/ERROR] [net.minecraft.world.level.chunk.storage.RegionFile/]: External chunk path .\saves\New World\region\c.11.23.mcc is not file
[27Nov2025 12:50:57.890] [IO-Worker-3/WARN] [net.minecraft.world.level.chunk.storage.RegionFile/]: Chunk has both internal and external streams
[27Nov2025 12:50:57.890] [IO-Worker-3/ERROR] [net.minecraft.world.level.chunk.storage.RegionFile/]: External chunk path .\saves\New World\region\c.18.23.mcc is not file
[27Nov2025 12:50:57.892] [IO-Worker-2/WARN] [net.minecraft.world.level.chunk.storage.RegionFile/]: Chunk has both internal and external streams
[27Nov2025 12:50:57.892] [IO-Worker-2/ERROR] [net.minecraft.world.level.chunk.storage.RegionFile/]: External chunk path .\saves\New World\region\c.22.23.mcc is not file
[27Nov2025 12:50:57.895] [IO-Worker-2/WARN] [net.minecraft.world.level.chunk.storage.RegionFile/]: Chunk has both internal and external streams
[27Nov2025 12:50:57.895] [IO-Worker-2/ERROR] [net.minecraft.world.level.chunk.storage.RegionFile/]: External chunk path .\saves\New World\region\c.23.23.mcc is not file
[27Nov2025 12:50:57.895] [IO-Worker-2/WARN] [net.minecraft.world.level.chunk.storage.RegionFile/]: Chunk has both internal and external streams
[27Nov2025 12:50:57.895] [IO-Worker-2/ERROR] [net.minecraft.world.level.chunk.storage.RegionFile/]: External chunk path .\saves\New World\region\c.25.23.mcc is not file
[27Nov2025 12:50:57.896] [IO-Worker-3/WARN] [net.minecraft.world.level.chunk.storage.RegionFile/]: Chunk has both internal and external streams
[27Nov2025 12:50:57.897] [IO-Worker-3/ERROR] [net.minecraft.world.level.chunk.storage.RegionFile/]: External chunk path .\saves\New World\region\c.1.24.mcc is not file
[27Nov2025 12:50:57.897] [IO-Worker-2/WARN] [net.minecraft.world.level.chunk.storage.RegionFile/]: Chunk has both internal and external streams
[27Nov2025 12:50:57.898] [IO-Worker-2/ERROR] [net.minecraft.world.level.chunk.storage.RegionFile/]: External chunk path .\saves\New World\region\c.2.24.mcc is not file
[27Nov2025 12:50:57.898] [IO-Worker-2/WARN] [net.minecraft.world.level.chunk.storage.RegionFile/]: Chunk has both internal and external streams
[27Nov2025 12:50:57.899] [IO-Worker-2/ERROR] [net.minecraft.world.level.chunk.storage.RegionFile/]: External chunk path .\saves\New World\region\c.4.24.mcc is not file
[27Nov2025 12:50:57.899] [IO-Worker-2/WARN] [net.minecraft.world.level.chunk.storage.RegionFile/]: Chunk has both internal and external streams
[27Nov2025 12:50:57.900] [IO-Worker-2/ERROR] [net.minecraft.world.level.chunk.storage.RegionFile/]: External chunk path .\saves\New World\region\c.6.24.mcc is not file
[27Nov2025 12:50:57.900] [IO-Worker-3/WARN] [net.minecraft.world.level.chunk.storage.RegionFile/]: Chunk has both internal and external streams
[27Nov2025 12:50:57.900] [IO-Worker-3/ERROR] [net.minecraft.world.level.chunk.storage.RegionFile/]: External chunk path .\saves\New World\region\c.7.24.mcc is not file
[27Nov2025 12:50:57.901] [IO-Worker-3/WARN] [net.minecraft.world.level.chunk.storage.RegionFile/]: Chunk has both internal and external streams
[27Nov2025 12:50:57.901] [IO-Worker-3/ERROR] [net.minecraft.world.level.chunk.storage.RegionFile/]: External chunk path .\saves\New World\region\c.9.24.mcc is not file
[27Nov2025 12:50:57.902] [IO-Worker-2/WARN] [net.minecraft.world.level.chunk.storage.RegionFile/]: Chunk has both internal and external streams
[27Nov2025 12:50:57.902] [IO-Worker-2/ERROR] [net.minecraft.world.level.chunk.storage.RegionFile/]: External chunk path .\saves\New World\region\c.10.24.mcc is not file
[27Nov2025 12:50:57.903] [IO-Worker-2/WARN] [net.minecraft.world.level.chunk.storage.RegionFile/]: Chunk has both internal and external streams
[27Nov2025 12:50:57.903] [IO-Worker-2/ERROR] [net.minecraft.world.level.chunk.storage.RegionFile/]: External chunk path .\saves\New World\region\c.12.24.mcc is not file
[27Nov2025 12:50:57.905] [IO-Worker-2/WARN] [net.minecraft.world.level.chunk.storage.RegionFile/]: Chunk has both internal and external streams
[27Nov2025 12:50:57.905] [IO-Worker-2/ERROR] [net.minecraft.world.level.chunk.storage.RegionFile/]: External chunk path .\saves\New World\region\c.16.24.mcc is not file
[27Nov2025 12:50:57.905] [IO-Worker-3/WARN] [net.minecraft.world.level.chunk.storage.RegionFile/]: Chunk has both internal and external streams
[27Nov2025 12:50:57.905] [IO-Worker-3/ERROR] [net.minecraft.world.level.chunk.storage.RegionFile/]: External chunk path .\saves\New World\region\c.17.24.mcc is not file
[27Nov2025 12:50:57.906] [IO-Worker-3/WARN] [net.minecraft.world.level.chunk.storage.RegionFile/]: Chunk has both internal and external streams
[27Nov2025 12:50:57.906] [IO-Worker-3/ERROR] [net.minecraft.world.level.chunk.storage.RegionFile/]: External chunk path .\saves\New World\region\c.19.24.mcc is not file
[27Nov2025 12:50:57.907] [IO-Worker-3/WARN] [net.minecraft.world.level.chunk.storage.RegionFile/]: Chunk has both internal and external streams
[27Nov2025 12:50:57.907] [IO-Worker-3/ERROR] [net.minecraft.world.level.chunk.storage.RegionFile/]: External chunk path .\saves\New World\region\c.21.24.mcc is not file
[27Nov2025 12:50:57.907] [IO-Worker-2/WARN] [net.minecraft.world.level.chunk.storage.RegionFile/]: Chunk has both internal and external streams
[27Nov2025 12:50:57.907] [IO-Worker-2/ERROR] [net.minecraft.world.level.chunk.storage.RegionFile/]: External chunk path .\saves\New World\region\c.22.24.mcc is not file
[27Nov2025 12:50:57.908] [IO-Worker-2/WARN] [net.minecraft.world.level.chunk.storage.RegionFile/]: Chunk has both internal and external streams
[27Nov2025 12:50:57.908] [IO-Worker-2/ERROR] [net.minecraft.world.level.chunk.storage.RegionFile/]: External chunk path .\saves\New World\region\c.24.24.mcc is not file
[27Nov2025 12:50:57.909] [IO-Worker-2/WARN] [net.minecraft.world.level.chunk.storage.RegionFile/]: Chunk has both internal and external streams
[27Nov2025 12:50:57.909] [IO-Worker-2/ERROR] [net.minecraft.world.level.chunk.storage.RegionFile/]: External chunk path .\saves\New World\region\c.0.25.mcc is not file
[27Nov2025 12:50:57.909] [IO-Worker-3/WARN] [net.minecraft.world.level.chunk.storage.RegionFile/]: Chunk has both internal and external streams
[27Nov2025 12:50:57.909] [IO-Worker-3/ERROR] [net.minecraft.world.level.chunk.storage.RegionFile/]: External chunk path .\saves\New World\region\c.1.25.mcc is not file
[27Nov2025 12:50:57.910] [IO-Worker-2/WARN] [net.minecraft.world.level.chunk.storage.RegionFile/]: Chunk has both internal and external streams
[27Nov2025 12:50:57.910] [IO-Worker-2/ERROR] [net.minecraft.world.level.chunk.storage.RegionFile/]: External chunk path .\saves\New World\region\c.3.25.mcc is not file
[27Nov2025 12:50:57.911] [IO-Worker-3/WARN] [net.minecraft.world.level.chunk.storage.RegionFile/]: Chunk has both internal and external streams
[27Nov2025 12:50:57.911] [IO-Worker-3/ERROR] [net.minecraft.world.level.chunk.storage.RegionFile/]: External chunk path .\saves\New World\region\c.6.25.mcc is not file
[27Nov2025 12:50:57.912] [IO-Worker-3/WARN] [net.minecraft.world.level.chunk.storage.RegionFile/]: Chunk has both internal and external streams
[27Nov2025 12:50:57.912] [IO-Worker-3/ERROR] [net.minecraft.world.level.chunk.storage.RegionFile/]: External chunk path .\saves\New World\region\c.8.25.mcc is not file
[27Nov2025 12:50:57.913] [IO-Worker-2/WARN] [net.minecraft.world.level.chunk.storage.RegionFile/]: Chunk has both internal and external streams
[27Nov2025 12:50:57.913] [IO-Worker-2/ERROR] [net.minecraft.world.level.chunk.storage.RegionFile/]: External chunk path .\saves\New World\region\c.12.25.mcc is not file
[27Nov2025 12:50:57.913] [IO-Worker-3/WARN] [net.minecraft.world.level.chunk.storage.RegionFile/]: Chunk has both internal and external streams
[27Nov2025 12:50:57.913] [IO-Worker-3/ERROR] [net.minecraft.world.level.chunk.storage.RegionFile/]: External chunk path .\saves\New World\region\c.13.25.mcc is not file
[27Nov2025 12:50:57.914] [IO-Worker-2/WARN] [net.minecraft.world.level.chunk.storage.RegionFile/]: Chunk has both internal and external streams
[27Nov2025 12:50:57.914] [IO-Worker-2/ERROR] [net.minecraft.world.level.chunk.storage.RegionFile/]: External chunk path .\saves\New World\region\c.14.25.mcc is not file
[27Nov2025 12:50:57.915] [IO-Worker-3/WARN] [net.minecraft.world.level.chunk.storage.RegionFile/]: Chunk has both internal and external streams
[27Nov2025 12:50:57.915] [IO-Worker-3/ERROR] [net.minecraft.world.level.chunk.storage.RegionFile/]: External chunk path .\saves\New World\region\c.17.25.mcc is not file
[27Nov2025 12:50:57.915] [IO-Worker-2/WARN] [net.minecraft.world.level.chunk.storage.RegionFile/]: Chunk has both internal and external streams
[27Nov2025 12:50:57.915] [IO-Worker-2/ERROR] [net.minecraft.world.level.chunk.storage.RegionFile/]: External chunk path .\saves\New World\region\c.18.25.mcc is not file
[27Nov2025 12:50:57.915] [IO-Worker-2/WARN] [net.minecraft.world.level.chunk.storage.RegionFile/]: Chunk has both internal and external streams
[27Nov2025 12:50:57.915] [IO-Worker-2/ERROR] [net.minecraft.world.level.chunk.storage.RegionFile/]: External chunk path .\saves\New World\region\c.20.25.mcc is not file
[27Nov2025 12:50:57.916] [IO-Worker-2/WARN] [net.minecraft.world.level.chunk.storage.RegionFile/]: Chunk has both internal and external streams
[27Nov2025 12:50:57.916] [IO-Worker-2/ERROR] [net.minecraft.world.level.chunk.storage.RegionFile/]: External chunk path .\saves\New World\region\c.22.25.mcc is not file
[27Nov2025 12:50:57.917] [IO-Worker-2/WARN] [net.minecraft.world.level.chunk.storage.RegionFile/]: Chunk has both internal and external streams
[27Nov2025 12:50:57.917] [IO-Worker-2/ERROR] [net.minecraft.world.level.chunk.storage.RegionFile/]: External chunk path .\saves\New World\region\c.25.25.mcc is not file
[27Nov2025 12:50:57.936] [Render thread/INFO] [net.minecraft.server.level.progress.LoggerChunkProgressListener/]: Preparing spawn area: 0%
[27Nov2025 12:50:58.100] [Render thread/INFO] [net.minecraft.server.level.progress.LoggerChunkProgressListener/]: Preparing spawn area: 2%
[27Nov2025 12:50:58.775] [Render thread/INFO] [net.minecraft.server.level.progress.LoggerChunkProgressListener/]: Preparing spawn area: 42%
[27Nov2025 12:50:59.071] [Server thread/INFO] [net.neoforged.neoforge.server.permission.PermissionAPI/]: Successfully initialized permission handler neoforge:default_handler
[27Nov2025 12:50:59.084] [Render thread/INFO] [net.minecraft.server.level.progress.LoggerChunkProgressListener/]: Time elapsed: 4500 ms
[27Nov2025 12:50:59.298] [Server thread/INFO] [net.minecraft.client.server.IntegratedServer/]: Changing view distance to 12, from 10
[27Nov2025 12:50:59.298] [Server thread/INFO] [net.minecraft.client.server.IntegratedServer/]: Changing simulation distance to 12, from 0
[27Nov2025 12:50:59.985] [Netty Server IO #1/WARN] [net.minecraft.server.network.ServerCommonPacketListenerImpl/]: Unknown custom packet payload: minecraft:brand
[27Nov2025 12:51:00.033] [Render thread/INFO] [net.neoforged.neoforge.network.NetworkHooks/]: Connected to a modded server.
[27Nov2025 12:51:00.121] [Server thread/INFO] [net.minecraft.server.players.PlayerList/]: james090500[local:E:3f2a7622] logged in with entity id 71 at (5.70964535509366, -60.0, 1.6735107674979637)
[27Nov2025 12:51:00.213] [Server thread/INFO] [net.minecraft.server.MinecraftServer/]: james090500 joined the game
[27Nov2025 12:51:00.442] [Render thread/INFO] [net.minecraft.advancements.AdvancementTree/]: Loaded 2 advancements
[27Nov2025 12:51:00.460] [IO-Worker-3/WARN] [net.minecraft.world.level.chunk.storage.RegionFile/]: Chunk has both internal and external streams
[27Nov2025 12:51:00.460] [IO-Worker-3/ERROR] [net.minecraft.world.level.chunk.storage.RegionFile/]: External chunk path .\saves\New World\region\c.0.23.mcc is not file
[27Nov2025 12:51:00.460] [IO-Worker-4/WARN] [net.minecraft.world.level.chunk.storage.RegionFile/]: Chunk has both internal and external streams
[27Nov2025 12:51:00.460] [IO-Worker-4/ERROR] [net.minecraft.world.level.chunk.storage.RegionFile/]: External chunk path .\saves\New World\region\c.1.23.mcc is not file
[27Nov2025 12:51:00.461] [IO-Worker-4/WARN] [net.minecraft.world.level.chunk.storage.RegionFile/]: Chunk has both internal and external streams
[27Nov2025 12:51:00.461] [IO-Worker-4/ERROR] [net.minecraft.world.level.chunk.storage.RegionFile/]: External chunk path .\saves\New World\region\c.3.23.mcc is not file
[27Nov2025 12:51:00.461] [IO-Worker-3/WARN] [net.minecraft.world.level.chunk.storage.RegionFile/]: Chunk has both internal and external streams
[27Nov2025 12:51:00.462] [IO-Worker-3/ERROR] [net.minecraft.world.level.chunk.storage.RegionFile/]: External chunk path .\saves\New World\region\c.4.23.mcc is not file
[27Nov2025 12:51:00.462] [IO-Worker-4/WARN] [net.minecraft.world.level.chunk.storage.RegionFile/]: Chunk has both internal and external streams
[27Nov2025 12:51:00.462] [IO-Worker-4/ERROR] [net.minecraft.world.level.chunk.storage.RegionFile/]: External chunk path .\saves\New World\region\c.5.23.mcc is not file
[27Nov2025 12:51:00.462] [IO-Worker-4/WARN] [net.minecraft.world.level.chunk.storage.RegionFile/]: Chunk has both internal and external streams
[27Nov2025 12:51:00.462] [IO-Worker-4/ERROR] [net.minecraft.world.level.chunk.storage.RegionFile/]: External chunk path .\saves\New World\region\c.7.23.mcc is not file
[27Nov2025 12:51:00.462] [IO-Worker-3/WARN] [net.minecraft.world.level.chunk.storage.RegionFile/]: Chunk has both internal and external streams
[27Nov2025 12:51:00.462] [IO-Worker-3/ERROR] [net.minecraft.world.level.chunk.storage.RegionFile/]: External chunk path .\saves\New World\region\c.8.23.mcc is not file
[27Nov2025 12:51:00.463] [IO-Worker-4/WARN] [net.minecraft.world.level.chunk.storage.RegionFile/]: Chunk has both internal and external streams
[27Nov2025 12:51:00.463] [IO-Worker-4/ERROR] [net.minecraft.world.level.chunk.storage.RegionFile/]: External chunk path .\saves\New World\region\c.11.23.mcc is not file
[27Nov2025 12:51:00.463] [IO-Worker-4/WARN] [net.minecraft.world.level.chunk.storage.RegionFile/]: Chunk has both internal and external streams
[27Nov2025 12:51:00.463] [IO-Worker-4/ERROR] [net.minecraft.world.level.chunk.storage.RegionFile/]: External chunk path .\saves\New World\region\c.-5.23.mcc is not file
[27Nov2025 12:51:00.463] [IO-Worker-4/WARN] [net.minecraft.world.level.chunk.storage.RegionFile/]: Chunk has both internal and external streams
[27Nov2025 12:51:00.463] [IO-Worker-4/ERROR] [net.minecraft.world.level.chunk.storage.RegionFile/]: External chunk path .\saves\New World\region\c.1.24.mcc is not file
[27Nov2025 12:51:00.463] [IO-Worker-3/WARN] [net.minecraft.world.level.chunk.storage.RegionFile/]: Chunk has both internal and external streams
[27Nov2025 12:51:00.463] [IO-Worker-3/ERROR] [net.minecraft.world.level.chunk.storage.RegionFile/]: External chunk path .\saves\New World\region\c.2.24.mcc is not file
[27Nov2025 12:51:00.465] [IO-Worker-3/WARN] [net.minecraft.world.level.chunk.storage.RegionFile/]: Chunk has both internal and external streams
[27Nov2025 12:51:00.465] [IO-Worker-3/ERROR] [net.minecraft.world.level.chunk.storage.RegionFile/]: External chunk path .\saves\New World\region\c.4.24.mcc is not file
[27Nov2025 12:51:00.465] [IO-Worker-3/WARN] [net.minecraft.world.level.chunk.storage.RegionFile/]: Chunk has both internal and external streams
[27Nov2025 12:51:00.465] [IO-Worker-3/ERROR] [net.minecraft.world.level.chunk.storage.RegionFile/]: External chunk path .\saves\New World\region\c.6.24.mcc is not file
[27Nov2025 12:51:00.465] [IO-Worker-4/WARN] [net.minecraft.world.level.chunk.storage.RegionFile/]: Chunk has both internal and external streams
[27Nov2025 12:51:00.465] [IO-Worker-4/ERROR] [net.minecraft.world.level.chunk.storage.RegionFile/]: External chunk path .\saves\New World\region\c.7.24.mcc is not file
[27Nov2025 12:51:00.465] [IO-Worker-4/WARN] [net.minecraft.world.level.chunk.storage.RegionFile/]: Chunk has both internal and external streams
[27Nov2025 12:51:00.465] [IO-Worker-4/ERROR] [net.minecraft.world.level.chunk.storage.RegionFile/]: External chunk path .\saves\New World\region\c.9.24.mcc is not file
[27Nov2025 12:51:00.465] [IO-Worker-3/WARN] [net.minecraft.world.level.chunk.storage.RegionFile/]: Chunk has both internal and external streams
[27Nov2025 12:51:00.466] [IO-Worker-3/ERROR] [net.minecraft.world.level.chunk.storage.RegionFile/]: External chunk path .\saves\New World\region\c.10.24.mcc is not file
[27Nov2025 12:51:00.466] [IO-Worker-3/WARN] [net.minecraft.world.level.chunk.storage.RegionFile/]: Chunk has both internal and external streams
[27Nov2025 12:51:00.466] [IO-Worker-3/ERROR] [net.minecraft.world.level.chunk.storage.RegionFile/]: External chunk path .\saves\New World\region\c.12.24.mcc is not file
[27Nov2025 12:51:00.467] [IO-Worker-3/WARN] [net.minecraft.world.level.chunk.storage.RegionFile/]: Chunk has both internal and external streams
[27Nov2025 12:51:00.467] [IO-Worker-3/ERROR] [net.minecraft.world.level.chunk.storage.RegionFile/]: External chunk path .\saves\New World\region\c.-5.24.mcc is not file
[27Nov2025 12:51:00.467] [IO-Worker-3/WARN] [net.minecraft.world.level.chunk.storage.RegionFile/]: Chunk has both internal and external streams
[27Nov2025 12:51:00.468] [IO-Worker-3/ERROR] [net.minecraft.world.level.chunk.storage.RegionFile/]: External chunk path .\saves\New World\region\c.16.24.mcc is not file
[27Nov2025 12:51:00.473] [IO-Worker-3/WARN] [net.minecraft.world.level.chunk.storage.RegionFile/]: Chunk has both internal and external streams
[27Nov2025 12:51:00.473] [IO-Worker-3/ERROR] [net.minecraft.world.level.chunk.storage.RegionFile/]: External chunk path .\saves\New World\region\c.17.24.mcc is not file
[27Nov2025 12:51:00.473] [IO-Worker-4/WARN] [net.minecraft.world.level.chunk.storage.RegionFile/]: Chunk has both internal and external streams
[27Nov2025 12:51:00.473] [IO-Worker-4/ERROR] [net.minecraft.world.level.chunk.storage.RegionFile/]: External chunk path .\saves\New World\region\c.18.23.mcc is not file
[27Nov2025 12:51:00.473] [IO-Worker-3/WARN] [net.minecraft.world.level.chunk.storage.RegionFile/]: Chunk has both internal and external streams
[27Nov2025 12:51:00.474] [IO-Worker-3/ERROR] [net.minecraft.world.level.chunk.storage.RegionFile/]: External chunk path .\saves\New World\region\c.19.24.mcc is not file
[27Nov2025 12:51:00.509] [IO-Worker-3/WARN] [net.minecraft.world.level.chunk.storage.RegionFile/]: Chunk has both internal and external streams
[27Nov2025 12:51:00.509] [IO-Worker-3/ERROR] [net.minecraft.world.level.chunk.storage.RegionFile/]: External chunk path .\saves\New World\region\c.-14.23.mcc is not file
[27Nov2025 12:51:00.510] [IO-Worker-3/WARN] [net.minecraft.world.level.chunk.storage.RegionFile/]: Chunk has both internal and external streams
[27Nov2025 12:51:00.510] [IO-Worker-3/ERROR] [net.minecraft.world.level.chunk.storage.RegionFile/]: External chunk path .\saves\New World\region\c.-19.23.mcc is not file
[27Nov2025 12:51:00.603] [IO-Worker-4/WARN] [net.minecraft.world.level.chunk.storage.RegionFile/]: Chunk has both internal and external streams
[27Nov2025 12:51:00.603] [IO-Worker-4/ERROR] [net.minecraft.world.level.chunk.storage.RegionFile/]: External chunk path .\saves\New World\region\c.-23.13.mcc is not file
[27Nov2025 12:51:00.603] [IO-Worker-3/WARN] [net.minecraft.world.level.chunk.storage.RegionFile/]: Chunk has both internal and external streams
[27Nov2025 12:51:00.604] [IO-Worker-3/ERROR] [net.minecraft.world.level.chunk.storage.RegionFile/]: External chunk path .\saves\New World\region\c.-23.14.mcc is not file
[27Nov2025 12:51:00.604] [IO-Worker-2/WARN] [net.minecraft.world.level.chunk.storage.RegionFile/]: Chunk has both internal and external streams
[27Nov2025 12:51:00.604] [IO-Worker-2/ERROR] [net.minecraft.world.level.chunk.storage.RegionFile/]: External chunk path .\saves\New World\region\c.-23.23.mcc is not file
[27Nov2025 12:51:00.622] [IO-Worker-4/WARN] [net.minecraft.world.level.chunk.storage.RegionFile/]: Chunk has both internal and external streams
[27Nov2025 12:51:00.622] [IO-Worker-4/ERROR] [net.minecraft.world.level.chunk.storage.RegionFile/]: External chunk path .\saves\New World\region\c.21.24.mcc is not file
[27Nov2025 12:51:00.731] [IO-Worker-4/WARN] [net.minecraft.world.level.chunk.storage.RegionFile/]: Chunk has both internal and external streams
[27Nov2025 12:51:00.732] [IO-Worker-4/ERROR] [net.minecraft.world.level.chunk.storage.RegionFile/]: External chunk path .\saves\New World\region\c.22.23.mcc is not file
[27Nov2025 12:51:00.732] [IO-Worker-2/WARN] [net.minecraft.world.level.chunk.storage.RegionFile/]: Chunk has both internal and external streams
[27Nov2025 12:51:00.732] [IO-Worker-2/ERROR] [net.minecraft.world.level.chunk.storage.RegionFile/]: External chunk path .\saves\New World\region\c.22.24.mcc is not file
[27Nov2025 12:51:01.338] [IO-Worker-2/WARN] [net.minecraft.world.level.chunk.storage.RegionFile/]: Chunk has both internal and external streams
[27Nov2025 12:51:01.339] [IO-Worker-2/ERROR] [net.minecraft.world.level.chunk.storage.RegionFile/]: External chunk path .\saves\New World\region\c.23.4.mcc is not file
[27Nov2025 12:51:01.341] [IO-Worker-4/WARN] [net.minecraft.world.level.chunk.storage.RegionFile/]: Chunk has both internal and external streams
[27Nov2025 12:51:01.341] [IO-Worker-4/ERROR] [net.minecraft.world.level.chunk.storage.RegionFile/]: External chunk path .\saves\New World\region\c.23.6.mcc is not file
[27Nov2025 12:51:01.343] [IO-Worker-2/WARN] [net.minecraft.world.level.chunk.storage.RegionFile/]: Chunk has both internal and external streams
[27Nov2025 12:51:01.343] [IO-Worker-2/ERROR] [net.minecraft.world.level.chunk.storage.RegionFile/]: External chunk path .\saves\New World\region\c.23.11.mcc is not file
[27Nov2025 12:51:01.345] [IO-Worker-4/WARN] [net.minecraft.world.level.chunk.storage.RegionFile/]: Chunk has both internal and external streams
[27Nov2025 12:51:01.345] [IO-Worker-4/ERROR] [net.minecraft.world.level.chunk.storage.RegionFile/]: External chunk path .\saves\New World\region\c.23.16.mcc is not file
[27Nov2025 12:51:01.345] [IO-Worker-4/WARN] [net.minecraft.world.level.chunk.storage.RegionFile/]: Chunk has both internal and external streams
[27Nov2025 12:51:01.345] [IO-Worker-4/ERROR] [net.minecraft.world.level.chunk.storage.RegionFile/]: External chunk path .\saves\New World\region\c.23.18.mcc is not file
[27Nov2025 12:51:01.755] [Thread-15/INFO] [MinecraftCapes/]: Getting texture https://api.minecraftcapes.net/profile/ba4161c03a42496c8ae07d13372f3371
[27Nov2025 12:51:02.055] [IO-Worker-2/ERROR] [net.minecraft.world.level.chunk.storage.RegionFile/]: Chunk [24, 8] stream is truncated: expected 104449 but read 4091
[27Nov2025 12:51:02.056] [IO-Worker-2/WARN] [net.minecraft.world.level.chunk.storage.RegionFile/]: Chunk has both internal and external streams
[27Nov2025 12:51:02.056] [IO-Worker-2/ERROR] [net.minecraft.world.level.chunk.storage.RegionFile/]: External chunk path .\saves\New World\region\c.24.12.mcc is not file
[27Nov2025 12:51:02.057] [IO-Worker-4/WARN] [net.minecraft.world.level.chunk.storage.IOWorker/]: Failed to read chunk [24, 13]
java.util.zip.ZipException: invalid distance too far back
	at java.util.zip.InflaterInputStream.read(InflaterInputStream.java:164) ~[?:?]
	at net.minecraft.util.FastBufferedInputStream.fill(FastBufferedInputStream.java:94) ~[neoforge-20.3.8-beta.jar%23183!/:?]
	at net.minecraft.util.FastBufferedInputStream.read(FastBufferedInputStream.java:25) ~[neoforge-20.3.8-beta.jar%23183!/:?]
	at java.io.DataInputStream.readUnsignedByte(DataInputStream.java:288) ~[?:?]
	at java.io.DataInputStream.readByte(DataInputStream.java:268) ~[?:?]
	at net.minecraft.nbt.NbtIo.readUnnamedTag(NbtIo.java:174) ~[neoforge-20.3.8-beta.jar%23183!/:?]
	at net.minecraft.nbt.NbtIo.read(NbtIo.java:115) ~[neoforge-20.3.8-beta.jar%23183!/:?]
	at net.minecraft.nbt.NbtIo.read(NbtIo.java:111) ~[neoforge-20.3.8-beta.jar%23183!/:?]
	at net.minecraft.world.level.chunk.storage.RegionFileStorage.read(RegionFileStorage.java:57) ~[neoforge-20.3.8-beta.jar%23183!/:?]
	at net.minecraft.world.level.chunk.storage.IOWorker.lambda$loadAsync$4(IOWorker.java:144) ~[neoforge-20.3.8-beta.jar%23183!/:?]
	at net.minecraft.world.level.chunk.storage.IOWorker.lambda$submitTask$13(IOWorker.java:198) ~[neoforge-20.3.8-beta.jar%23183!/:?]
	at net.minecraft.util.thread.StrictQueue$IntRunnable.run(StrictQueue.java:77) ~[neoforge-20.3.8-beta.jar%23183!/:?]
	at net.minecraft.util.thread.ProcessorMailbox.pollTask(ProcessorMailbox.java:85) ~[neoforge-20.3.8-beta.jar%23183!/:?]
	at net.minecraft.util.thread.ProcessorMailbox.pollUntil(ProcessorMailbox.java:133) ~[neoforge-20.3.8-beta.jar%23183!/:?]
	at net.minecraft.util.thread.ProcessorMailbox.run(ProcessorMailbox.java:94) ~[neoforge-20.3.8-beta.jar%23183!/:?]
	at java.util.concurrent.ThreadPoolExecutor.runWorker(ThreadPoolExecutor.java:1136) ~[?:?]
	at java.util.concurrent.ThreadPoolExecutor$Worker.run(ThreadPoolExecutor.java:635) ~[?:?]
	at java.lang.Thread.run(Thread.java:840) ~[?:?]
[27Nov2025 12:51:02.058] [IO-Worker-3/WARN] [net.minecraft.world.level.chunk.storage.RegionFile/]: Chunk has both internal and external streams
[27Nov2025 12:51:02.058] [IO-Worker-3/ERROR] [net.minecraft.world.level.chunk.storage.RegionFile/]: External chunk path .\saves\New World\region\c.24.17.mcc is not file
[27Nov2025 12:51:02.058] [IO-Worker-2/WARN] [net.minecraft.world.level.chunk.storage.RegionFile/]: Chunk has both internal and external streams
[27Nov2025 12:51:02.058] [IO-Worker-2/ERROR] [net.minecraft.world.level.chunk.storage.RegionFile/]: External chunk path .\saves\New World\region\c.24.22.mcc is not file
[27Nov2025 12:51:02.058] [IO-Worker-3/WARN] [net.minecraft.world.level.chunk.storage.RegionFile/]: Chunk has both internal and external streams
[27Nov2025 12:51:02.058] [IO-Worker-3/ERROR] [net.minecraft.world.level.chunk.storage.RegionFile/]: External chunk path .\saves\New World\region\c.23.23.mcc is not file
[27Nov2025 12:51:02.059] [IO-Worker-2/WARN] [net.minecraft.world.level.chunk.storage.RegionFile/]: Chunk has both internal and external streams
[27Nov2025 12:51:02.059] [IO-Worker-2/ERROR] [net.minecraft.world.level.chunk.storage.RegionFile/]: External chunk path .\saves\New World\region\c.24.24.mcc is not file
[27Nov2025 12:51:02.137] [IO-Worker-3/WARN] [net.minecraft.world.level.chunk.storage.RegionFile/]: Chunk has both internal and external streams
[27Nov2025 12:51:02.138] [IO-Worker-3/ERROR] [net.minecraft.world.level.chunk.storage.RegionFile/]: External chunk path .\saves\New World\region\c.23.2.mcc is not file
[27Nov2025 12:51:02.140] [IO-Worker-2/WARN] [net.minecraft.world.level.chunk.storage.RegionFile/]: Chunk has both internal and external streams
[27Nov2025 12:51:02.140] [IO-Worker-2/ERROR] [net.minecraft.world.level.chunk.storage.RegionFile/]: External chunk path .\saves\New World\region\c.24.3.mcc is not file
[27Nov2025 12:51:02.142] [IO-Worker-3/WARN] [net.minecraft.world.level.chunk.storage.RegionFile/]: Chunk has both internal and external streams
[27Nov2025 12:51:02.142] [IO-Worker-3/ERROR] [net.minecraft.world.level.chunk.storage.RegionFile/]: External chunk path .\saves\New World\region\c.25.0.mcc is not file
[27Nov2025 12:51:02.142] [IO-Worker-2/WARN] [net.minecraft.world.level.chunk.storage.RegionFile/]: Chunk has both internal and external streams
[27Nov2025 12:51:02.143] [IO-Worker-2/ERROR] [net.minecraft.world.level.chunk.storage.RegionFile/]: External chunk path .\saves\New World\region\c.25.5.mcc is not file
[27Nov2025 12:51:02.143] [IO-Worker-3/WARN] [net.minecraft.world.level.chunk.storage.RegionFile/]: Chunk has both internal and external streams
[27Nov2025 12:51:02.143] [IO-Worker-3/ERROR] [net.minecraft.world.level.chunk.storage.RegionFile/]: External chunk path .\saves\New World\region\c.25.7.mcc is not file
[27Nov2025 12:51:02.146] [IO-Worker-3/WARN] [net.minecraft.world.level.chunk.storage.RegionFile/]: Chunk has both internal and external streams
[27Nov2025 12:51:02.146] [IO-Worker-3/ERROR] [net.minecraft.world.level.chunk.storage.RegionFile/]: External chunk path .\saves\New World\region\c.25.9.mcc is not file
[27Nov2025 12:51:02.147] [IO-Worker-2/WARN] [net.minecraft.world.level.chunk.storage.RegionFile/]: Chunk has both internal and external streams
[27Nov2025 12:51:02.147] [IO-Worker-2/ERROR] [net.minecraft.world.level.chunk.storage.RegionFile/]: External chunk path .\saves\New World\region\c.25.10.mcc is not file
[27Nov2025 12:51:02.156] [IO-Worker-3/WARN] [net.minecraft.world.level.chunk.storage.RegionFile/]: Chunk has both internal and external streams
[27Nov2025 12:51:02.156] [IO-Worker-3/ERROR] [net.minecraft.world.level.chunk.storage.RegionFile/]: External chunk path .\saves\New World\region\c.25.13.mcc is not file
[27Nov2025 12:51:02.158] [IO-Worker-2/WARN] [net.minecraft.world.level.chunk.storage.RegionFile/]: Chunk has both internal and external streams
[27Nov2025 12:51:02.158] [IO-Worker-2/ERROR] [net.minecraft.world.level.chunk.storage.RegionFile/]: External chunk path .\saves\New World\region\c.25.14.mcc is not file
[27Nov2025 12:51:02.205] [IO-Worker-3/WARN] [net.minecraft.world.level.chunk.storage.RegionFile/]: Chunk has both internal and external streams
[27Nov2025 12:51:02.205] [IO-Worker-3/ERROR] [net.minecraft.world.level.chunk.storage.RegionFile/]: External chunk path .\saves\New World\region\c.25.15.mcc is not file
[27Nov2025 12:51:02.207] [IO-Worker-2/WARN] [net.minecraft.world.level.chunk.storage.RegionFile/]: Chunk has both internal and external streams
[27Nov2025 12:51:02.208] [IO-Worker-2/ERROR] [net.minecraft.world.level.chunk.storage.RegionFile/]: External chunk path .\saves\New World\region\c.25.16.mcc is not file
[27Nov2025 12:51:02.212] [IO-Worker-2/WARN] [net.minecraft.world.level.chunk.storage.RegionFile/]: Chunk has both internal and external streams
[27Nov2025 12:51:02.212] [IO-Worker-2/ERROR] [net.minecraft.world.level.chunk.storage.RegionFile/]: External chunk path .\saves\New World\region\c.25.18.mcc is not file
[27Nov2025 12:51:02.269] [Thread-15/ERROR] [MinecraftCapes/]: IOException with C:\Users\james\IdeaProjects\minecraftcapes-mod-all\build-1.20.3\neoforge\runs\client\config\minecraftcapes\capes\bb\bb562f3527cfbd29770460a2ad154332c36b2efc4b8069f236879108e0103b6a
[27Nov2025 12:51:02.269] [Thread-15/ERROR] [MinecraftCapes/]: Bad PNG Signature
[27Nov2025 12:51:02.269] [Thread-15/INFO] [MinecraftCapes/]: Getting texture https://api.minecraftcapes.net/api/texture/bb562f3527cfbd29770460a2ad154332c36b2efc4b8069f236879108e0103b6a
[27Nov2025 12:51:02.309] [IO-Worker-3/WARN] [net.minecraft.world.level.chunk.storage.RegionFile/]: Chunk has both internal and external streams
[27Nov2025 12:51:02.309] [IO-Worker-3/ERROR] [net.minecraft.world.level.chunk.storage.RegionFile/]: External chunk path .\saves\New World\region\c.-5.25.mcc is not file
[27Nov2025 12:51:02.310] [IO-Worker-2/WARN] [net.minecraft.world.level.chunk.storage.RegionFile/]: Chunk has both internal and external streams
[27Nov2025 12:51:02.310] [IO-Worker-2/ERROR] [net.minecraft.world.level.chunk.storage.RegionFile/]: External chunk path .\saves\New World\region\c.0.25.mcc is not file
[27Nov2025 12:51:02.310] [IO-Worker-3/WARN] [net.minecraft.world.level.chunk.storage.RegionFile/]: Chunk has both internal and external streams
[27Nov2025 12:51:02.310] [IO-Worker-3/ERROR] [net.minecraft.world.level.chunk.storage.RegionFile/]: External chunk path .\saves\New World\region\c.1.25.mcc is not file
[27Nov2025 12:51:02.310] [IO-Worker-3/WARN] [net.minecraft.world.level.chunk.storage.RegionFile/]: Chunk has both internal and external streams
[27Nov2025 12:51:02.311] [IO-Worker-3/ERROR] [net.minecraft.world.level.chunk.storage.RegionFile/]: External chunk path .\saves\New World\region\c.3.25.mcc is not file
[27Nov2025 12:51:02.311] [IO-Worker-2/WARN] [net.minecraft.world.level.chunk.storage.RegionFile/]: Chunk has both internal and external streams
[27Nov2025 12:51:02.311] [IO-Worker-2/ERROR] [net.minecraft.world.level.chunk.storage.RegionFile/]: External chunk path .\saves\New World\region\c.6.25.mcc is not file
[27Nov2025 12:51:02.311] [IO-Worker-2/WARN] [net.minecraft.world.level.chunk.storage.RegionFile/]: Chunk has both internal and external streams
[27Nov2025 12:51:02.311] [IO-Worker-2/ERROR] [net.minecraft.world.level.chunk.storage.RegionFile/]: External chunk path .\saves\New World\region\c.8.25.mcc is not file
[27Nov2025 12:51:02.312] [IO-Worker-2/WARN] [net.minecraft.world.level.chunk.storage.RegionFile/]: Chunk has both internal and external streams
[27Nov2025 12:51:02.312] [IO-Worker-2/ERROR] [net.minecraft.world.level.chunk.storage.RegionFile/]: External chunk path .\saves\New World\region\c.12.25.mcc is not file
[27Nov2025 12:51:02.313] [IO-Worker-2/WARN] [net.minecraft.world.level.chunk.storage.RegionFile/]: Chunk has both internal and external streams
[27Nov2025 12:51:02.313] [IO-Worker-2/ERROR] [net.minecraft.world.level.chunk.storage.RegionFile/]: External chunk path .\saves\New World\region\c.13.25.mcc is not file
[27Nov2025 12:51:02.410] [Thread-15/ERROR] [MinecraftCapes/]: IOException with C:\Users\james\IdeaProjects\minecraftcapes-mod-all\build-1.20.3\neoforge\runs\client\config\minecraftcapes\ears\be\bec884affbdc6721115c1fffc68a858d593a13aa856ab08f1e88306d4eadf573
[27Nov2025 12:51:02.410] [Thread-15/ERROR] [MinecraftCapes/]: Bad PNG Signature
[27Nov2025 12:51:02.411] [Thread-15/INFO] [MinecraftCapes/]: Getting texture https://api.minecraftcapes.net/api/texture/bec884affbdc6721115c1fffc68a858d593a13aa856ab08f1e88306d4eadf573
[27Nov2025 12:51:02.505] [IO-Worker-2/WARN] [net.minecraft.world.level.chunk.storage.RegionFile/]: Chunk has both internal and external streams
[27Nov2025 12:51:02.505] [IO-Worker-2/ERROR] [net.minecraft.world.level.chunk.storage.RegionFile/]: External chunk path .\saves\New World\region\c.25.20.mcc is not file
[27Nov2025 12:51:02.512] [IO-Worker-4/WARN] [net.minecraft.world.level.chunk.storage.RegionFile/]: Chunk has both internal and external streams
[27Nov2025 12:51:02.512] [IO-Worker-4/ERROR] [net.minecraft.world.level.chunk.storage.RegionFile/]: External chunk path .\saves\New World\region\c.14.25.mcc is not file
[27Nov2025 12:51:02.513] [IO-Worker-2/WARN] [net.minecraft.world.level.chunk.storage.RegionFile/]: Chunk has both internal and external streams
[27Nov2025 12:51:02.513] [IO-Worker-2/ERROR] [net.minecraft.world.level.chunk.storage.RegionFile/]: External chunk path .\saves\New World\region\c.17.25.mcc is not file
[27Nov2025 12:51:02.513] [IO-Worker-4/WARN] [net.minecraft.world.level.chunk.storage.RegionFile/]: Chunk has both internal and external streams
[27Nov2025 12:51:02.513] [IO-Worker-4/ERROR] [net.minecraft.world.level.chunk.storage.RegionFile/]: External chunk path .\saves\New World\region\c.18.25.mcc is not file
[27Nov2025 12:51:02.514] [IO-Worker-2/WARN] [net.minecraft.world.level.chunk.storage.RegionFile/]: Chunk has both internal and external streams
[27Nov2025 12:51:02.514] [IO-Worker-2/ERROR] [net.minecraft.world.level.chunk.storage.RegionFile/]: External chunk path .\saves\New World\region\c.20.25.mcc is not file
[27Nov2025 12:51:02.518] [IO-Worker-2/WARN] [net.minecraft.world.level.chunk.storage.RegionFile/]: Chunk has both internal and external streams
[27Nov2025 12:51:02.518] [IO-Worker-2/ERROR] [net.minecraft.world.level.chunk.storage.RegionFile/]: External chunk path .\saves\New World\region\c.22.25.mcc is not file
[27Nov2025 12:51:02.614] [IO-Worker-4/WARN] [net.minecraft.world.level.chunk.storage.RegionFile/]: Chunk has both internal and external streams
[27Nov2025 12:51:02.615] [IO-Worker-4/ERROR] [net.minecraft.world.level.chunk.storage.RegionFile/]: External chunk path .\saves\New World\region\c.-24.14.mcc is not file
[27Nov2025 12:51:02.956] [IO-Worker-3/WARN] [net.minecraft.world.level.chunk.storage.RegionFile/]: Chunk has both internal and external streams
[27Nov2025 12:51:02.956] [IO-Worker-3/ERROR] [net.minecraft.world.level.chunk.storage.RegionFile/]: External chunk path .\saves\New World\region\c.-19.25.mcc is not file
[27Nov2025 12:51:02.961] [IO-Worker-1/WARN] [net.minecraft.world.level.chunk.storage.RegionFile/]: Chunk has both internal and external streams
[27Nov2025 12:51:02.962] [IO-Worker-1/ERROR] [net.minecraft.world.level.chunk.storage.RegionFile/]: External chunk path .\saves\New World\region\c.-24.24.mcc is not file
[27Nov2025 12:51:02.973] [IO-Worker-3/WARN] [net.minecraft.world.level.chunk.storage.RegionFile/]: Chunk has both internal and external streams
[27Nov2025 12:51:02.973] [IO-Worker-3/ERROR] [net.minecraft.world.level.chunk.storage.RegionFile/]: External chunk path .\saves\New World\region\c.25.22.mcc is not file
[27Nov2025 12:51:03.007] [IO-Worker-1/WARN] [net.minecraft.world.level.chunk.storage.RegionFile/]: Chunk has both internal and external streams
[27Nov2025 12:51:03.007] [IO-Worker-1/ERROR] [net.minecraft.world.level.chunk.storage.RegionFile/]: External chunk path .\saves\New World\region\c.25.23.mcc is not file
[27Nov2025 12:51:04.473] [Server thread/INFO] [net.minecraft.client.server.IntegratedServer/]: Saving and pausing game...
[27Nov2025 12:51:04.491] [Server thread/INFO] [net.minecraft.server.MinecraftServer/]: Saving chunks for level 'ServerLevel[New World]'/minecraft:overworld
[27Nov2025 12:51:04.510] [Server thread/INFO] [net.minecraft.server.MinecraftServer/]: Saving chunks for level 'ServerLevel[New World]'/minecraft:the_nether
[27Nov2025 12:51:04.514] [Server thread/INFO] [net.minecraft.server.MinecraftServer/]: Saving chunks for level 'ServerLevel[New World]'/minecraft:the_end
[27Nov2025 12:51:08.472] [Server thread/INFO] [net.minecraft.client.server.IntegratedServer/]: Saving and pausing game...
[27Nov2025 12:51:08.488] [Server thread/INFO] [net.minecraft.server.MinecraftServer/]: Saving chunks for level 'ServerLevel[New World]'/minecraft:overworld
[27Nov2025 12:51:08.495] [Server thread/INFO] [net.minecraft.server.MinecraftServer/]: Saving chunks for level 'ServerLevel[New World]'/minecraft:the_nether
[27Nov2025 12:51:08.495] [Server thread/INFO] [net.minecraft.server.MinecraftServer/]: Saving chunks for level 'ServerLevel[New World]'/minecraft:the_end
[27Nov2025 12:51:14.081] [Server thread/INFO] [net.minecraft.server.network.ServerGamePacketListenerImpl/]: james090500 lost connection: Disconnected
[27Nov2025 12:51:14.081] [Server thread/INFO] [net.minecraft.server.MinecraftServer/]: james090500 left the game
[27Nov2025 12:51:14.097] [Server thread/INFO] [net.minecraft.server.network.ServerCommonPacketListenerImpl/]: Stopping singleplayer server as player logged out
[27Nov2025 12:51:14.136] [Server thread/INFO] [net.minecraft.server.MinecraftServer/]: Stopping server
[27Nov2025 12:51:14.136] [Server thread/INFO] [net.minecraft.server.MinecraftServer/]: Saving players
[27Nov2025 12:51:14.136] [Server thread/INFO] [net.minecraft.server.MinecraftServer/]: Saving worlds
[27Nov2025 12:51:14.751] [Server thread/INFO] [net.minecraft.server.MinecraftServer/]: Saving chunks for level 'ServerLevel[New World]'/minecraft:overworld
[27Nov2025 12:51:14.815] [Server thread/INFO] [net.minecraft.server.MinecraftServer/]: Saving chunks for level 'ServerLevel[New World]'/minecraft:the_nether
[27Nov2025 12:51:14.816] [Server thread/INFO] [net.minecraft.server.MinecraftServer/]: Saving chunks for level 'ServerLevel[New World]'/minecraft:the_end
[27Nov2025 12:51:14.823] [Server thread/INFO] [net.minecraft.server.MinecraftServer/]: ThreadedAnvilChunkStorage (New World): All chunks are saved
[27Nov2025 12:51:14.823] [Server thread/INFO] [net.minecraft.server.MinecraftServer/]: ThreadedAnvilChunkStorage (DIM-1): All chunks are saved
[27Nov2025 12:51:14.823] [Server thread/INFO] [net.minecraft.server.MinecraftServer/]: ThreadedAnvilChunkStorage (DIM1): All chunks are saved
[27Nov2025 12:51:14.823] [Server thread/INFO] [net.minecraft.server.MinecraftServer/]: ThreadedAnvilChunkStorage: All dimensions are saved
[27Nov2025 12:51:16.787] [Render thread/INFO] [net.minecraft.client.Minecraft/]: Stopping!
